tradeDate,sym,onHigh,onLow,onRange,onClose,rthOpen,rthHigh,rthLow,rthClose,rthVol,gap,prevRthClose,gapFillMin,onHiBreakMin,onLoBreakMin,bothBroke,firstBreak,ibHigh,ibLow,ibRange,ibHiBreakMin,ibLoBreakMin,atr20
2021-01-18,NQH1,12816.75,12727.00,89.75,12800.00,12800.25,12815.25,12784.25,12814.00,19817,,,,,,0,0,12815.00,12784.25,30.75,86,,31.00
2021-01-19,NQH1,12949.00,12810.75,138.25,12895.75,12896.50,13006.50,12849.25,12985.00,321328,82.50,12814.00,,208,,0,1,12930.25,12857.75,72.50,186,105,94.13
2021-01-20,NQH1,13138.50,13017.00,121.50,13137.00,13137.00,13327.00,13121.00,13285.50,335881,152.00,12985.00,,0,,0,1,13238.00,13121.00,117.00,63,,131.42
2021-01-21,NQH1,13392.00,13288.00,104.00,13339.75,13340.00,13423.50,13283.25,13397.25,324436,54.50,13285.50,12,94,12,1,-1,13377.50,13283.25,94.25,76,,133.63
2021-01-22,NQH1,13402.25,13300.25,102.00,13348.00,13347.75,13397.00,13323.00,13355.25,309701,-49.50,13397.25,,,,0,0,13391.75,13327.75,64.00,367,69,121.70
2021-01-25,NQH1,13508.00,13368.75,139.25,13497.75,13497.75,13554.50,13189.00,13474.50,553625,142.50,13355.25,90,1,89,1,1,13554.50,13496.00,58.50,,66,162.33
2021-01-26,NQH1,13497.00,13380.25,116.75,13493.50,13493.25,13533.00,13426.75,13484.75,387218,18.75,13474.50,8,0,,0,1,13509.25,13426.75,82.50,79,,154.32
2021-01-27,NQH1,13586.50,13352.00,234.50,13389.25,13389.50,13389.50,13021.00,13119.75,600643,-95.25,13484.75,,,1,0,-1,13389.50,13171.25,218.25,,303,181.09
2021-01-28,NQH1,13189.25,12906.25,283.00,13155.00,13155.25,13394.00,13128.25,13185.75,397949,35.50,13119.75,,6,,0,1,13279.00,13128.25,150.75,79,,190.50
2021-01-29,NQH1,13188.00,12933.50,254.50,13110.25,13110.50,13157.25,12829.00,12913.75,519640,-75.25,13185.75,,,174,0,-1,13157.00,12998.00,159.00,61,113,204.28
2021-02-01,NQH1,13084.00,12727.25,356.75,13051.50,13051.50,13271.50,12970.25,13230.50,376122,137.75,12913.75,,4,,0,1,13104.00,12970.25,133.75,65,,213.09
2021-02-02,NQH1,13378.50,13230.50,148.00,13352.25,13352.25,13493.50,13345.00,13448.50,337654,121.75,13230.50,,5,,0,1,13437.50,13345.00,92.50,135,,207.71
2021-02-03,NQH1,13584.50,13475.75,108.75,13531.00,13531.50,13547.75,13386.75,13388.75,388062,83.00,13448.50,44,,3,0,-1,13547.75,13393.50,154.25,,68,204.12
2021-02-04,NQH1,13463.50,13345.25,118.25,13449.50,13449.00,13552.50,13391.75,13550.50,297496,60.25,13388.75,,1,,0,1,13480.25,13391.75,88.50,187,,201.02
2021-02-05,NQH1,13618.75,13528.25,90.50,13590.00,13590.00,13638.50,13519.50,13596.50,335437,39.50,13550.50,5,194,49,1,-1,13593.25,13519.50,73.75,168,,195.55
2021-02-08,NQH1,13687.25,13605.25,82.00,13666.50,13666.25,13693.00,13596.00,13684.75,306494,69.75,13596.50,132,39,127,1,1,13693.00,13632.75,60.25,,119,189.39
2021-02-09,NQH1,13698.00,13634.00,64.00,13645.25,13645.75,13735.25,13645.25,13680.50,294235,-39.00,13684.75,16,27,,0,1,13727.75,13645.25,82.50,63,,183.54
2021-02-10,NQH1,13769.25,13679.00,90.25,13742.75,13742.75,13762.00,13516.75,13650.00,455075,62.25,13680.50,50,,50,0,-1,13762.00,13562.25,199.75,,74,186.97
2021-02-11,NQH1,13724.75,13612.50,112.25,13717.50,13717.25,13743.75,13624.50,13725.75,417112,67.25,13650.00,179,0,,0,1,13738.75,13682.00,56.75,81,170,183.41
2021-02-12,NQH1,13742.00,13663.25,78.75,13693.00,13693.50,13810.25,13646.00,13804.00,315785,-32.25,13725.75,78,103,5,1,-1,13709.50,13646.00,63.50,69,,182.45
2021-02-15,NQH1,13866.75,13810.00,56.75,13851.00,13850.75,13878.25,13848.25,13872.00,21515,46.75,13804.00,,193,,0,1,13862.50,13848.25,14.25,67,,182.40
2021-02-16,NQH1,13900.50,13831.25,69.25,13835.75,13835.75,13875.50,13716.00,13764.50,447155,-36.25,13872.00,62,,0,0,-1,13868.50,13811.50,57.00,61,99,182.51
2021-02-17,NQH1,13785.00,13626.25,158.75,13638.50,13638.50,13710.50,13543.00,13699.50,436194,-126.00,13764.50,,,4,0,-1,13692.50,13585.25,107.25,365,64,180.59
2021-02-18,NQH1,13723.25,13526.25,197.00,13544.00,13544.25,13669.50,13468.00,13637.75,425281,-155.25,13699.50,,,2,0,-1,13583.50,13471.50,112.00,228,63,183.65
2021-02-19,NQH1,13729.00,13550.00,179.00,13695.50,13695.50,13700.50,13534.75,13578.25,399956,57.75,13637.75,42,,219,0,-1,13700.50,13629.50,71.00,,170,188.24
2021-02-22,NQH1,13629.00,13364.50,264.50,13390.50,13391.25,13446.00,13218.50,13227.00,451309,-187.00,13578.25,,,5,0,-1,13446.00,13338.50,107.50,,62,181.34
2021-02-23,NQH1,13335.75,12946.50,389.25,13000.50,13001.00,13257.25,12757.25,13188.00,616688,-226.00,13227.00,356,,5,0,-1,13028.00,12757.25,270.75,60,,201.03
2021-02-24,NQH1,13295.50,13027.00,268.50,13074.50,13073.75,13309.00,12958.00,13295.25,407138,-114.25,13188.00,141,369,7,1,-1,13121.25,12958.00,163.25,95,,200.15
2021-02-25,NQH1,13353.75,13146.00,207.75,13180.25,13180.75,13290.00,12764.00,12826.25,672111,-114.50,13295.25,,,36,0,-1,13290.00,13121.50,168.50,,66,213.16
2021-02-26,NQH1,12980.75,12662.25,318.50,12952.50,12952.75,13089.50,12752.00,12893.25,525891,126.50,12826.25,39,2,,0,1,13032.00,12752.00,280.00,159,,213.63
2021-03-01,NQH1,13133.00,12946.25,186.75,13099.00,13099.25,13287.00,13040.50,13274.25,343913,206.00,12893.25,,50,,0,1,13148.75,13040.50,108.25,66,,210.89
2021-03-02,NQH1,13328.25,13161.75,166.50,13297.25,13297.50,13303.00,13048.25,13058.25,409338,23.25,13274.25,3,,60,0,-1,13303.00,13156.25,146.75,,60,216.20
2021-03-03,NQH1,13192.00,12964.25,227.75,13013.25,13012.75,13052.00,12675.25,12680.75,573035,-45.50,13058.25,,,11,0,-1,13052.00,12822.75,229.25,,61,226.99
2021-03-04,NQH1,12708.75,12511.25,197.50,12664.00,12664.25,12797.00,12306.50,12471.25,807664,-16.50,12680.75,1,2,50,1,1,12765.00,12508.75,256.25,93,201,243.47
2021-03-05,NQH1,12632.50,12304.50,328.00,12583.00,12582.75,12697.75,12207.25,12661.50,746754,111.50,12471.25,9,304,98,1,-1,12606.00,12345.25,260.75,237,60,262.05
2021-03-08,NQH1,12761.25,12376.00,385.25,12636.25,12635.25,12715.75,12281.75,12300.50,500746,-26.25,12661.50,13,,332,0,-1,12698.75,12526.75,172.00,60,141,278.90
2021-03-09,NQH1,12617.25,12326.00,291.25,12609.00,12609.25,12867.50,12587.00,12787.00,427144,308.75,12300.50,,0,,0,1,12767.75,12587.00,180.75,157,,288.43
2021-03-10,NQH1,12993.25,12703.00,290.25,12967.75,12967.75,12979.50,12720.00,12752.25,492608,180.75,12787.00,69,,,0,0,12979.50,12788.75,190.75,,69,289.14
2021-03-11,NQH1,13014.00,12724.25,289.75,12951.00,12951.50,13119.25,12912.50,13046.50,313480,199.25,12752.25,,80,,0,1,13007.00,12912.50,94.50,80,,293.51
2021-03-12,NQH1,13095.00,12785.75,309.25,12870.75,12871.00,12943.75,12768.25,12937.25,238640,-175.50,13046.50,,,58,0,-1,12905.50,12774.25,131.25,181,87,294.07
2021-03-15,NQM1,13009.50,12872.00,137.50,12905.00,12905.75,13089.25,12871.25,13072.50,127196,-31.50,12937.25,39,172,8,1,-1,12945.25,12871.25,74.00,63,,303.48
2021-03-16,NQM1,13287.25,13048.25,239.00,13271.25,13271.50,13281.00,13077.25,13153.25,255482,199.00,13072.50,,,,0,0,13281.00,13169.25,111.75,,145,305.69
2021-03-17,NQM1,13173.75,12934.25,239.50,13005.50,13005.75,13271.00,12938.75,13170.00,303018,-147.50,13153.25,190,192,,0,1,13020.25,12938.75,81.50,150,,313.93
2021-03-18,NQM1,13267.00,12914.75,352.25,12971.75,12971.50,13008.50,12762.00,12790.00,299626,-198.50,13170.00,,,86,0,-1,13008.50,12927.75,80.75,,84,316.18
2021-03-19,NQM1,12898.25,12681.75,216.50,12798.25,12797.75,12891.25,12786.00,12825.50,230731,7.75,12790.00,1,,,0,0,12868.50,12786.00,82.50,65,,313.15
2021-03-22,NQM1,13085.75,12788.50,297.25,13075.75,13075.75,13157.00,13060.50,13062.00,193866,250.25,12825.50,,3,,0,1,13133.50,13068.00,65.50,60,269,306.60
2021-03-23,NQM1,13172.00,13002.50,169.50,13150.50,13150.50,13163.25,12979.00,13030.25,290708,88.50,13062.00,205,,234,0,-1,13163.25,13074.00,89.25,,138,290.81
2021-03-24,NQM1,13145.25,12910.75,234.50,13029.00,13029.50,13032.75,12784.00,12796.00,306325,-0.75,13030.25,0,,92,0,-1,13032.75,12949.50,83.25,,78,285.70
2021-03-25,NQM1,12859.50,12609.75,249.75,12666.00,12666.00,12821.50,12630.00,12792.00,355352,-130.00,12796.00,213,,,0,0,12768.25,12630.00,138.25,60,,268.98
2021-03-26,NQM1,12881.00,12676.25,204.75,12773.25,12773.25,12988.50,12701.00,12959.00,310463,-18.75,12792.00,4,261,,0,1,12847.75,12759.00,88.75,65,158,266.48
2021-03-29,NQM1,12978.00,12807.50,170.50,12880.75,12880.75,13003.00,12854.75,12964.25,242416,-78.25,12959.00,85,93,,0,1,12918.00,12854.75,63.25,72,,261.56
2021-03-30,NQM1,12984.00,12776.50,207.50,12874.75,12875.00,12916.25,12825.50,12890.25,215911,-89.25,12964.25,,,,0,0,12916.25,12831.00,85.25,,91,253.36
2021-03-31,NQM1,13126.75,12858.25,268.50,13101.00,13101.25,13158.00,13070.00,13089.00,219211,211.00,12890.25,,30,,0,1,13138.50,13090.50,48.00,62,191,238.93
2021-04-01,NQM1,13321.50,13090.25,231.25,13290.00,13290.00,13332.50,13260.00,13327.25,169526,201.00,13089.00,,276,,0,1,13299.00,13263.75,35.25,60,118,218.03
2021-04-05,NQM1,13538.25,13304.25,234.00,13525.50,13525.50,13615.00,13520.25,13600.50,153805,198.25,13327.25,,3,,0,1,13572.00,13520.25,51.75,61,,198.24
2021-04-06,NQM1,13646.00,13524.25,121.75,13632.00,13632.25,13655.00,13545.25,13583.25,199646,31.75,13600.50,92,15,,0,1,13655.00,13614.25,40.75,,60,182.03
2021-04-07,NQM1,13631.00,13512.50,118.50,13594.75,13595.00,13641.00,13560.75,13621.00,209824,11.75,13583.25,3,163,,0,1,13610.00,13563.50,46.50,152,60,172.01
2021-04-08,NQM1,13755.00,13615.50,139.50,13728.25,13728.75,13789.75,13713.25,13788.75,161941,107.75,13621.00,,271,,0,1,13746.75,13717.25,29.50,179,78,162.86
2021-04-09,NQM1,13841.75,13648.25,193.50,13723.25,13723.50,13839.75,13718.00,13811.00,194399,-65.25,13788.75,130,,,0,0,13778.50,13718.00,60.50,112,,158.61
2021-04-12,NQM1,13832.25,13732.00,100.25,13784.00,13784.00,13828.75,13754.25,13824.75,194086,-27.00,13811.00,65,,,0,0,13801.25,13754.25,47.00,61,,153.56
2021-04-13,NQM1,13948.75,13772.75,176.00,13911.00,13910.50,13994.00,13884.00,13975.50,212995,85.75,13824.75,,183,,0,1,13920.00,13884.00,36.00,62,,148.16
2021-04-14,NQM1,14029.00,13854.25,174.75,13881.00,13880.75,13917.75,13772.75,13827.25,355559,-94.75,13975.50,,,149,0,-1,13910.50,13867.00,43.50,71,125,145.22
2021-04-15,NQM1,14012.25,13789.25,223.00,13970.75,13970.75,14034.25,13943.25,13999.00,244379,143.50,13827.25,,91,,0,1,13981.75,13943.25,38.50,60,,133.16
2021-04-16,NQM1,14059.50,13952.75,106.75,13990.75,13990.75,14041.00,13987.50,14024.00,195376,-8.25,13999.00,3,,,0,0,14035.75,13987.50,48.25,75,,123.51
2021-04-19,NQM1,14052.25,13861.00,191.25,13924.00,13923.50,13926.25,13821.00,13894.00,285401,-100.50,14024.00,,,15,0,-1,13926.25,13843.00,83.25,,61,123.51
2021-04-20,NQM1,13933.75,13736.00,197.75,13753.25,13753.25,13817.00,13719.25,13735.00,251154,-140.75,13894.00,,,5,0,-1,13806.50,13719.25,87.25,253,,123.58
2021-04-21,NQM1,13852.75,13700.50,152.25,13847.25,13847.00,13926.50,13832.75,13891.25,188479,112.00,13735.00,,1,,0,1,13876.50,13845.50,31.00,240,65,119.05
2021-04-22,NQM1,13944.75,13855.50,89.25,13904.75,13904.50,13941.75,13701.75,13761.50,360936,13.25,13891.25,39,,101,0,-1,13927.25,13890.75,36.50,60,98,118.61
2021-04-23,NQM1,13917.00,13737.00,180.00,13909.00,13908.75,13981.00,13903.50,13903.50,195391,147.25,13761.50,,7,,0,1,13939.00,13908.25,30.75,74,318,112.91
2021-04-26,NQM1,13989.50,13865.50,124.00,13978.50,13978.50,14039.25,13954.50,14021.75,181605,75.00,13903.50,,136,,0,1,13986.00,13954.50,31.50,75,,102.78
2021-04-27,NQM1,14050.00,13912.50,137.50,13955.00,13955.00,13985.75,13939.25,13950.50,163185,-66.75,14021.75,,,,0,0,13975.25,13948.50,26.75,69,150,97.69
2021-04-28,NQM1,13981.00,13885.50,95.50,13915.50,13915.50,13993.50,13878.00,13968.75,252210,-35.00,13950.50,187,196,30,1,-1,13931.25,13878.00,53.25,152,,98.92
2021-04-29,NQM1,14064.00,13883.25,180.75,13926.75,13927.00,13980.75,13818.50,13945.25,267995,-41.75,13968.75,195,,26,0,-1,13928.25,13818.50,109.75,150,,102.64
2021-04-30,NQM1,13956.75,13819.75,137.00,13868.00,13868.25,13919.50,13825.00,13865.25,255834,-77.00,13945.25,,,,0,0,13919.50,13860.25,59.25,,137,103.74
2021-05-03,NQM1,13947.50,13775.75,171.75,13782.25,13782.25,13824.00,13772.00,13785.00,190261,-83.00,13865.25,,,75,0,-1,13824.00,13779.00,45.00,,75,101.60
2021-05-04,NQM1,13792.50,13416.00,376.50,13451.00,13451.00,13552.75,13380.75,13521.75,285814,-334.00,13785.00,,,13,0,-1,13459.75,13380.75,79.00,118,,104.71
2021-05-05,NQM1,13665.50,13507.75,157.75,13591.50,13591.25,13631.50,13462.75,13483.50,218650,69.50,13521.75,213,,225,0,-1,13631.50,13587.00,44.50,,69,109.14
2021-05-06,NQM1,13570.50,13388.75,181.75,13493.25,13493.75,13611.50,13466.25,13605.75,247256,10.25,13483.50,163,56,,0,1,13582.00,13487.00,95.00,60,163,112.58
2021-05-07,NQM1,13818.00,13588.25,229.75,13793.50,13794.00,13801.50,13662.25,13715.50,215159,188.25,13605.75,,,,0,0,13801.50,13740.25,61.25,,60,113.45
2021-05-10,NQM1,13752.00,13453.25,298.75,13494.25,13494.75,13543.25,13305.50,13311.50,296036,-220.75,13715.50,,,152,0,-1,13543.25,13478.25,65.00,,126,121.61
2021-05-11,NQM1,13344.50,13065.25,279.25,13309.75,13309.50,13375.75,13247.75,13317.00,301037,-2.00,13311.50,0,118,,0,1,13339.25,13274.25,65.00,117,78,122.51
2021-05-12,NQM1,13351.75,13036.00,315.75,13071.00,13070.75,13089.25,12959.75,12965.25,343535,-246.25,13317.00,,,9,0,-1,13074.75,12980.00,94.75,92,263,121.74
2021-05-13,NQM1,13223.75,12915.00,308.75,13096.75,13096.75,13169.50,12997.25,13091.25,325027,131.50,12965.25,,,,0,0,13133.25,13058.00,75.25,60,92,125.80
2021-05-14,NQM1,13341.50,13071.00,270.50,13332.25,13332.75,13426.25,13326.00,13398.00,193559,241.50,13091.25,,5,,0,1,13364.00,13326.00,38.00,87,,128.14
2021-05-17,NQM1,13448.50,13237.50,211.00,13263.50,13264.00,13316.75,13182.75,13312.00,205237,-134.00,13398.00,,,21,0,-1,13274.75,13219.00,55.75,216,104,129.57
2021-05-18,NQM1,13432.25,13290.00,142.25,13372.00,13371.75,13375.50,13178.50,13188.75,204849,59.75,13312.00,174,,184,0,-1,13375.50,13326.25,49.25,,153,134.54
2021-05-19,NQM1,13223.00,12954.25,268.75,13125.50,13125.50,13243.00,13096.00,13218.75,284552,-63.25,13188.75,98,174,,0,1,13170.75,13096.00,74.75,73,,137.20
2021-05-20,NQM1,13471.75,13150.75,321.00,13469.50,13469.75,13522.75,13444.00,13489.25,204445,251.00,13218.75,,5,,0,1,13503.75,13455.50,48.25,205,67,129.14
2021-05-21,NQM1,13570.00,13436.25,133.75,13439.75,13440.00,13463.75,13395.75,13414.00,194503,-49.25,13489.25,,,0,0,-1,13463.75,13405.25,58.50,,84,128.66
2021-05-24,NQM1,13654.75,13356.50,298.25,13644.75,13644.50,13686.00,13629.00,13649.50,147708,230.50,13414.00,,14,,0,1,13664.00,13634.75,29.25,137,71,127.28
2021-05-25,NQM1,13738.75,13624.25,114.50,13633.75,13633.25,13671.25,13606.75,13668.25,191601,-16.25,13649.50,40,,2,0,-1,13652.50,13606.75,45.75,62,,128.18
2021-05-26,NQM1,13728.50,13656.00,72.50,13700.25,13700.25,13724.75,13675.75,13702.75,144062,32.00,13668.25,,,,0,0,13724.75,13679.50,45.25,,143,124.85
2021-05-27,NQM1,13720.75,13620.25,100.50,13691.00,13691.00,13713.50,13646.75,13692.75,154573,-11.75,13702.75,12,,,0,0,13713.50,13678.25,35.25,,153,120.08
2021-05-28,NQM1,13739.75,13662.75,77.00,13724.50,13724.50,13763.50,13682.00,13686.50,170153,31.75,13692.75,265,11,,0,1,13763.50,13723.75,39.75,,119,119.42
2021-05-31,NQM1,13719.50,13657.00,62.50,13663.50,13663.75,13674.50,13651.50,13654.75,4641,-22.75,13686.50,,,59,0,-1,13674.50,13651.50,23.00,,,117.97
2021-06-01,NQM1,13773.00,13592.25,180.75,13648.25,13648.25,13693.25,13636.00,13647.50,150791,-6.50,13654.75,6,,,0,0,13666.75,13639.25,27.50,73,112,112.24
2021-06-02,NQM1,13712.75,13616.75,96.00,13697.00,13697.00,13706.00,13603.25,13677.00,165739,49.50,13647.50,112,,138,0,-1,13706.00,13656.00,50.00,,112,108.94
2021-06-03,NQM1,13707.75,13462.25,245.50,13568.25,13568.00,13594.00,13517.25,13530.25,202689,-109.00,13677.00,,,,0,0,13574.75,13527.00,47.75,90,256,105.51
2021-06-04,NQM1,13769.50,13467.75,301.75,13764.50,13764.25,13783.75,13746.50,13763.25,146029,234.00,13530.25,,132,,0,1,13765.75,13746.50,19.25,62,,100.41
2021-06-07,NQM1,13784.75,13691.50,93.25,13724.25,13724.50,13824.00,13717.00,13822.75,146278,-38.75,13763.25,75,208,,0,1,13762.75,13717.00,45.75,75,,93.88
2021-06-08,NQM1,13917.25,13741.75,175.50,13770.25,13770.00,13838.00,13753.00,13812.75,161362,-52.75,13822.75,86,,,0,0,13807.50,13753.00,54.50,61,,91.72
2021-06-09,NQM1,13904.25,13803.50,100.75,13851.25,13851.25,13876.25,13808.50,13811.50,147681,38.50,13812.75,253,,,0,0,13859.00,13817.25,41.75,61,241,88.64
2021-06-10,NQM1,13964.75,13726.00,238.75,13905.75,13905.50,13976.50,13895.25,13973.50,153491,94.00,13811.50,,270,,0,1,13935.50,13895.25,40.25,69,,84.09
2021-06-11,NQM1,13997.75,13932.25,65.50,13971.25,13971.50,13996.75,13938.25,13992.75,65569,-2.00,13973.50,152,,,0,0,13973.00,13942.00,31.00,152,71,82.00
2021-06-14,NQU1,14043.25,13957.00,86.25,14030.00,14030.00,14126.00,14015.50,14109.75,132330,37.25,13992.75,,37,,0,1,14054.25,14015.50,38.75,132,,80.83
2021-06-15,NQU1,14155.25,14044.50,110.75,14049.75,14050.00,14065.25,14000.75,14037.75,162983,-59.75,14109.75,,,2,0,-1,14065.25,14027.50,37.75,,105,74.20
2021-06-16,NQU1,14095.75,14018.50,77.25,14050.00,14049.75,14052.75,13830.25,13930.75,359861,12.00,14037.75,3,,36,0,-1,14052.75,13975.75,77.00,,150,77.97
2021-06-17,NQU1,14164.00,13841.75,322.25,14160.00,14159.75,14199.00,14060.00,14177.00,294465,229.00,13930.75,,0,,0,1,14191.50,14067.50,124.00,223,60,80.99
2021-06-18,NQU1,14204.75,14014.50,190.25,14015.00,14014.50,14109.25,14010.00,14017.75,230410,-162.50,14177.00,,,0,0,-1,14089.00,14010.00,79.00,60,,82.55
2021-06-21,NQU1,14133.00,13958.50,174.50,14105.75,14106.25,14144.00,14092.00,14137.50,162040,88.50,14017.75,,130,,0,1,14124.50,14092.00,32.50,67,,82.30
2021-06-22,NQU1,14215.00,14066.50,148.50,14206.75,14207.00,14279.25,14195.00,14268.50,165985,69.50,14137.50,,41,,0,1,14229.75,14195.00,34.75,60,,83.29
2021-06-23,NQU1,14315.75,14239.00,76.75,14270.75,14271.00,14293.75,14231.75,14274.25,145430,2.50,14268.50,0,,69,0,-1,14290.25,14258.25,32.00,239,67,83.94
2021-06-24,NQU1,14411.75,14270.00,141.75,14395.50,14395.25,14422.00,14327.25,14359.00,205857,121.00,14274.25,,43,,0,1,14422.00,14378.50,43.50,,81,85.34
2021-06-25,NQU1,14394.25,14313.25,81.00,14354.50,14354.75,14365.50,14317.75,14331.00,155520,-4.25,14359.00,2,,,0,0,14365.50,14321.25,44.25,,126,83.65
2021-06-28,NQU1,14488.00,14333.25,154.75,14474.75,14475.00,14519.75,14457.75,14502.75,164482,144.00,14331.00,,54,,0,1,14495.00,14465.00,30.00,202,97,85.60
2021-06-29,NQU1,14532.50,14468.75,63.75,14513.50,14513.25,14584.75,14507.25,14582.75,148087,10.50,14502.75,,49,,0,1,14547.50,14507.25,40.25,60,,86.61
2021-06-30,NQU1,14598.50,14519.75,78.75,14548.75,14549.25,14570.00,14518.25,14555.50,159179,-33.50,14582.75,,,61,0,-1,14560.00,14521.00,39.00,245,60,84.06
2021-07-01,NQU1,14606.25,14471.00,135.25,14491.50,14492.00,14553.25,14488.00,14540.00,179287,-63.50,14555.50,,,,0,0,14524.00,14490.00,34.00,126,83,83.49
2021-07-02,NQU1,14665.25,14513.25,152.00,14636.50,14636.50,14729.00,14634.00,14701.00,157654,96.50,14540.00,,24,,0,1,14677.00,14634.00,43.00,65,,86.38
2021-07-05,NQU1,14721.75,14674.50,47.25,14696.50,14696.50,14698.25,14689.25,14693.25,3110,-4.50,14701.00,,,,0,0,14698.25,14692.50,5.75,,82,81.47
2021-07-06,NQU1,14790.00,14671.00,119.00,14738.50,14738.75,14784.00,14625.25,14763.75,232025,45.50,14693.25,37,,39,0,-1,14746.00,14625.25,120.75,169,,85.16
2021-07-07,NQU1,14883.75,14726.25,157.50,14766.50,14766.50,14829.00,14744.00,14810.25,178957,2.75,14763.75,0,,,0,0,14829.00,14744.00,85.00,,,86.03
2021-07-08,NQU1,14822.00,14540.50,281.50,14645.00,14645.25,14755.00,14614.75,14713.00,220447,-165.00,14810.25,,,,0,0,14697.50,14614.75,82.75,60,,88.97
2021-07-09,NQU1,14799.00,14640.75,158.25,14796.75,14796.75,14832.00,14789.50,14814.25,151879,83.75,14713.00,,0,,0,1,14814.00,14789.50,24.50,67,,88.17
2021-07-12,NQU1,14888.50,14785.00,103.50,14828.25,14828.25,14883.00,14822.25,14876.00,121542,14.00,14814.25,,,,0,0,14848.75,14824.50,24.25,159,139,85.69
2021-07-13,NQU1,14991.50,14794.50,197.00,14989.75,14989.50,14994.75,14833.50,14865.00,244978,113.50,14876.00,129,0,,0,1,14994.75,14972.25,22.50,,92,90.53
2021-07-14,NQU1,14996.00,14841.25,154.75,14918.75,14918.75,14947.75,14862.00,14896.75,225487,53.75,14865.00,29,,,0,0,14931.50,14862.00,69.50,61,,83.69
2021-07-15,NQU1,14962.75,14753.00,209.75,14818.00,14818.00,14830.00,14708.25,14776.50,286246,-78.75,14896.75,,,33,0,-1,14830.00,14732.75,97.25,,124,82.83
2021-07-16,NQU1,14869.50,14710.25,159.25,14710.50,14710.25,14783.00,14656.00,14668.50,239577,-66.25,14776.50,98,,0,0,-1,14770.75,14695.75,75.00,96,211,84.21
2021-07-19,NQU1,14682.50,14445.00,237.50,14533.00,14533.50,14597.50,14447.25,14592.25,302452,-135.00,14668.50,,,,0,0,14574.50,14496.00,78.50,293,61,89.13
2021-07-20,NQU1,14678.50,14516.75,161.75,14662.00,14662.00,14782.50,14658.50,14726.75,223069,69.75,14592.25,,11,,0,1,14724.00,14658.50,65.50,62,,91.11
2021-07-21,NQU1,14785.75,14668.25,117.50,14774.25,14774.00,14839.50,14735.00,14838.25,152168,47.25,14726.75,,141,,0,1,14781.00,14754.00,27.00,133,70,93.24
2021-07-22,NQU1,14923.25,14826.75,96.50,14894.50,14894.50,14982.75,14850.50,14977.00,195805,56.25,14838.25,,209,,0,1,14909.50,14850.50,59.00,122,,95.11
2021-07-23,NQU1,15059.25,14934.25,125.00,15057.75,15057.75,15117.25,15057.00,15091.25,200619,80.75,14977.00,,0,,0,1,15081.75,15057.00,24.75,76,,95.74
2021-07-26,NQU1,15126.25,15038.75,87.50,15106.00,15106.25,15134.00,15083.75,15124.50,144913,15.00,15091.25,69,26,,0,1,15134.00,15102.00,32.00,,62,95.15
2021-07-27,NQU1,15131.50,14849.50,282.00,14871.25,14871.25,14968.75,14774.25,14884.75,333472,-253.25,15124.50,,,4,0,-1,14871.25,14803.25,68.00,170,104,101.00
2021-07-28,NQU1,15074.50,14866.00,208.50,15015.50,15015.25,15041.00,14921.75,14984.75,251322,130.50,14884.75,,,,0,0,15033.00,14985.50,47.50,198,99,104.38
2021-07-29,NQU1,15084.00,14944.50,139.50,15069.75,15069.75,15079.50,14905.00,14909.75,173688,85.00,14984.75,272,,303,0,-1,15079.50,15047.75,31.75,,76,109.84
2021-07-30,NQU1,14980.00,14811.25,168.75,14937.50,14937.50,14979.00,14910.25,14966.50,195417,27.75,14909.75,,,,0,0,14963.75,14910.25,53.50,76,,108.53
2021-08-02,NQU1,15056.25,14935.75,120.50,15043.00,15043.00,15051.50,14932.25,14959.75,190970,76.50,14966.50,38,,260,0,-1,15051.50,14961.50,90.00,,236,114.04
2021-08-03,NQU1,15008.75,14849.00,159.75,14888.25,14888.25,15050.00,14885.75,15035.00,221700,-71.50,14959.75,14,28,,0,1,15021.50,14885.75,135.75,90,,114.31
2021-08-04,NQU1,15073.75,14997.00,76.75,15025.00,15025.50,15108.00,15012.00,15081.50,186365,-9.50,15035.00,1,91,,0,1,15069.25,15012.00,57.25,91,,114.86
2021-08-05,NQU1,15166.50,15069.25,97.25,15151.00,15151.50,15172.50,15135.50,15171.75,131587,70.00,15081.50,,269,,0,1,15161.50,15137.25,24.25,153,93,109.70
2021-08-06,NQU1,15169.75,15047.25,122.50,15087.50,15087.25,15109.50,15071.25,15092.75,156628,-84.50,15171.75,,,,0,0,15106.25,15071.25,35.00,93,,109.49
2021-08-09,NQU1,15138.75,15003.25,135.50,15113.50,15113.75,15145.50,15101.50,15126.75,130551,21.00,15092.75,,181,,0,1,15127.00,15101.50,25.50,177,,108.65
2021-08-10,NQU1,15157.25,14994.50,162.75,15032.25,15032.50,15086.00,15020.50,15048.00,186943,-94.25,15126.75,,,,0,0,15086.00,15026.50,59.50,,160,103.86
2021-08-11,NQU1,15119.00,14963.00,156.00,14996.25,14996.25,15032.25,14964.50,15008.50,181503,-51.75,15048.00,,,,0,0,15015.00,14964.50,50.50,92,,102.96
2021-08-12,NQU1,15055.00,14941.25,113.75,15044.00,15043.75,15090.50,15033.00,15079.50,149543,35.25,15008.50,,3,,0,1,15073.50,15042.00,31.50,183,72,99.75
2021-08-13,NQU1,15141.75,15055.25,86.50,15111.75,15111.50,15130.00,15092.25,15122.00,146463,32.00,15079.50,,,,0,0,15115.50,15094.00,21.50,87,69,95.29
2021-08-16,NQU1,15123.00,14917.25,205.75,14958.25,14958.25,15139.00,14953.50,15135.00,258227,-163.75,15122.00,265,265,,0,1,15022.00,14953.50,68.50,84,,97.05
2021-08-17,NQU1,15133.75,14948.25,185.50,14983.00,14982.75,15003.50,14897.00,14969.25,342412,-152.25,15135.00,,,25,0,-1,15000.50,14928.50,72.00,270,71,96.17
2021-08-18,NQU1,15037.25,14951.50,85.75,14982.75,14983.00,15029.50,14806.50,14839.50,308849,13.75,14969.25,6,,163,0,-1,14995.25,14957.75,37.50,70,163,102.10
2021-08-19,NQU1,14940.50,14710.50,230.00,14912.25,14912.50,14999.00,14857.25,14943.75,319939,73.00,14839.50,,10,,0,1,14999.00,14912.50,86.50,,155,102.58
2021-08-20,NQU1,15098.00,14851.00,247.00,15049.25,15049.00,15100.00,15001.50,15095.00,209285,105.25,14943.75,,268,,0,1,15069.00,15001.50,67.50,78,,104.49
2021-08-23,NQU1,15277.75,15086.50,191.25,15272.00,15272.25,15337.50,15272.25,15328.25,187976,177.25,15095.00,,0,,0,1,15315.50,15272.25,43.25,60,,105.24
2021-08-24,NQU1,15384.00,15309.50,74.50,15341.25,15341.25,15372.50,15330.25,15363.50,142458,13.00,15328.25,,,,0,0,15362.25,15331.75,30.50,210,60,97.63
2021-08-25,NQU1,15397.00,15333.00,64.00,15360.50,15360.50,15383.50,15338.50,15367.25,172181,-3.00,15363.50,4,,,0,0,15366.75,15338.50,28.25,87,,93.91
2021-08-26,NQU1,15368.25,15255.25,113.00,15317.50,15318.25,15351.25,15263.25,15287.25,250285,-49.00,15367.25,,,,0,0,15351.25,15294.00,57.25,,206,89.59
2021-08-27,NQU1,15428.75,15265.50,163.25,15382.50,15382.50,15443.75,15381.75,15428.25,178455,95.25,15287.25,,112,,0,1,15422.00,15381.75,40.25,92,,89.25
2021-08-30,NQU1,15587.50,15420.00,167.50,15568.00,15568.00,15617.75,15566.50,15606.50,190545,139.75,15428.25,,16,,0,1,15597.50,15566.50,31.00,117,,85.85
2021-08-31,NQU1,15677.25,15517.75,159.50,15565.50,15565.25,15604.00,15557.75,15599.50,218916,-41.25,15606.50,,,,0,0,15593.50,15557.75,35.75,62,,79.95
2021-09-01,NQU1,15699.00,15578.50,120.50,15676.50,15676.25,15687.50,15603.00,15610.00,209040,76.75,15599.50,,,,0,0,15687.50,15669.00,18.50,125,172,79.38
2021-09-02,NQU1,15682.00,15600.50,81.50,15652.00,15651.75,15655.50,15551.75,15600.75,233498,41.75,15610.00,49,,114,0,-1,15655.50,15605.00,50.50,,69,82.71
2021-09-03,NQU1,15677.50,15552.25,125.25,15643.00,15642.75,15669.75,15628.50,15655.00,163319,42.00,15600.75,,,,0,0,15655.00,15628.50,26.50,94,,82.86
2021-09-06,NQU1,15708.75,15642.50,66.25,15701.50,15701.50,15704.00,15693.50,15701.25,4100,46.50,15655.00,,,,0,0,15702.25,15693.50,8.75,85,,81.19
2021-09-07,NQU1,15702.25,15606.75,95.50,15643.50,15643.50,15701.50,15639.25,15672.00,192423,-57.75,15701.25,79,,,0,0,15691.00,15639.25,51.75,60,,81.03
2021-09-08,NQU1,15691.00,15534.50,156.50,15583.25,15583.00,15625.75,15523.75,15609.75,235548,-89.00,15672.00,,,21,0,-1,15605.00,15523.75,81.25,120,,82.74
2021-09-09,NQU1,15675.75,15546.75,129.00,15614.50,15614.50,15639.50,15545.75,15562.50,262320,4.75,15609.75,110,,276,0,-1,15636.25,15611.00,25.25,66,110,84.55
2021-09-10,NQU1,15660.00,15535.25,124.75,15535.25,15535.75,15599.75,15425.75,15447.75,149108,-26.75,15562.50,37,,0,0,-1,15579.00,15520.75,58.25,62,215,91.36
2021-09-13,NQZ1,15557.50,15346.00,211.50,15378.00,15378.00,15451.25,15342.75,15445.25,206195,-69.75,15447.75,299,,212,0,-1,15426.75,15356.75,70.00,86,176,87.51
2021-09-14,NQZ1,15524.25,15386.25,138.00,15444.75,15444.00,15489.25,15344.50,15388.25,216354,-1.25,15445.25,0,,170,0,-1,15489.25,15438.50,50.75,,70,89.42
2021-09-15,NQZ1,15433.50,15307.75,125.75,15351.25,15351.50,15514.50,15333.25,15508.25,201269,-36.75,15388.25,56,85,,0,1,15394.00,15333.25,60.75,60,,87.34
2021-09-16,NQZ1,15520.75,15358.75,162.00,15380.25,15379.50,15532.50,15369.25,15498.00,194399,-128.75,15508.25,217,218,,0,1,15428.50,15369.25,59.25,74,,88.41
2021-09-17,NQZ1,15528.25,15312.50,215.75,15331.00,15330.75,15364.00,15276.25,15282.75,325791,-167.25,15498.00,,,1,0,-1,15355.75,15289.75,66.00,63,137,87.88
2021-09-20,NQZ1,15338.25,14979.75,358.50,15038.50,15038.25,15043.75,14807.50,14991.00,396734,-244.50,15282.75,,,21,0,-1,15043.75,14909.50,134.25,,95,96.42
2021-09-21,NQZ1,15163.25,14974.50,188.75,15049.00,15049.00,15119.50,14963.25,14992.75,285879,58.00,14991.00,280,,283,0,-1,15119.50,15049.00,70.50,,83,102.13
2021-09-22,NQZ1,15147.75,14930.50,217.25,15140.25,15140.25,15227.00,15090.25,15178.25,317644,147.50,14992.75,,0,,0,1,15204.00,15140.25,63.75,164,92,106.71
2021-09-23,NQZ1,15338.50,15175.25,163.25,15293.00,15293.25,15347.00,15276.25,15296.00,185651,115.00,15178.25,,121,,0,1,15315.75,15276.25,39.50,86,,105.85
2021-09-24,NQZ1,15333.00,15176.75,156.25,15210.50,15210.50,15334.25,15207.50,15319.00,167883,-85.50,15296.00,104,258,,0,1,15282.25,15207.50,74.75,71,,109.09
2021-09-27,NQZ1,15399.25,15084.00,315.25,15167.50,15167.75,15230.75,15120.25,15171.50,192353,-151.25,15319.00,,,,0,0,15179.75,15127.75,52.00,106,80,112.05
2021-09-28,NQZ1,15192.25,14772.50,419.75,14789.75,14790.00,14874.75,14740.75,14768.00,362817,-381.50,15171.50,,,4,0,-1,14842.25,14762.00,80.25,196,75,116.44
2021-09-29,NQZ1,14926.00,14759.75,166.25,14805.00,14805.00,14852.75,14711.00,14762.50,279670,37.00,14768.00,9,,10,0,-1,14812.25,14725.00,87.25,160,121,119.30
2021-09-30,NQZ1,14883.50,14754.75,128.75,14830.25,14830.50,14832.25,14670.25,14692.25,367187,68.00,14762.50,9,,10,0,-1,14832.25,14685.00,147.25,,60,122.21
2021-10-01,NQZ1,14743.25,14537.00,206.25,14665.25,14664.75,14818.00,14645.75,14777.25,243707,-27.50,14692.25,5,156,,0,1,14707.75,14647.75,60.00,124,83,128.76
2021-10-04,NQZ1,14835.00,14402.00,433.00,14447.25,14447.50,14495.50,14367.75,14489.00,360091,-329.75,14777.25,,,7,0,-1,14452.75,14383.00,69.75,172,71,134.63
2021-10-05,NQZ1,14712.00,14410.50,301.50,14689.25,14689.25,14754.75,14645.25,14661.50,225253,200.25,14489.00,,38,,0,1,14733.00,14663.50,69.50,130,266,136.99
2021-10-06,NQZ1,14688.25,14422.50,265.75,14599.25,14599.25,14770.00,14567.50,14765.50,285804,-62.25,14661.50,29,129,,0,1,14663.75,14578.25,85.50,121,97,142.01
2021-10-07,NQZ1,14997.75,14767.00,230.75,14966.75,14967.00,15001.25,14868.50,14891.25,193799,201.50,14765.50,,28,,0,1,15001.25,14962.75,38.50,,143,143.96
2021-10-08,NQZ1,14996.00,14816.00,180.00,14848.00,14848.25,14870.50,14790.75,14805.50,196349,-43.00,14891.25,,,20,0,-1,14854.25,14809.00,45.25,71,106,139.25
2021-10-11,NQZ1,14897.25,14681.25,216.00,14861.00,14860.75,14883.25,14677.00,14685.00,233361,55.25,14805.50,94,,309,0,-1,14883.25,14815.75,67.50,,83,144.14
2021-10-12,NQZ1,14783.25,14586.50,196.75,14673.25,14673.50,14732.25,14585.50,14597.25,231070,-11.50,14685.00,20,,298,0,-1,14732.25,14653.75,78.50,,86,144.24
2021-10-13,NQZ1,14778.75,14591.00,187.75,14700.25,14700.00,14795.75,14660.50,14767.75,198371,102.75,14597.25,,152,,0,1,14739.50,14660.50,79.00,118,,141.94
2021-10-14,NQZ1,14998.00,14767.50,230.50,14995.00,14994.75,15071.50,14986.00,15065.00,158587,227.00,14767.75,,1,,0,1,15039.50,14986.00,53.50,79,,138.05
2021-10-15,NQZ1,15121.00,15020.75,100.25,15106.00,15105.25,15145.00,15058.50,15144.25,169295,40.25,15065.00,22,239,,0,1,15111.50,15058.50,53.00,159,,137.99
2021-10-18,NQZ1,15204.25,15038.75,165.50,15192.25,15192.50,15297.25,15189.00,15288.75,152620,48.25,15144.25,,5,,0,1,15219.50,15189.00,30.50,65,,131.59
2021-10-19,NQZ1,15382.25,15269.00,113.25,15372.25,15372.50,15428.25,15362.50,15410.75,135084,83.75,15288.75,,22,,0,1,15386.75,15362.75,24.00,86,184,127.06
2021-10-20,NQZ1,15446.50,15366.25,80.25,15398.75,15399.50,15422.00,15319.00,15357.75,188353,-11.25,15410.75,14,,99,0,-1,15422.00,15388.50,33.50,,61,125.38
2021-10-21,NQZ1,15445.75,15301.00,144.75,15404.00,15404.25,15483.75,15368.25,15381.25,186939,46.50,15357.75,,211,,0,1,15428.00,15395.75,32.25,60,295,127.61
2021-10-22,NQZ1,15463.50,15314.00,149.50,15337.50,15337.75,15383.50,15273.75,15324.00,260717,-43.50,15381.25,186,,6,0,-1,15342.50,15273.75,68.75,69,,126.76
2021-10-25,NQZ1,15434.00,15295.75,138.25,15428.50,15428.50,15546.00,15411.00,15543.75,205594,104.50,15324.00,,23,,0,1,15475.00,15411.00,64.00,60,,127.99
2021-10-26,NQZ1,15701.00,15524.25,176.75,15665.75,15666.00,15670.00,15503.00,15522.75,296712,122.25,15543.75,72,,76,0,-1,15670.00,15557.25,112.75,,71,129.64
2021-10-27,NQZ1,15663.50,15507.25,156.25,15650.25,15650.25,15717.50,15581.50,15593.00,223129,127.50,15522.75,,31,,0,1,15680.00,15630.25,49.75,72,225,129.35
2021-10-28,NQZ1,15750.75,15591.75,159.00,15738.75,15739.25,15777.00,15625.75,15670.00,211483,146.25,15593.00,,15,,0,1,15753.50,15712.50,41.00,186,87,128.81
2021-10-29,NQZ1,15738.50,15595.50,143.00,15731.00,15731.00,15864.75,15725.50,15864.00,207104,61.00,15670.00,,3,,0,1,15794.00,15725.50,68.50,60,,127.16
2021-11-01,NQZ1,15914.75,15768.50,146.25,15844.50,15844.25,15899.00,15789.00,15887.75,164978,-19.75,15864.00,71,,,0,0,15863.50,15837.50,26.00,71,114,126.28
2021-11-02,NQZ1,15968.25,15849.50,118.75,15955.25,15955.00,15980.25,15905.25,15959.25,186689,67.25,15887.75,,15,,0,1,15980.25,15912.00,68.25,,165,124.55
2021-11-03,NQZ1,15997.25,15935.25,62.00,15961.50,15961.75,16145.75,15941.75,16130.50,247997,2.50,15959.25,2,151,,0,1,15984.50,15941.75,42.75,70,,124.63
2021-11-04,NQZ1,16331.50,16129.50,202.00,16249.75,16249.50,16376.00,16243.25,16338.25,262693,119.00,16130.50,,132,,0,1,16325.75,16243.25,82.50,124,,124.63
2021-11-05,NQZ1,16448.50,16302.00,146.50,16409.25,16409.75,16448.25,16292.00,16344.75,262706,71.50,16338.25,113,,119,0,-1,16448.25,16408.25,40.00,,67,128.45
2021-11-08,NQZ1,16374.50,16256.00,118.50,16349.50,16349.75,16394.00,16302.50,16329.25,325112,5.00,16344.75,0,5,,0,1,16394.00,16317.25,76.75,,71,122.71
2021-11-09,NQZ1,16387.75,16282.50,105.25,16375.25,16376.00,16391.75,16160.00,16217.50,482782,46.75,16329.25,19,1,26,1,1,16391.75,16189.50,202.25,,155,126.96
2021-11-10,NQZ1,16243.00,16081.50,161.50,16101.50,16101.50,16221.00,15896.50,15978.00,523606,-116.00,16217.50,46,,1,0,-1,16221.00,16041.75,179.25,,226,136.43
2021-11-11,NQZ1,16114.00,15976.00,138.00,16102.50,16102.75,16110.50,16004.25,16022.50,332685,124.75,15978.00,,,,0,0,16110.50,16041.25,69.25,,62,137.46
2021-11-12,NQZ1,16093.75,16032.00,61.75,16070.00,16070.00,16213.25,16001.75,16189.75,341597,47.50,16022.50,8,81,7,1,-1,16078.00,16001.75,76.25,76,,143.71
2021-11-15,NQZ1,16276.50,16205.50,71.00,16241.00,16241.00,16254.25,16082.25,16188.25,403078,51.25,16189.75,22,,21,0,-1,16254.25,16158.25,96.00,,61,146.90
2021-11-16,NQZ1,16225.75,16142.00,83.75,16157.00,16157.25,16323.75,16149.25,16305.00,327361,-31.00,16188.25,2,5,,0,1,16260.00,16149.25,110.75,100,,152.34
2021-11-17,NQZ1,16332.50,16273.25,59.25,16314.50,16315.25,16396.50,16270.00,16312.75,382500,10.25,16305.00,2,70,22,1,-1,16327.00,16270.00,57.00,69,,153.51
2021-11-18,NQZ1,16410.25,16320.25,90.00,16397.75,16398.00,16503.25,16303.50,16481.00,514497,85.25,16312.75,50,17,50,1,1,16421.00,16303.50,117.50,124,,157.72
2021-11-19,NQZ1,16590.00,16490.25,99.75,16549.50,16549.00,16628.50,16516.25,16572.75,400059,68.00,16481.00,,27,,0,1,16617.00,16516.25,100.75,128,,157.85
2021-11-22,NQZ1,16662.00,16582.75,79.25,16638.75,16638.50,16767.50,16377.00,16383.25,655951,65.75,16572.75,138,1,134,1,1,16767.50,16638.25,129.25,,103,170.63
2021-11-23,NQZ1,16414.50,16274.00,140.50,16331.00,16331.00,16418.75,16118.50,16305.75,735555,-52.25,16383.25,17,24,43,1,1,16418.75,16236.75,182.00,,60,177.29
2021-11-24,NQZ1,16356.00,16173.00,183.00,16198.75,16199.00,16368.50,16102.00,16362.25,513948,-106.75,16305.75,112,347,1,1,-1,16257.50,16102.00,155.50,60,,183.81
2021-11-25,NQZ1,16436.00,16352.25,83.75,16387.50,16387.75,16418.00,16379.25,16404.50,21176,25.50,16362.25,,,,0,0,16418.00,16379.25,38.75,,,178.19
2021-11-26,NQZ1,16413.00,16123.00,290.00,16250.25,16251.00,16307.50,15988.00,16043.50,388304,-153.50,16404.50,,,48,0,-1,16307.50,16116.00,191.50,,86,187.20
2021-11-29,NQZ1,16258.00,16038.00,220.00,16239.75,16239.75,16437.75,16208.50,16390.75,424429,196.25,16043.50,,0,,0,1,16314.25,16208.50,105.75,116,,193.16
2021-11-30,NQZ1,16441.00,16238.50,202.50,16355.75,16355.00,16456.25,16068.75,16148.75,655240,-35.75,16390.75,25,37,83,1,1,16456.25,16319.00,137.25,,76,208.79
2021-12-01,NQZ1,16403.50,16182.50,221.00,16338.75,16339.00,16427.50,15858.50,15874.75,674123,190.25,16148.75,259,101,254,1,1,16377.50,16270.50,107.00,101,205,227.04
2021-12-02,NQZ1,15993.00,15790.75,202.25,15823.25,15823.00,16066.25,15762.75,15990.50,629523,-51.75,15874.75,6,24,0,1,-1,16027.00,15788.50,238.50,171,74,235.57
2021-12-03,NQZ1,16121.75,15862.00,259.75,16046.50,16047.25,16090.50,15538.00,15716.00,712380,56.75,15990.50,9,,24,0,-1,16090.50,15733.00,357.50,,65,255.39
2021-12-06,NQZ1,15809.00,15592.00,217.00,15733.75,15734.25,15897.25,15559.25,15842.75,500545,18.25,15716.00,1,205,7,1,-1,15788.00,15559.25,228.75,172,,267.71
2021-12-07,NQZ1,16167.25,15824.50,342.75,16119.75,16119.75,16344.25,16119.00,16321.50,434291,277.00,15842.75,,6,,0,1,16268.00,16119.00,149.00,66,,267.39
2021-12-08,NQZ1,16436.75,16315.50,121.25,16330.25,16330.50,16397.75,16251.50,16389.00,355896,9.00,16321.50,0,,0,0,-1,16356.75,16251.50,105.25,251,,258.48
2021-12-09,NQZ1,16420.00,16302.25,117.75,16337.00,16336.75,16414.25,16139.25,16149.75,481940,-52.25,16389.00,4,,55,0,-1,16414.25,16269.50,144.75,,60,266.91
2021-12-10,NQZ1,16310.00,16142.00,168.00,16268.75,16268.75,16337.50,16136.00,16326.75,300375,119.00,16149.75,95,4,98,1,1,16328.25,16203.25,125.00,389,76,266.41
2021-12-13,NQH2,16413.00,16322.50,90.50,16326.75,16326.50,16339.50,16072.50,16087.50,383326,-0.25,16326.75,0,,0,0,-1,16339.50,16194.75,144.75,,60,271.16
2021-12-14,NQH2,16132.75,15880.50,252.25,15882.75,15882.25,15998.75,15734.00,15926.50,480468,-205.25,16087.50,,,0,0,-1,15998.75,15853.00,145.75,,77,275.68
2021-12-15,NQH2,15968.00,15848.00,120.00,15907.75,15908.00,16297.50,15740.25,16282.00,567135,-18.50,15926.50,1,283,18,1,-1,15927.75,15807.25,120.50,275,110,297.21
2021-12-16,NQH2,16457.00,16277.25,179.75,16322.00,16322.25,16342.00,15793.00,15862.25,602438,40.25,16282.00,7,,7,0,-1,16342.00,16090.75,251.25,,91,314.68
2021-12-17,NQH2,15897.50,15661.50,236.00,15713.00,15713.25,15956.50,15651.75,15779.50,597839,-149.00,15862.25,78,82,12,1,-1,15843.00,15651.75,191.25,73,,324.30
2021-12-20,NQH2,15851.75,15503.00,348.75,15577.75,15578.00,15658.75,15492.00,15624.75,471616,-201.50,15779.50,,,124,0,-1,15658.75,15543.00,115.75,,88,313.11
2021-12-21,NQH2,15827.25,15670.00,157.25,15762.25,15762.25,15987.25,15605.00,15973.00,410947,137.50,15624.75,56,178,25,1,-1,15798.25,15613.75,184.50,145,65,317.21
2021-12-22,NQH2,15985.00,15881.50,103.50,15962.75,15962.25,16177.50,15933.25,16168.50,379311,-10.75,15973.00,9,13,,0,1,16044.75,15933.25,111.50,67,,316.10
2021-12-23,NQH2,16220.75,16145.25,75.50,16184.25,16184.50,16356.00,16176.50,16293.75,278486,16.00,16168.50,,6,,0,1,16272.75,16176.50,96.25,60,,323.14
2021-12-27,NQH2,16385.00,16304.25,80.75,16347.25,16346.50,16563.50,16344.50,16560.50,275258,52.75,16293.75,,1,,0,1,16506.75,16344.50,162.25,60,,318.11
2021-12-28,NQH2,16659.50,16533.00,126.50,16601.50,16601.50,16608.50,16452.25,16494.75,363797,41.00,16560.50,4,,7,0,-1,16608.50,16491.50,117.00,,182,314.46
2021-12-29,NQH2,16564.25,16470.00,94.25,16496.25,16496.50,16549.50,16387.50,16488.50,280379,1.75,16494.75,0,,42,0,-1,16549.50,16387.50,162.00,,,303.19
2021-12-30,NQH2,16542.50,16442.00,100.50,16476.25,16475.50,16567.50,16411.25,16428.50,233581,-13.00,16488.50,0,44,380,1,1,16567.50,16449.25,118.25,,376,282.55
2021-12-31,NQH2,16445.75,16350.75,95.00,16408.50,16408.00,16464.00,16313.75,16325.00,285743,-20.50,16428.50,1,2,169,1,1,16464.00,16354.00,110.00,,168,274.89
2022-01-03,NQH2,16452.50,16356.00,96.50,16382.75,16383.00,16498.00,16292.00,16489.00,394359,58.00,16325.00,20,7,18,1,1,16484.75,16292.00,192.75,315,,257.56
2022-01-04,NQH2,16564.00,16477.00,87.00,16510.50,16509.75,16512.00,16139.50,16272.75,572178,20.75,16489.00,1,,1,0,-1,16512.00,16365.25,146.75,,64,259.29
2022-01-05,NQH2,16269.00,16171.75,97.25,16199.75,16200.25,16247.25,15759.00,15763.75,644330,-72.50,16272.75,,,2,0,-1,16247.25,16103.00,144.25,,182,272.44
2022-01-06,NQH2,15813.00,15620.25,192.75,15691.75,15691.00,15895.75,15598.50,15758.00,605251,-72.75,15763.75,4,5,37,1,1,15850.50,15598.50,252.00,87,,279.99
2022-01-07,NQH2,15852.75,15624.00,228.75,15757.50,15757.00,15827.75,15510.00,15585.00,522740,-1.00,15758.00,0,,68,0,-1,15827.75,15649.25,178.50,,60,282.13
2022-01-10,NQH2,15669.00,15355.75,313.25,15376.50,15377.00,15617.00,15152.50,15604.00,684406,-208.00,15585.00,386,,2,0,-1,15415.00,15195.00,220.00,262,66,295.27
2022-01-11,NQH2,15734.00,15543.75,190.25,15565.00,15565.50,15838.00,15475.00,15832.25,543428,-38.50,15604.00,34,106,1,1,-1,15652.75,15475.00,177.75,97,,300.07
2022-01-12,NQH2,15979.25,15762.50,216.75,15939.00,15938.50,16009.25,15797.25,15895.25,499907,106.25,15832.25,96,2,,0,1,16009.25,15884.50,124.75,,70,297.44
2022-01-13,NQH2,15961.75,15820.00,141.75,15950.25,15950.50,15979.75,15458.25,15498.00,636973,55.25,15895.25,40,0,63,1,1,15979.75,15831.25,148.50,,62,295.65
2022-01-14,NQH2,15554.50,15312.50,242.00,15387.75,15389.25,15607.00,15379.75,15592.25,594379,-108.75,15498.00,8,17,,0,1,15600.50,15379.75,220.75,369,,279.56
2022-01-17,NQH2,15653.25,15507.25,146.00,15597.25,15597.75,15611.75,15543.50,15559.25,34659,5.50,15592.25,4,,,0,0,15611.75,15546.50,65.25,,201,267.74
2022-01-18,NQH2,15603.25,15270.00,333.25,15347.00,15347.75,15434.75,15170.75,15214.50,548475,-211.50,15559.25,,,122,0,-1,15434.75,15271.75,163.00,,122,272.60
2022-01-19,NQH2,15322.75,15050.75,272.00,15267.50,15267.25,15372.00,15024.50,15037.00,558607,52.75,15214.50,69,8,386,1,1,15372.00,15251.25,120.75,,63,270.86
2022-01-20,NQH2,15206.25,14993.75,212.50,15169.00,15168.50,15340.25,14816.50,14835.25,559746,131.50,15037.00,338,2,353,1,1,15293.50,15160.25,133.25,61,283,284.84
2022-01-21,NQH2,14816.50,14602.25,214.25,14745.75,14745.50,14858.50,14414.50,14415.75,758465,-89.75,14835.25,111,5,42,1,1,14818.50,14532.25,286.25,86,328,298.06
2022-01-24,NQH2,14582.00,14106.00,476.00,14190.25,14191.00,14522.00,13706.00,14500.25,971120,-224.75,14415.75,377,,15,0,-1,14263.50,13977.00,286.50,345,127,327.91
2022-01-25,NQH2,14499.00,14128.50,370.50,14220.50,14219.50,14400.25,14014.00,14151.00,630375,-280.75,14500.25,,,16,0,-1,14304.75,14036.50,268.25,289,128,339.41
2022-01-26,NQH2,14506.25,13945.50,560.75,14475.50,14475.75,14639.75,13976.25,14148.25,639622,324.75,14151.00,333,34,,0,1,14515.00,14350.25,164.75,189,74,364.49
2022-01-27,NQH2,14339.00,13844.50,494.50,14333.00,14333.00,14409.25,13945.00,13988.00,547436,184.75,14148.25,172,0,,0,1,14409.25,14232.00,177.25,,61,379.89
2022-01-28,NQH2,14183.50,13831.00,352.50,14067.75,14068.50,14438.25,13860.25,14433.50,593138,80.50,13988.00,4,101,,0,1,14102.25,13860.25,242.00,84,,401.27
2022-01-31,NQH2,14547.00,14353.25,193.75,14487.50,14488.25,14914.75,14416.25,14898.50,451811,54.75,14433.50,2,10,,0,1,14724.50,14416.25,308.25,90,,415.90
2022-02-01,NQH2,14965.00,14818.00,147.00,14943.75,14944.00,15019.50,14729.25,14991.50,434710,45.50,14898.50,1,361,13,1,-1,14952.00,14729.25,222.75,360,,411.79
2022-02-02,NQH2,15260.00,15104.25,155.75,15167.25,15167.75,15178.00,14941.50,15113.75,466286,176.25,14991.50,102,,3,0,-1,15178.00,15026.75,151.25,,66,399.20
2022-02-03,NQH2,14870.00,14675.00,195.00,14705.00,14704.00,14842.50,14456.25,14502.75,502043,-409.75,15113.75,,,150,0,-1,14832.25,14677.50,154.75,61,150,403.65
2022-02-04,NQH2,14825.75,14362.75,463.00,14519.25,14519.25,14819.50,14432.75,14680.25,504765,16.50,14502.75,2,,,0,0,14666.75,14432.75,234.00,210,,407.10
2022-02-07,NQH2,14759.00,14600.50,158.50,14707.75,14708.25,14806.25,14511.50,14565.50,414887,28.00,14680.25,4,11,129,1,1,14806.25,14670.00,136.25,,99,398.61
2022-02-08,NQH2,14624.00,14484.00,140.00,14516.00,14516.25,14776.00,14467.50,14733.50,471644,-49.25,14565.50,7,84,31,1,-1,14588.00,14467.50,120.50,76,,395.89
2022-02-09,NQH2,14946.50,14741.00,205.50,14919.25,14919.00,15044.25,14853.25,15043.25,400337,185.50,14733.50,,9,,0,1,14951.25,14853.25,98.00,90,,394.84
2022-02-10,NQH2,15062.25,14721.00,341.25,14742.00,14742.25,15029.25,14622.00,14703.00,626996,-301.00,15043.25,,,291,0,-1,14991.00,14735.00,256.00,69,248,389.13
2022-02-11,NQH2,14738.75,14527.50,211.25,14700.75,14700.75,14766.75,14181.00,14237.75,652993,-2.25,14703.00,0,1,132,1,1,14766.75,14590.00,176.75,,100,407.05
2022-02-14,NQH2,14298.00,14031.00,267.00,14209.00,14209.25,14394.00,14102.00,14255.75,503323,-28.50,14237.75,1,20,,0,1,14334.75,14182.00,152.75,109,263,418.24
2022-02-15,NQH2,14574.25,14223.25,351.00,14472.25,14472.25,14614.75,14427.50,14609.00,367419,216.50,14255.75,,331,,0,1,14522.00,14445.00,77.00,72,197,414.40
2022-02-16,NQH2,14668.50,14495.50,173.00,14513.25,14514.00,14645.00,14381.00,14601.50,433587,-95.00,14609.00,334,,1,0,-1,14517.00,14381.00,136.00,292,,410.23
2022-02-17,NQH2,14619.50,14442.00,177.50,14462.25,14462.50,14495.00,14148.00,14166.25,439167,-139.00,14601.50,,,16,0,-1,14495.00,14338.00,157.00,,60,401.39
2022-02-18,NQH2,14299.00,14128.75,170.25,14204.00,14204.50,14220.75,13906.25,14005.00,572415,38.25,14166.25,3,,6,0,-1,14220.75,14085.75,135.00,,60,394.91
2022-02-21,NQH2,14157.50,13774.50,383.00,13862.25,13862.25,13883.75,13716.25,13735.50,62957,-142.75,14005.00,,,149,0,-1,13883.75,13802.50,81.25,,80,362.49
2022-02-22,NQH2,13967.00,13580.25,386.75,13881.50,13880.75,14108.25,13710.75,13865.00,595436,145.25,13735.50,276,12,,0,1,14108.00,13862.00,246.00,60,143,363.05
2022-02-23,NQH2,14068.75,13912.25,156.50,13994.50,13995.50,14031.00,13494.50,13506.75,551318,130.50,13865.00,31,,23,0,-1,14031.00,13794.75,236.25,,60,356.70
2022-02-24,NQH2,13517.75,13025.75,492.00,13074.00,13073.75,13983.25,13058.00,13965.75,679485,-433.00,13506.75,103,103,,0,1,13483.25,13058.00,425.25,87,,379.75
2022-02-25,NQH2,14107.50,13760.25,347.25,13994.75,13994.50,14187.00,13831.75,14182.50,513471,28.75,13965.75,0,104,,0,1,14013.50,13831.75,181.75,61,,368.61
2022-02-28,NQH2,14068.25,13683.00,385.25,14042.25,14042.00,14292.25,13995.75,14234.25,509540,-140.50,14182.50,70,0,,0,1,14157.25,14027.25,130.00,68,279,358.51
2022-03-01,NQH2,14327.75,14070.25,257.50,14175.00,14175.00,14273.00,13900.00,14004.75,459802,-59.25,14234.25,7,,126,0,-1,14273.00,14147.00,126.00,,82,362.65
2022-03-02,NQH2,14145.00,13911.50,233.50,14067.00,14067.50,14290.00,13951.00,14237.25,432847,62.75,14004.75,39,95,,0,1,14129.75,13951.00,178.75,94,,367.77
2022-03-03,NQH2,14391.00,14160.00,231.00,14350.25,14350.50,14355.50,13955.00,14035.50,447302,113.25,14237.25,20,,51,0,-1,14355.50,14127.00,228.50,,67,368.49
2022-03-04,NQH2,14086.50,13745.25,341.25,13934.50,13935.00,13995.50,13733.75,13833.75,473392,-100.50,14035.50,,,102,0,-1,13995.50,13799.50,196.00,,61,362.24
2022-03-07,NQH2,13848.00,13527.75,320.25,13831.75,13831.00,13879.75,13313.75,13320.25,467299,-2.75,13833.75,0,0,153,1,1,13879.75,13571.25,308.50,,60,375.80
2022-03-08,NQH2,13425.00,13103.25,321.75,13286.50,13286.25,13666.00,13118.25,13254.50,608702,-34.00,13320.25,6,163,,0,1,13374.00,13137.75,236.25,161,64,387.76
2022-03-09,NQH2,13644.25,13189.75,454.50,13604.00,13603.25,13795.75,13496.00,13741.75,425069,348.75,13254.50,,55,,0,1,13648.00,13496.00,152.00,66,,393.20
2022-03-10,NQH2,13778.00,13508.75,269.25,13564.75,13565.00,13636.00,13396.25,13591.25,392954,-176.75,13741.75,,,2,0,-1,13611.75,13486.25,125.50,275,64,384.82
2022-03-11,NQH2,13860.75,13454.00,406.75,13707.25,13705.75,13721.75,13281.75,13300.25,254400,114.50,13591.25,25,,122,0,-1,13721.75,13508.50,213.25,,65,377.54
2022-03-14,NQM2,13447.50,13200.00,247.50,13255.50,13256.00,13262.50,13015.50,13078.75,215930,-44.25,13300.25,,,13,0,-1,13262.50,13127.00,135.50,,77,375.29
2022-03-15,NQM2,13358.00,12942.50,415.50,13355.25,13355.00,13486.50,13260.25,13443.25,212919,276.25,13078.75,,0,,0,1,13404.75,13282.50,122.25,226,120,377.24
2022-03-16,NQM2,13866.50,13417.25,449.25,13820.50,13821.00,14025.75,13463.00,13999.50,344839,377.75,13443.25,,257,,0,1,13835.50,13781.00,54.50,231,63,392.18
2022-03-17,NQM2,14022.25,13819.00,203.25,13916.25,13915.75,14132.50,13877.25,14054.25,225108,-83.75,13999.50,113,117,,0,1,13975.00,13877.25,97.75,61,,387.59
2022-03-18,NQM2,14263.00,13966.50,296.50,14228.00,14227.50,14442.75,14210.75,14435.25,257260,173.25,14054.25,,7,,0,1,14277.75,14210.75,67.00,60,,383.46
2022-03-21,NQM2,14466.75,14228.00,238.75,14432.25,14432.25,14454.75,14183.75,14394.75,304456,-3.00,14435.25,0,,102,0,-1,14454.75,14375.75,79.00,,60,388.64
2022-03-22,NQM2,14684.75,14293.50,391.25,14672.50,14673.00,14690.75,14571.00,14654.50,223986,278.25,14394.75,,260,,0,1,14673.25,14573.75,99.50,224,62,374.75
2022-03-23,NQM2,14677.00,14460.75,216.25,14627.50,14628.25,14682.25,14441.00,14463.75,262159,-26.25,14654.50,30,33,261,1,1,14682.25,14581.50,100.75,,74,359.99
2022-03-24,NQM2,14631.50,14433.50,198.00,14625.75,14625.75,14769.75,14583.00,14763.00,219981,162.00,14463.75,,0,,0,1,14664.00,14592.00,72.00,91,64,323.06
2022-03-25,NQM2,14840.50,14572.50,268.00,14598.00,14598.00,14759.25,14582.25,14752.50,255184,-165.00,14763.00,,,,0,0,14661.75,14582.25,79.50,82,,314.15
2022-03-28,NQM2,14912.25,14658.75,253.50,14828.50,14829.00,14997.00,14701.00,14981.00,232963,76.50,14752.50,6,206,,0,1,14831.50,14701.00,130.50,115,,314.13
2022-03-29,NQM2,15219.50,14956.50,263.00,15143.00,15142.75,15268.75,15079.00,15224.25,212689,161.75,14981.00,,199,,0,1,15172.00,15112.00,60.00,137,60,304.96
2022-03-30,NQM2,15262.25,15096.25,166.00,15118.00,15118.00,15196.75,15012.25,15105.00,250123,-106.25,15224.25,,,178,0,-1,15174.75,15110.75,64.00,69,171,297.24
2022-03-31,NQM2,15180.75,14966.00,214.75,15033.75,15033.25,15074.25,14855.50,14917.25,296249,-71.75,15105.00,,,166,0,-1,15074.25,14989.25,85.00,,64,288.15
2022-04-01,NQM2,14960.00,14806.50,153.50,14829.25,14829.00,14872.00,14725.00,14852.25,268613,-88.25,14917.25,,,5,0,-1,14834.50,14740.50,94.00,182,65,282.41
2022-04-04,NQM2,15104.25,14801.00,303.25,15098.25,15098.50,15174.50,15067.25,15159.50,191029,246.25,14852.25,,1,,0,1,15121.75,15081.00,40.75,60,157,259.48
2022-04-05,NQM2,15198.00,14913.00,285.00,14936.50,14937.25,14950.25,14780.25,14861.50,269559,-222.25,15159.50,,,7,0,-1,14950.25,14850.00,100.25,,144,240.59
2022-04-06,NQM2,14861.25,14446.25,415.00,14483.25,14483.50,14652.75,14394.75,14496.00,414073,-378.00,14861.50,,,50,0,-1,14524.50,14428.25,96.25,131,60,238.50
2022-04-07,NQM2,14608.00,14405.50,202.50,14416.50,14417.50,14633.75,14317.00,14534.00,313336,-78.50,14496.00,146,221,1,1,-1,14420.00,14355.50,64.50,102,69,242.35
2022-04-08,NQM2,14642.25,14312.50,329.75,14428.50,14428.75,14498.25,14310.50,14328.00,291466,-105.25,14534.00,,,270,0,-1,14498.25,14390.75,107.50,,133,229.74
2022-04-11,NQM2,14382.00,14033.75,348.25,14059.50,14059.25,14131.25,13984.75,14003.50,227408,-268.75,14328.00,,,243,0,-1,14098.50,14047.25,51.25,88,62,224.71
2022-04-12,NQM2,14284.25,13902.75,381.50,14177.50,14177.25,14202.00,13881.25,13953.50,301371,173.75,14003.50,145,,218,0,-1,14202.00,14065.75,136.25,,77,229.44
2022-04-13,NQM2,14174.50,13921.00,253.50,14157.50,14157.75,14266.50,14126.50,14212.25,211735,204.25,13953.50,,53,,0,1,14186.75,14126.50,60.25,71,,208.30
2022-04-14,NQM2,14296.25,14016.00,280.25,14074.25,14074.50,14079.75,13876.50,13892.25,239543,-137.75,14212.25,,,13,0,-1,14079.75,13980.25,99.50,,61,205.70
2022-04-18,NQM2,14002.50,13729.50,273.00,13876.00,13876.00,13995.75,13786.00,13965.00,236045,-16.25,13892.25,122,,,0,0,13881.75,13788.50,93.25,122,60,204.59
2022-04-19,NQM2,14170.25,13828.00,342.25,14166.50,14166.25,14242.00,14065.00,14095.75,242276,201.25,13965.00,,0,,0,1,14196.50,14146.75,49.75,223,60,199.89
2022-04-20,NQM2,14298.00,14025.00,273.00,14042.50,14042.50,14116.00,13956.50,14070.00,268959,-53.25,14095.75,106,,23,0,-1,14086.75,13979.50,107.25,103,205,201.88
2022-04-21,NQM2,14283.00,14054.50,228.50,14080.00,14079.50,14090.75,13667.50,13715.50,377535,9.50,14070.00,0,,3,0,-1,14090.75,13931.75,159.00,,62,210.97
2022-04-22,NQM2,13781.00,13583.00,198.00,13617.25,13617.50,13632.50,13297.00,13315.50,364659,-98.00,13715.50,,,7,0,-1,13632.50,13485.00,147.50,,90,218.41
2022-04-25,NQM2,13466.75,13184.00,282.75,13310.25,13310.50,13549.75,13240.25,13528.00,320996,-5.00,13315.50,0,197,,0,1,13380.75,13240.25,140.50,67,,225.04
2022-04-26,NQM2,13583.75,13103.50,480.25,13143.75,13144.25,13229.75,12801.50,12815.50,403993,-383.75,13528.00,,,27,0,-1,13218.00,13096.25,121.75,88,226,231.65
2022-04-27,NQM2,13255.25,12878.25,377.00,13107.50,13108.75,13231.50,12977.00,13168.50,336143,293.25,12815.50,,,,0,0,13219.25,13039.50,179.75,60,209,234.89
2022-04-28,NQM2,13347.25,13033.00,314.25,13175.00,13175.75,13542.00,13109.25,13308.00,370779,7.25,13168.50,2,76,,0,1,13255.75,13109.25,146.50,60,,247.30
2022-04-29,NQM2,13433.00,13154.50,278.50,13202.50,13201.25,13255.00,12831.75,12890.50,341693,-106.75,13308.00,,,32,0,-1,13255.00,13107.50,147.50,,64,257.52
2022-05-02,NQM2,13046.50,12742.75,303.75,12867.00,12870.00,13084.50,12709.75,13051.25,339988,-20.50,12890.50,4,260,140,1,-1,12955.50,12822.00,133.50,232,85,268.91
2022-05-03,NQM2,13171.50,12968.50,203.00,13111.25,13111.75,13183.75,12995.50,13121.00,290573,60.50,13051.25,38,135,,0,1,13144.00,13026.00,118.00,105,190,272.96
2022-05-04,NQM2,13155.50,12887.75,267.75,12909.00,12909.00,13555.25,12883.00,13495.75,449834,-212.00,13121.00,93,148,1,1,-1,13061.50,12883.00,178.50,60,,298.07
2022-05-05,NQM2,13548.00,12875.25,672.75,12915.00,12914.75,12984.00,12705.25,12897.00,467150,-581.00,13495.75,,,22,0,-1,12984.00,12796.50,187.50,,177,299.11
2022-05-06,NQM2,12928.75,12519.00,409.75,12884.25,12884.25,12898.25,12566.25,12663.50,358617,-12.75,12897.00,1,,,0,0,12898.25,12698.00,200.25,,143,299.88
2022-05-09,NQM2,12637.25,12266.00,371.25,12276.25,12276.25,12419.50,12135.25,12205.50,370364,-387.25,12663.50,,,1,0,-1,12419.50,12238.25,181.25,,143,304.70
2022-05-10,NQM2,12547.00,12102.25,444.75,12229.25,12228.75,12519.50,12184.00,12334.25,378300,23.25,12205.50,3,,,0,0,12318.25,12184.00,134.25,119,,314.15
2022-05-11,NQM2,12553.25,12101.25,452.00,12319.25,12318.25,12391.25,11938.50,12011.50,379924,-16.00,12334.25,7,,95,0,-1,12391.25,12198.75,192.50,,60,320.75
2022-05-12,NQM2,12132.75,11693.25,439.50,12038.75,12038.25,12053.50,11689.00,11873.25,375149,26.75,12011.50,1,,193,0,-1,12053.50,11810.00,243.50,,127,331.98
2022-05-13,NQM2,12357.50,11891.50,466.00,12352.50,12352.50,12432.00,12218.50,12364.00,312512,479.25,11873.25,,8,,0,1,12430.50,12323.75,106.75,241,131,332.49
2022-05-16,NQM2,12498.75,12190.25,308.50,12230.75,12231.50,12403.00,12197.75,12236.75,263197,-132.50,12364.00,156,,,0,0,12350.00,12197.75,152.25,131,,332.26
2022-05-17,NQM2,12544.00,12234.00,310.00,12440.25,12440.00,12578.00,12372.25,12573.75,311162,203.25,12236.75,,200,,0,1,12490.25,12429.00,61.25,74,164,333.70
2022-05-18,NQM2,12594.00,12138.00,456.00,12146.25,12146.75,12186.25,11862.75,11892.50,392888,-427.00,12573.75,,,0,0,-1,12186.25,12056.50,129.75,,99,341.90
2022-05-19,NQM2,12009.25,11704.00,305.25,11946.00,11946.25,12076.75,11848.75,11898.25,360205,53.75,11892.50,85,7,,0,1,12076.75,11946.25,130.50,,70,332.14
2022-05-20,NQM2,12096.75,11713.75,383.00,11762.50,11761.50,11855.00,11491.25,11838.00,446331,-136.75,11898.25,,,38,0,-1,11792.00,11626.00,166.00,253,65,333.55
2022-05-23,NQM2,12045.75,11783.75,262.00,11952.75,11952.75,12075.50,11917.25,12056.00,262748,114.75,11838.00,,38,,0,1,12052.00,11947.00,105.00,195,106,325.99
2022-05-24,NQM2,11918.00,11576.25,341.75,11658.25,11659.50,11831.75,11628.50,11810.75,346383,-396.50,12056.00,,,,0,0,11806.75,11628.50,178.25,248,,314.74
2022-05-25,NQM2,11930.00,11672.00,258.00,11870.25,11870.75,12036.00,11770.50,11893.25,321435,60.00,11810.75,52,177,,0,1,11879.25,11792.75,86.50,150,66,315.29
2022-05-26,NQM2,12238.50,11848.25,390.25,12204.75,12205.50,12343.00,12182.25,12258.00,271128,312.25,11893.25,,32,,0,1,12304.50,12182.25,122.25,60,,301.69
2022-05-27,NQM2,12593.75,12222.00,371.75,12563.25,12564.25,12720.25,12560.25,12717.50,249212,306.25,12258.00,,20,,0,1,12612.00,12562.00,50.00,188,66,288.52
2022-05-30,NQM2,12883.00,12672.75,210.25,12808.50,12807.50,12835.75,12785.25,12810.00,10956,90.00,12717.50,,,,0,0,12826.00,12785.25,40.75,62,,272.31
2022-05-31,NQM2,12825.75,12480.00,345.75,12587.25,12587.25,12768.50,12565.00,12653.25,317507,-222.75,12810.00,,,,0,0,12752.25,12565.00,187.25,74,,273.07
2022-06-01,NQM2,12823.50,12523.50,300.00,12557.75,12558.00,12664.50,12454.75,12548.00,319532,-95.25,12653.25,194,,7,0,-1,12567.00,12457.25,109.75,148,79,249.95
2022-06-02,NQM2,12691.00,12442.50,248.50,12675.50,12675.00,12903.75,12644.00,12896.75,277155,127.00,12548.00,,13,,0,1,12769.25,12644.00,125.25,60,,249.00
2022-06-03,NQM2,12945.25,12503.00,442.25,12522.25,12523.00,12646.25,12511.25,12549.50,280645,-373.75,12896.75,,,,0,0,12587.00,12516.50,70.50,68,225,239.15
2022-06-06,NQM2,12810.00,12527.00,283.00,12659.25,12659.50,12686.50,12532.75,12606.75,240626,110.00,12549.50,60,,,0,0,12686.50,12551.50,135.00,,60,232.63
2022-06-07,NQM2,12707.25,12412.50,294.75,12597.50,12598.00,12740.25,12562.00,12681.50,230109,-8.75,12606.75,10,245,,0,1,12624.50,12562.00,62.50,71,,224.76
2022-06-08,NQM2,12783.00,12624.25,158.75,12760.25,12760.75,12773.50,12579.25,12619.25,278028,79.25,12681.50,57,,73,0,-1,12773.50,12665.25,108.25,,63,211.84
2022-06-09,NQM2,12726.00,12506.00,220.00,12557.00,12557.25,12614.00,12255.25,12297.25,316618,-62.00,12619.25,,,135,0,-1,12614.00,12526.75,87.25,,123,211.55
2022-06-10,NQM2,12338.75,11830.25,508.50,11838.50,11838.75,11973.50,11823.00,11858.75,219001,-458.50,12297.25,,,3,0,-1,11889.50,11823.00,66.50,74,,208.40
2022-06-13,NQM2,11772.50,11344.75,427.75,11416.75,11416.75,11558.50,11285.25,11360.00,309038,-442.00,11858.75,,,226,0,-1,11481.25,11399.25,82.00,62,182,211.80
2022-06-14,NQU2,11534.50,11269.75,264.75,11327.25,11327.75,11455.25,11236.00,11361.50,283464,-32.25,11360.00,5,,222,0,-1,11392.00,11307.75,84.25,99,68,212.47
2022-06-15,NQU2,11574.00,11358.50,215.50,11502.75,11503.00,11794.25,11371.25,11626.75,412066,141.50,11361.50,,150,,0,1,11571.25,11490.00,81.25,63,89,217.45
2022-06-16,NQU2,11774.25,11128.75,645.50,11216.25,11216.75,11234.75,11068.50,11204.25,357708,-410.00,11626.75,,,149,0,-1,11221.25,11143.25,78.00,98,142,214.36
2022-06-17,NQU2,11348.50,11119.00,229.50,11293.50,11294.25,11396.00,11207.50,11307.75,311829,90.00,11204.25,,98,,0,1,11318.25,11207.50,110.75,92,,205.60
2022-06-20,NQU2,11437.50,11273.75,163.75,11393.25,11393.50,11430.75,11389.00,11420.75,12053,85.75,11307.75,,,,0,0,11427.00,11389.00,38.00,76,,199.78
2022-06-21,NQU2,11678.25,11398.50,279.75,11649.50,11649.75,11659.25,11562.00,11581.50,217813,229.00,11420.75,,,,0,0,11659.25,11588.50,70.75,,153,194.47
2022-06-22,NQU2,11745.75,11320.50,425.25,11677.50,11677.50,11718.00,11539.50,11544.75,260876,96.00,11581.50,36,,,0,0,11716.00,11567.00,149.00,167,248,190.13
2022-06-23,NQU2,11744.00,11460.50,283.50,11712.75,11712.50,11766.75,11547.00,11688.00,257562,167.75,11544.75,,257,,0,1,11729.50,11596.75,132.75,244,68,193.07
2022-06-24,NQU2,12082.50,11684.75,397.75,12003.25,12004.25,12148.50,11979.25,12132.75,226731,316.25,11688.00,,260,,0,1,12031.00,11979.25,51.75,93,,193.54
2022-06-27,NQU2,12262.00,12021.00,241.00,12136.50,12137.00,12151.50,11994.25,12074.75,229036,4.25,12132.75,0,,213,0,-1,12151.50,12051.25,100.25,,60,198.88
2022-06-28,NQU2,12174.25,11861.25,313.00,11861.50,11862.00,11880.25,11661.50,11680.50,308326,-212.75,12074.75,,,0,0,-1,11880.25,11756.50,123.75,,100,199.64
2022-06-29,NQU2,11749.00,11564.50,184.50,11675.25,11675.50,11728.00,11604.25,11691.00,230379,-5.00,11680.50,2,,,0,0,11717.00,11604.25,112.75,154,,195.34
2022-06-30,NQU2,11696.75,11351.00,345.75,11573.75,11573.75,11685.00,11471.00,11511.25,336325,-117.25,11691.00,,,,0,0,11659.50,11537.25,122.25,60,204,193.05
2022-07-01,NQU2,11617.25,11381.75,235.50,11484.50,11485.00,11629.75,11426.50,11610.50,226402,-26.25,11511.25,5,250,,0,1,11520.75,11426.50,94.25,140,,196.46
2022-07-04,NQU2,11618.75,11500.00,118.75,11557.75,11557.50,11574.50,11550.50,11554.00,4642,-53.00,11610.50,,,,0,0,11574.50,11550.50,24.00,,,189.97
2022-07-05,NQU2,11749.00,11389.25,359.75,11495.00,11495.00,11815.75,11481.00,11811.50,313600,-59.00,11554.00,15,186,,0,1,11647.25,11481.00,166.25,108,,197.80
2022-07-06,NQU2,11882.50,11727.75,154.75,11793.50,11793.75,11974.25,11753.25,11902.50,273993,-17.75,11811.50,43,157,,0,1,11818.50,11753.25,65.25,67,,199.14
2022-07-07,NQU2,12073.00,11836.50,236.50,12036.25,12037.00,12168.50,12027.00,12119.75,250320,134.50,11902.50,,18,,0,1,12096.00,12027.00,69.00,61,,188.28
2022-07-08,NQU2,12211.00,11952.50,258.50,12202.50,12202.75,12209.25,12038.50,12160.25,267455,83.00,12119.75,56,,,0,0,12209.25,12086.75,122.50,,60,189.29
2022-07-11,NQU2,12149.75,11853.00,296.75,11936.25,11936.00,12004.75,11858.00,11900.50,244277,-224.25,12160.25,,,,0,0,11949.00,11897.25,51.75,94,212,182.96
2022-07-12,NQU2,12025.50,11758.25,267.25,11920.50,11920.50,11942.00,11712.00,11780.75,245189,20.00,11900.50,8,,222,0,-1,11931.50,11866.25,65.25,77,114,183.50
2022-07-13,NQU2,11970.00,11479.25,490.75,11742.50,11742.75,11854.50,11704.75,11732.75,255086,-38.00,11780.75,38,,,0,0,11787.00,11704.75,82.25,64,,169.84
2022-07-14,NQU2,11765.25,11511.25,254.00,11652.50,11652.00,11835.00,11621.25,11807.25,285991,-80.75,11732.75,139,168,,0,1,11715.75,11624.00,91.75,131,80,172.21
2022-07-15,NQU2,11999.75,11740.25,259.50,11973.00,11973.25,12021.50,11929.00,12019.25,214422,166.00,11807.25,,268,,0,1,11990.50,11929.00,61.50,196,,167.41
2022-07-18,NQU2,12186.50,12028.00,158.50,12140.00,12139.75,12184.25,11857.00,11916.25,277012,120.50,12019.25,146,,139,0,-1,12184.25,12132.00,52.25,,102,181.69
2022-07-19,NQU2,12177.25,11889.50,287.75,12169.50,12169.75,12328.50,12151.50,12320.00,273021,253.50,11916.25,,1,,0,1,12194.00,12151.50,42.50,61,,185.68
2022-07-20,NQU2,12487.00,12235.75,251.25,12468.50,12468.75,12517.50,12358.00,12428.00,308144,148.75,12320.00,,5,,0,1,12517.50,12459.00,58.50,,74,184.72
2022-07-21,NQU2,12560.50,12373.50,187.00,12506.75,12506.75,12655.25,12490.75,12572.50,257523,78.75,12428.00,,34,,0,1,12609.25,12490.75,118.50,60,,181.96
2022-07-22,NQU2,12698.50,12486.50,212.00,12487.25,12487.25,12496.50,12343.75,12429.00,310802,-85.25,12572.50,,,0,0,-1,12496.50,12406.50,90.00,,92,181.14
2022-07-25,NQU2,12498.50,12288.00,210.50,12359.50,12359.25,12407.00,12266.50,12327.50,208797,-69.75,12429.00,,,209,0,-1,12388.00,12330.75,57.25,72,141,180.30
2022-07-26,NQU2,12334.00,12143.75,190.25,12147.25,12147.25,12198.00,12072.00,12196.25,268554,-180.25,12327.50,,,0,0,-1,12150.50,12106.00,44.50,66,173,175.66
2022-07-27,NQU2,12448.75,12191.75,257.00,12421.50,12421.75,12690.00,12404.00,12580.25,357012,225.50,12196.25,,31,,0,1,12474.50,12421.50,53.00,153,92,183.78
2022-07-28,NQU2,12667.00,12449.00,218.00,12665.50,12665.50,12948.00,12624.00,12924.25,281848,85.25,12580.25,,0,,0,1,12695.25,12634.50,60.75,123,91,189.28
2022-07-29,NQU2,12940.00,12744.25,195.75,12801.00,12801.25,13012.00,12786.25,12977.00,252679,-123.00,12924.25,136,159,,0,1,12875.00,12786.25,88.75,76,,190.40
2022-08-01,NQU2,13108.75,12851.75,257.00,13073.00,13073.25,13092.50,12897.50,12980.25,293813,96.25,12977.00,94,,,0,0,13092.50,13005.00,87.50,,73,198.95
2022-08-02,NQU2,13001.25,12814.75,186.50,12966.50,12966.50,13097.00,12886.50,12920.25,337693,-13.75,12980.25,12,33,,0,1,13079.50,12921.25,158.25,60,126,192.74
2022-08-03,NQU2,13192.00,12867.25,324.75,13181.50,13181.50,13310.25,13168.50,13248.00,340554,261.25,12920.25,,6,,0,1,13226.00,13168.50,57.50,64,,188.78
2022-08-04,NQU2,13356.00,13184.75,171.25,13223.00,13223.25,13346.75,13203.25,13328.00,228491,-24.75,13248.00,17,,,0,0,13314.00,13203.25,110.75,127,,188.88
2022-08-05,NQU2,13384.50,13090.50,294.00,13091.00,13091.50,13242.00,13085.00,13216.50,309646,-236.50,13328.00,,,0,0,-1,13172.00,13085.00,87.00,75,,188.19
2022-08-08,NQU2,13419.25,13167.75,251.50,13284.00,13283.75,13302.75,13120.50,13213.00,287461,67.25,13216.50,13,,48,0,-1,13302.75,13158.75,144.00,,67,189.96
2022-08-09,NQU2,13233.75,12973.25,260.50,13046.50,13047.00,13059.75,12963.25,13055.75,253740,-166.00,13213.00,,,58,0,-1,13056.50,12963.25,93.25,234,,183.29
2022-08-10,NQU2,13382.75,12982.00,400.75,13356.50,13356.50,13408.00,13316.50,13381.00,238144,300.75,13055.75,,30,,0,1,13388.75,13316.50,72.25,146,,180.38
2022-08-11,NQU2,13575.00,13370.00,205.00,13417.00,13417.00,13442.50,13285.00,13346.75,264415,36.00,13381.00,21,,21,0,-1,13437.00,13361.50,75.50,110,154,177.56
2022-08-12,NQU2,13483.50,13312.00,171.50,13469.00,13469.50,13583.25,13453.50,13580.00,222635,122.75,13346.75,,6,,0,1,13498.25,13453.50,44.75,68,,179.43
2022-08-15,NQU2,13634.50,13495.25,139.25,13592.00,13591.75,13706.00,13588.00,13678.75,209049,11.75,13580.00,,14,,0,1,13662.25,13588.00,74.25,86,,168.96
2022-08-16,NQU2,13688.00,13522.75,165.25,13627.25,13627.00,13740.75,13581.00,13663.50,285055,-51.75,13678.75,27,127,,0,1,13684.25,13623.25,61.00,126,191,168.10
2022-08-17,NQU2,13672.00,13423.75,248.25,13462.50,13462.75,13616.00,13406.25,13511.00,307091,-200.75,13663.50,,,13,0,-1,13480.00,13406.25,73.75,68,,170.61
2022-08-18,NQU2,13559.00,13410.75,148.25,13553.25,13553.25,13575.50,13483.75,13540.00,257188,42.25,13511.00,54,1,,0,1,13575.50,13505.00,70.50,,70,166.97
2022-08-19,NQU2,13534.50,13246.00,288.50,13265.00,13265.50,13311.25,13228.75,13250.00,278991,-274.50,13540.00,,,122,0,-1,13298.25,13250.25,48.00,75,121,163.46
2022-08-22,NQU2,13226.50,12945.25,281.25,12955.50,12955.75,13001.50,12874.50,12933.50,270882,-294.25,13250.00,,,115,0,-1,13001.50,12946.50,55.00,,115,162.79
2022-08-23,NQU2,13018.50,12823.50,195.00,12910.50,12910.00,12961.75,12881.75,12889.25,233641,-23.50,12933.50,6,,,0,0,12944.50,12881.75,62.75,119,,160.49
2022-08-24,NQU2,12993.00,12825.75,167.25,12987.00,12987.50,13011.25,12910.25,12956.00,228598,98.25,12889.25,,2,,0,1,13011.25,12968.00,43.25,,69,151.24
2022-08-25,NQU2,13118.00,12925.00,193.00,13024.75,13024.50,13161.50,12997.25,13144.75,242680,68.50,12956.00,,253,,0,1,13053.50,13016.00,37.50,113,71,143.25
2022-08-26,NQU2,13220.00,12777.75,442.25,12827.25,12828.50,12845.00,12557.50,12559.00,369283,-316.25,13144.75,,,47,0,-1,12845.00,12759.00,86.00,,131,146.34
2022-08-29,NQU2,12610.25,12401.50,208.75,12468.75,12468.00,12606.00,12450.75,12505.25,314865,-91.00,12559.00,46,,,0,0,12565.25,12450.75,114.50,79,,144.35
2022-08-30,NQU2,12658.25,12269.25,389.00,12344.75,12344.00,12395.75,12247.50,12360.50,369862,-161.25,12505.25,,,112,0,-1,12395.75,12318.25,77.50,,65,141.24
2022-08-31,NQU2,12513.00,12301.00,212.00,12331.50,12330.75,12405.00,12276.25,12305.50,300782,-29.75,12360.50,6,,129,0,-1,12405.00,12313.75,91.25,,114,140.59
2022-09-01,NQU2,12293.75,12027.75,266.00,12034.00,12034.25,12299.50,12017.75,12292.25,364713,-271.25,12305.50,,270,27,1,-1,12099.75,12025.50,74.25,115,85,147.50
2022-09-02,NQU2,12461.50,12232.50,229.00,12415.25,12415.50,12435.25,12040.25,12130.25,424365,123.25,12292.25,63,,75,0,-1,12435.25,12303.75,131.50,,60,159.40
2022-09-05,NQU2,12161.75,12054.00,107.75,12130.75,12131.75,12167.50,12128.75,12136.00,8360,1.50,12130.25,1,53,,0,1,12167.50,12129.00,38.50,,80,152.22
2022-09-06,NQU2,12244.50,11930.00,314.50,12066.75,12066.50,12143.50,11964.00,12020.25,334947,-69.50,12136.00,12,,,0,0,12143.50,12012.25,131.25,,98,156.38
2022-09-07,NQU2,12153.00,11921.50,231.50,12127.25,12127.50,12306.25,12101.00,12263.50,302603,107.25,12020.25,,22,,0,1,12162.00,12101.00,61.00,72,,162.06
2022-09-08,NQU2,12379.50,12115.75,263.75,12357.75,12358.00,12369.25,12137.75,12346.75,345433,94.50,12263.50,33,,,0,0,12369.25,12137.75,231.50,,,165.76
2022-09-09,NQU2,12570.00,12329.50,240.50,12558.75,12558.75,12613.75,12510.50,12590.50,195676,212.00,12346.75,,3,,0,1,12580.50,12510.50,70.00,102,,164.44
2022-09-12,NQU2,12838.25,12573.25,265.00,12816.50,12817.00,12856.75,12722.00,12854.50,171606,226.50,12590.50,,272,,0,1,12823.75,12722.00,101.75,144,,165.28
2022-09-13,NQZ2,12987.00,12262.50,724.50,12274.25,12274.75,12336.75,12082.25,12127.00,281671,-579.75,12854.50,,,176,0,-1,12320.00,12262.75,57.25,106,176,170.01
2022-09-14,NQZ2,12253.00,12080.25,172.75,12196.50,12196.75,12251.75,12092.75,12250.00,276774,69.75,12127.00,155,,,0,0,12239.50,12179.50,60.00,80,136,167.47
2022-09-15,NQZ2,12268.75,11988.00,280.75,12048.75,12049.00,12150.75,11937.50,11973.00,353819,-201.00,12250.00,,,222,0,-1,12071.50,11997.75,73.75,90,221,173.55
2022-09-16,NQZ2,11956.00,11782.00,174.00,11817.00,11816.75,11961.25,11778.50,11960.75,338697,-156.25,11973.00,,328,58,1,-1,11867.00,11778.50,88.50,177,,178.56
2022-09-19,NQZ2,11978.50,11792.25,186.25,11903.25,11903.50,12066.25,11848.75,12045.50,293315,-57.25,11960.75,211,214,,0,1,11907.50,11848.75,58.75,66,,183.09
2022-09-20,NQZ2,12092.50,11887.00,205.50,11974.00,11974.25,12023.25,11828.25,11949.00,347491,-71.25,12045.50,,,119,0,-1,12023.25,11951.75,71.50,,63,188.84
2022-09-21,NQZ2,11999.75,11861.50,138.25,11963.75,11964.00,12140.50,11647.50,11668.00,526981,15.00,11949.00,150,64,151,1,1,11993.00,11958.00,35.00,62,150,208.44
2022-09-22,NQZ2,11796.00,11510.00,286.00,11541.25,11541.25,11685.25,11521.50,11566.50,331787,-126.75,11668.00,257,,,0,0,11604.50,11535.00,69.50,87,172,208.41
2022-09-23,NQZ2,11600.25,11338.25,262.00,11377.50,11377.50,11398.00,11229.00,11388.00,377391,-189.00,11566.50,,,16,0,-1,11398.00,11303.25,94.75,,60,202.49
2022-09-26,NQZ2,11537.75,11256.50,281.25,11378.00,11378.25,11425.50,11290.75,11315.50,362523,-9.75,11388.00,0,,,0,0,11425.50,11317.50,108.00,,63,201.46
2022-09-27,NQZ2,11568.25,11298.25,270.00,11379.75,11380.00,11406.50,11233.50,11354.25,397772,64.50,11315.50,38,,42,0,-1,11406.50,11233.50,173.00,,,202.70
2022-09-28,NQZ2,11465.50,11141.50,324.00,11429.25,11429.75,11613.50,11407.50,11539.25,326533,75.50,11354.25,,25,,0,1,11512.75,11407.50,105.25,100,,206.56
2022-09-29,NQZ2,11567.25,11159.00,408.25,11216.50,11217.00,11274.50,11091.50,11234.00,384190,-322.25,11539.25,,,120,0,-1,11274.50,11190.75,83.75,,87,201.63
2022-09-30,NQZ2,11357.25,11143.00,214.25,11329.50,11329.50,11340.00,11024.25,11058.25,392054,95.50,11234.00,31,,193,0,-1,11340.00,11199.50,140.50,,126,197.66
2022-10-03,NQZ2,11236.50,10890.75,345.75,11225.75,11225.75,11358.25,11158.25,11308.75,293810,167.50,11058.25,,112,,0,1,11233.50,11158.25,75.25,112,,205.72
2022-10-04,NQZ2,11675.00,11281.50,393.50,11657.50,11657.50,11667.00,11524.25,11645.25,325291,348.75,11308.75,,,,0,0,11667.00,11616.50,50.50,,76,203.89
2022-10-05,NQZ2,11645.25,11366.50,278.75,11427.25,11427.00,11711.00,11416.00,11628.00,316194,-218.25,11645.25,210,210,,0,1,11537.75,11416.00,121.75,77,,208.38
2022-10-06,NQZ2,11729.75,11523.75,206.00,11648.25,11648.50,11670.25,11505.25,11505.75,316221,20.50,11628.00,2,,288,0,-1,11670.25,11561.25,109.00,,195,205.05
2022-10-07,NQZ2,11564.50,11183.75,380.75,11211.00,11211.00,11221.75,11043.25,11096.25,325038,-294.75,11505.75,,,12,0,-1,11221.75,11145.00,76.75,,61,208.81
2022-10-10,NQZ2,11136.50,10927.75,208.75,10968.50,10968.50,11068.25,10876.75,10993.50,340480,-127.75,11096.25,,,54,0,-1,11019.00,10915.75,103.25,138,78,211.65
2022-10-11,NQZ2,11031.25,10788.50,242.75,10909.75,10909.75,11039.50,10767.25,10880.50,389391,-83.75,10993.50,19,76,221,1,1,10995.75,10901.50,94.25,70,195,212.54
2022-10-12,NQZ2,10976.75,10805.50,171.25,10890.00,10890.50,10925.25,10830.25,10853.00,289336,10.00,10880.50,1,,,0,0,10925.25,10856.75,68.50,,61,209.34
2022-10-13,NQZ2,11014.75,10484.75,530.00,10921.75,10923.25,11142.75,10895.50,11065.50,429688,70.25,10853.00,,9,,0,1,11114.75,10895.50,219.25,125,,211.04
2022-10-14,NQZ2,11253.50,10852.75,400.75,10920.25,10921.25,10921.25,10726.75,10746.25,312009,-144.25,11065.50,,,16,0,-1,10921.25,10783.25,138.00,,167,211.63
2022-10-17,NQZ2,11133.25,10713.00,420.25,11090.75,11090.50,11146.25,11077.25,11134.00,236446,344.25,10746.25,,24,,0,1,11138.00,11078.75,59.25,151,76,204.20
2022-10-18,NQZ2,11431.75,11109.50,322.25,11129.25,11129.25,11338.50,11081.50,11322.75,366842,-4.75,11134.00,3,,6,0,-1,11221.25,11083.50,137.75,68,198,207.30
2022-10-19,NQZ2,11382.75,11104.75,278.00,11186.00,11186.50,11226.50,11049.00,11151.00,303414,-136.25,11322.75,,,92,0,-1,11226.50,11143.00,83.50,,72,191.53
2022-10-20,NQZ2,11328.75,11008.00,320.75,11264.50,11264.75,11312.25,11041.25,11059.75,319611,113.75,11151.00,77,,,0,0,11312.25,11177.75,134.50,,68,196.89
2022-10-21,NQZ2,11225.25,10935.50,289.75,11120.25,11121.00,11386.25,11116.50,11378.00,337478,61.25,11059.75,,30,,0,1,11248.25,11116.50,131.75,80,,201.93
2022-10-24,NQZ2,11530.25,11207.75,322.50,11370.25,11370.50,11515.75,11344.75,11459.25,242429,-7.50,11378.00,6,,,0,0,11454.75,11344.75,110.00,192,,203.74
2022-10-25,NQZ2,11679.25,11430.25,249.00,11675.25,11675.25,11734.00,11539.75,11585.75,293483,216.00,11459.25,,0,,0,1,11706.00,11665.75,40.25,235,78,204.80
2022-10-26,NQZ2,11689.75,11433.00,256.75,11680.25,11680.75,11703.50,11415.00,11474.25,347166,95.00,11585.75,82,1,278,1,1,11703.50,11633.50,70.00,,71,208.93
2022-10-27,NQZ2,11537.50,11263.75,273.75,11334.00,11333.00,11367.00,10921.50,11095.50,333340,-141.25,11474.25,,,59,0,-1,11367.00,11249.50,117.50,,60,222.05
2022-10-28,NQZ2,11497.25,11062.00,435.25,11453.50,11453.50,11626.00,11435.00,11625.50,273421,358.00,11095.50,,54,,0,1,11512.00,11435.00,77.00,60,,215.81
2022-10-31,NQZ2,11595.00,11367.25,227.75,11458.75,11459.25,11513.25,11416.50,11452.75,289822,-166.25,11625.50,,,,0,0,11513.25,11434.25,79.00,,73,210.65
2022-11-01,NQZ2,11619.00,11342.25,276.75,11381.75,11381.50,11411.25,11288.75,11320.50,255777,-71.25,11452.75,,,9,0,-1,11411.25,11325.75,85.50,,66,209.64
2022-11-02,NQZ2,11390.00,11224.50,165.50,11233.25,11233.50,11460.00,10909.00,10941.75,506827,-87.00,11320.50,150,151,37,1,-1,11246.50,11202.50,44.00,131,65,222.44
2022-11-03,NQZ2,10996.00,10708.00,288.00,10777.25,10777.50,10861.75,10716.50,10728.50,270895,-164.25,10941.75,,,,0,0,10828.50,10752.00,76.50,74,261,221.45
2022-11-04,NQZ2,10974.25,10636.00,338.25,10814.75,10815.50,10916.50,10662.75,10871.25,378917,87.00,10728.50,21,,,0,0,10830.25,10678.75,151.50,216,99,225.21
2022-11-07,NQZ2,10972.00,10751.00,221.00,10939.25,10938.75,11038.50,10847.25,11014.50,389793,67.50,10871.25,9,285,,0,1,10968.75,10847.25,121.50,285,,225.20
2022-11-08,NQZ2,11104.50,10954.75,149.75,11076.00,11076.50,11231.25,10928.75,11094.25,577778,62.00,11014.50,12,51,297,1,1,11111.50,11006.75,104.75,65,292,226.71
2022-11-09,NQZ2,11164.25,11005.75,158.50,11018.25,11018.25,11049.00,10822.25,10831.00,480704,-76.00,11094.25,,,0,0,-1,11049.00,10961.50,87.50,,64,233.30
2022-11-10,NQZ2,11362.75,10808.00,554.75,11357.00,11356.50,11644.75,11269.25,11628.75,585728,525.50,10831.00,,0,,0,1,11469.00,11269.25,199.75,121,,239.71
2022-11-11,NQZ2,11777.25,11614.75,162.50,11624.50,11624.25,11876.75,11569.25,11847.75,494930,-4.50,11628.75,0,80,1,1,-1,11761.25,11569.25,192.00,78,,245.36
2022-11-14,NQZ2,11826.50,11745.75,80.75,11760.00,11760.25,11898.50,11702.00,11742.25,437875,-87.50,11847.75,189,138,5,1,-1,11816.00,11702.00,114.00,71,,251.74
2022-11-15,NQZ2,12118.75,11761.75,357.00,12021.00,12021.25,12063.50,11764.50,11905.50,565201,279.00,11742.25,,,,0,0,12063.50,11963.00,100.50,,81,253.84
2022-11-16,NQZ2,11963.00,11813.25,149.75,11824.50,11823.75,11836.25,11706.50,11740.50,398985,-81.75,11905.50,,,0,0,-1,11836.25,11724.00,112.25,,81,251.45
2022-11-17,NQZ2,11827.50,11528.25,299.25,11550.75,11551.00,11775.00,11543.75,11712.25,471586,-189.50,11740.50,208,,,0,0,11672.75,11543.75,129.00,146,,249.46
2022-11-18,NQZ2,11843.00,11672.25,170.75,11837.50,11837.75,11842.50,11607.00,11707.50,442505,125.50,11712.25,33,,87,0,-1,11842.50,11675.75,166.75,,87,247.75
2022-11-21,NQZ2,11756.00,11595.25,160.75,11649.25,11649.50,11699.75,11553.00,11587.25,365984,-58.00,11707.50,,,53,0,-1,11699.75,11587.25,112.50,,74,246.54
2022-11-22,NQZ2,11642.00,11526.50,115.50,11617.25,11617.25,11759.25,11527.25,11751.75,410066,30.00,11587.25,7,80,,0,1,11628.25,11527.25,101.00,78,,248.43
2022-11-23,NQZ2,11793.50,11720.00,73.50,11749.75,11749.50,11892.75,11741.75,11868.75,374609,-2.25,11751.75,0,9,,0,1,11868.25,11745.25,123.00,62,208,241.55
2022-11-24,NQZ2,11933.00,11873.25,59.75,11914.00,11914.00,11925.00,11898.75,11910.75,13047,45.25,11868.75,,,,0,0,11918.50,11898.75,19.75,87,,220.59
2022-11-25,NQZ2,11924.00,11790.00,134.00,11798.00,11798.25,11827.50,11766.25,11786.75,129752,-112.50,11910.75,,,1,0,-1,11827.50,11766.25,61.25,,,214.10
2022-11-28,NQZ2,11747.00,11642.25,104.75,11703.25,11703.50,11788.50,11575.25,11611.25,384215,-83.25,11786.75,16,4,266,1,1,11788.50,11681.75,106.75,,83,219.93
2022-11-29,NQZ2,11704.50,11611.25,93.25,11621.75,11622.00,11638.50,11465.00,11523.50,445266,10.75,11611.25,0,,0,0,-1,11628.00,11561.25,66.75,60,93,222.47
2022-11-30,NQZ2,11597.75,11497.75,100.00,11534.00,11534.00,12053.75,11498.00,12051.50,610435,10.50,11523.50,0,240,,0,1,11581.50,11518.75,62.75,240,94,222.71
2022-12-01,NQZ2,12132.75,11992.50,140.25,12056.50,12057.00,12145.00,11943.25,12060.00,458674,5.50,12051.50,0,27,44,1,1,12145.00,11956.50,188.50,,60,225.54
2022-12-02,NQZ2,12067.75,11740.50,327.25,11845.75,11845.50,12047.50,11837.25,12013.75,415610,-214.50,12060.00,,,,0,0,11952.75,11837.25,115.50,132,,223.36
2022-12-05,NQZ2,12015.75,11918.75,97.00,11920.25,11920.00,11972.25,11745.50,11802.75,425045,-93.75,12013.75,,,0,0,-1,11972.25,11864.25,108.00,,61,225.14
2022-12-06,NQZ2,11846.25,11781.00,65.25,11799.00,11799.00,11805.75,11502.00,11562.50,534654,-3.75,11802.75,1,,1,0,-1,11805.75,11611.00,194.75,,69,225.20
2022-12-07,NQZ2,11596.00,11422.50,173.50,11509.50,11509.50,11596.25,11440.50,11508.00,481834,-53.00,11562.50,6,7,,0,1,11596.25,11440.50,155.75,,,221.65
2022-12-08,NQZ2,11598.00,11433.00,165.00,11565.25,11565.50,11685.75,11477.25,11645.25,463935,57.50,11508.00,5,30,,0,1,11663.75,11477.25,186.50,65,,213.30
2022-12-09,NQZ2,11748.00,11517.00,231.00,11602.00,11601.75,11718.25,11550.00,11571.00,312821,-43.50,11645.25,15,,,0,0,11660.75,11550.00,110.75,61,,206.34
2022-12-12,NQZ2,11673.50,11527.75,145.75,11576.50,11577.25,11834.50,11543.25,11834.00,220543,6.25,11571.00,0,30,,0,1,11715.00,11543.25,171.75,97,,211.07
2022-12-13,NQH3,12339.00,11797.25,541.75,12289.00,12288.75,12303.75,11847.00,11959.00,510026,454.75,11834.00,,,,0,0,12303.75,12100.00,203.75,,61,218.96
2022-12-14,NQH3,12014.00,11919.50,94.50,11930.75,11931.00,12069.50,11729.00,11862.75,485127,-28.00,11959.00,3,29,270,1,1,12044.00,11930.00,114.00,94,270,229.50
2022-12-15,NQH3,11898.00,11642.50,255.50,11686.00,11686.25,11715.50,11404.00,11460.50,469470,-176.50,11862.75,,,4,0,-1,11715.50,11526.50,189.00,,61,233.51
2022-12-16,NQH3,11487.75,11312.50,175.25,11428.75,11429.00,11491.50,11275.50,11342.25,500626,-31.50,11460.50,15,20,101,1,1,11491.50,11337.75,153.75,,60,232.54
2022-12-19,NQH3,11411.00,11320.50,90.50,11354.25,11354.00,11359.00,11131.75,11188.00,458938,11.75,11342.25,0,,2,0,-1,11359.00,11230.25,128.75,,90,236.56
2022-12-20,NQH3,11228.50,11043.50,185.00,11133.75,11133.50,11247.00,11066.75,11175.50,451773,-54.50,11188.00,33,62,,0,1,11219.50,11066.75,152.75,60,,233.97
2022-12-21,NQH3,11263.75,11187.00,76.75,11217.25,11217.50,11389.75,11181.00,11336.25,505178,42.00,11175.50,,19,5,1,-1,11303.00,11181.00,122.00,62,,236.86
2022-12-22,NQH3,11384.75,11187.50,197.25,11202.75,11203.00,11208.25,10870.50,11054.75,586034,-133.25,11336.25,,,1,0,-1,11208.25,11023.25,185.00,,60,252.44
2022-12-23,NQH3,11143.00,10979.25,163.75,10997.00,10997.00,11103.25,10916.25,11080.00,389076,-57.75,11054.75,60,,5,0,-1,11054.50,10916.25,138.25,60,,258.73
2022-12-27,NQH3,11183.75,11040.25,143.50,11051.50,11051.50,11056.00,10896.00,10918.75,399381,-28.50,11080.00,,,0,0,-1,11056.00,10896.00,160.00,,,256.06
2022-12-28,NQH3,10954.50,10891.50,63.00,10900.25,10900.25,10996.50,10758.75,10770.25,528614,-18.50,10918.75,2,3,0,1,-1,10996.50,10861.75,134.75,,85,259.27
2022-12-29,NQH3,10904.25,10777.50,126.75,10885.75,10885.50,11071.50,10856.50,11032.00,364477,115.25,10770.25,,4,,0,1,11016.75,10856.50,160.25,65,,242.24
2022-12-30,NQH3,11036.25,10904.25,132.00,10911.50,10911.50,11026.00,10855.50,11023.00,353994,-120.50,11032.00,,,0,0,-1,10947.75,10855.50,92.25,78,,240.68
2023-01-03,NQH3,11171.00,10952.00,219.00,11119.25,11119.00,11182.00,10844.75,10942.75,482351,96.00,11023.00,26,11,44,1,1,11182.00,10925.25,256.75,,61,247.03
2023-01-04,NQH3,11051.25,10920.25,131.00,11033.50,11033.50,11068.50,10863.50,10996.25,624145,90.75,10942.75,30,126,35,1,-1,11046.50,10863.50,183.00,126,,245.94
2023-01-05,NQH3,11046.75,10889.00,157.75,10922.25,10922.50,10927.25,10805.00,10820.00,548729,-73.75,10996.25,,,2,0,-1,10927.25,10814.75,112.50,,381,236.86
2023-01-06,NQH3,10969.50,10751.00,218.50,10891.00,10891.00,11165.75,10766.25,11114.50,546868,71.00,10820.00,10,73,,0,1,10945.00,10766.25,178.75,66,,249.05
2023-01-09,NQH3,11205.25,11120.25,85.00,11199.75,11199.75,11385.50,11159.75,11188.00,517551,85.25,11114.50,,0,,0,1,11325.00,11194.75,130.25,63,362,249.91
2023-01-10,NQH3,11205.75,11094.00,111.75,11142.75,11142.75,11286.25,11120.75,11286.00,420912,-45.25,11188.00,2,4,,0,1,11283.25,11138.00,145.25,389,74,249.78
2023-01-11,NQH3,11333.75,11239.75,94.00,11323.75,11323.75,11479.50,11291.00,11476.50,384881,37.75,11286.00,,0,,0,1,11388.00,11291.00,97.00,60,,244.64
2023-01-12,NQH3,11579.75,11291.00,288.75,11490.50,11490.00,11574.75,11311.25,11532.25,522771,13.50,11476.50,2,,,0,0,11518.75,11311.25,207.50,167,,234.97
2023-01-13,NQH3,11536.25,11389.00,147.25,11424.25,11424.00,11619.50,11408.75,11607.50,350109,-108.25,11532.25,76,77,,0,1,11522.00,11408.75,113.25,61,,228.49
2023-01-16,NQH3,11638.75,11510.25,128.50,11590.25,11591.25,11611.25,11560.50,11564.00,22913,-16.25,11607.50,6,,,0,0,11611.25,11582.00,29.25,,121,215.45
2023-01-17,NQH3,11604.25,11530.50,73.75,11598.75,11598.75,11685.00,11549.50,11627.50,374956,34.75,11564.00,9,0,,0,1,11685.00,11549.50,135.50,,,211.43
2023-01-18,NQH3,11721.75,11581.75,140.00,11695.00,11695.00,11759.50,11470.50,11479.50,468766,67.50,11627.50,74,1,97,1,1,11759.50,11672.25,87.25,,68,214.51
2023-01-19,NQH3,11487.00,11344.75,142.25,11407.25,11407.25,11454.25,11308.50,11360.50,436408,-72.25,11479.50,,,76,0,-1,11446.50,11348.75,97.75,306,76,212.79
2023-01-20,NQH3,11448.50,11365.25,83.25,11428.50,11428.25,11686.75,11383.50,11676.25,455327,67.75,11360.50,,22,,0,1,11491.75,11383.50,108.25,60,,217.51
2023-01-23,NQH3,11723.25,11650.50,72.75,11703.75,11704.00,11983.00,11671.75,11931.50,488229,27.75,11676.25,2,6,,0,1,11859.50,11671.75,187.75,61,,216.19
2023-01-24,NQH3,11944.75,11835.75,109.00,11860.00,11860.00,11951.50,11838.25,11905.75,380002,-71.50,11931.50,23,25,,0,1,11951.50,11838.25,113.25,,,212.50
2023-01-25,NQH3,11976.50,11701.00,275.50,11712.50,11712.50,11903.50,11604.50,11876.25,471786,-193.25,11905.75,,,0,0,-1,11724.00,11614.75,109.25,110,67,219.45
2023-01-26,NQH3,12025.75,11867.25,158.50,12017.25,12017.75,12111.25,11904.25,12105.00,460486,141.50,11876.25,,0,,0,1,12075.00,11947.00,128.00,354,84,217.91
2023-01-27,NQH3,12078.75,12016.00,62.75,12047.00,12047.25,12308.50,12041.75,12223.25,472432,-57.75,12105.00,15,2,,0,1,12193.25,12041.75,151.50,131,,220.50
2023-01-30,NQH3,12252.00,12039.00,213.00,12083.50,12082.25,12143.25,11960.00,11971.00,475022,-141.00,12223.25,,,57,0,-1,12143.25,12027.50,115.75,,65,221.14
2023-01-31,NQH3,12017.25,11871.00,146.25,11975.00,11974.25,12156.00,11969.00,12153.50,406103,3.25,11971.00,0,4,,0,1,12061.50,11969.00,92.50,60,,213.63
2023-02-01,NQH3,12168.75,12084.75,84.00,12144.00,12143.75,12516.25,12055.25,12420.75,525477,-9.75,12153.50,1,278,90,1,-1,12158.00,12101.25,56.75,269,81,226.43
2023-02-02,NQH3,12682.00,12501.75,180.25,12681.00,12681.25,12934.50,12647.25,12855.25,570556,260.50,12420.75,,0,,0,1,12748.25,12647.25,101.00,61,,234.68
2023-02-03,NQH3,12761.00,12551.25,209.75,12575.25,12574.25,12878.00,12558.50,12624.50,584425,-281.00,12855.25,78,46,,0,1,12834.00,12558.50,275.50,68,,230.68
2023-02-06,NQH3,12605.50,12457.25,148.25,12508.75,12509.00,12608.50,12455.75,12513.25,373719,-115.50,12624.50,,122,63,1,-1,12592.25,12473.50,118.75,117,60,227.03
2023-02-07,NQH3,12573.50,12475.50,98.00,12503.50,12504.00,12818.50,12459.25,12772.25,601762,-9.25,12513.25,0,123,244,1,1,12554.25,12477.00,77.25,98,244,236.71
2023-02-08,NQH3,12808.50,12699.50,109.00,12713.75,12713.75,12752.00,12512.75,12543.25,442663,-58.50,12772.25,,,3,0,-1,12752.00,12655.25,96.75,,60,239.25
2023-02-09,NQH3,12726.25,12541.25,185.00,12722.25,12722.50,12728.50,12366.50,12427.25,472539,179.25,12543.25,185,0,187,1,1,12728.50,12618.00,110.50,,60,244.18
2023-02-10,NQH3,12451.50,12270.50,181.00,12335.00,12335.25,12422.00,12243.25,12346.00,438739,-92.00,12427.25,,,154,0,-1,12422.00,12284.50,137.50,,148,242.57
2023-02-13,NQH3,12433.50,12265.25,168.25,12402.00,12402.25,12567.00,12352.00,12544.75,351864,56.25,12346.00,,16,,0,1,12473.00,12352.00,121.00,79,,250.79
2023-02-14,NQH3,12687.00,12460.00,227.00,12473.00,12474.00,12673.50,12390.50,12630.75,523142,-70.75,12544.75,17,,0,0,-1,12673.50,12390.50,283.00,,,258.16
2023-02-15,NQH3,12623.75,12531.25,92.50,12553.25,12553.50,12734.50,12524.25,12734.00,413694,-77.25,12630.75,20,20,38,1,1,12631.50,12524.25,107.25,120,,254.22
2023-02-16,NQH3,12792.75,12514.00,278.75,12523.75,12524.00,12694.25,12475.75,12481.50,505415,-210.00,12734.00,,,7,0,-1,12622.25,12496.50,125.75,61,362,257.86
2023-02-17,NQH3,12466.25,12338.00,128.25,12389.50,12390.00,12423.75,12265.75,12392.00,474019,-91.50,12481.50,,,15,0,-1,12423.75,12296.25,127.50,,112,250.60
2023-02-20,NQH3,12417.75,12346.50,71.25,12393.50,12393.25,12395.75,12366.00,12366.75,17400,1.25,12392.00,1,,,0,0,12395.75,12371.25,24.50,,151,236.53
2023-02-21,NQH3,12379.50,12224.50,155.00,12228.50,12229.00,12290.00,12090.25,12098.00,401412,-137.75,12366.75,,,0,0,-1,12290.00,12181.75,108.25,,60,240.85
2023-02-22,NQH3,12163.25,12063.25,100.00,12120.25,12120.75,12190.50,12034.00,12103.00,498580,22.75,12098.00,32,15,41,1,1,12174.50,12040.00,134.50,276,62,233.72
2023-02-23,NQH3,12261.00,12150.75,110.25,12252.00,12252.50,12259.75,12028.50,12206.25,496710,149.50,12103.00,86,,77,0,-1,12259.75,12164.75,95.00,,61,234.94
2023-02-24,NQH3,12214.50,11973.50,241.00,11994.00,11993.75,12043.00,11923.00,11998.00,485238,-212.50,12206.25,,,15,0,-1,12043.00,11934.00,109.00,,72,227.60
2023-02-27,NQH3,12153.00,11990.00,163.00,12131.75,12131.00,12189.50,12058.50,12084.00,452577,133.00,11998.00,,34,,0,1,12189.50,12106.25,83.25,,67,224.99
2023-02-28,NQH3,12146.25,12029.50,116.75,12056.00,12055.75,12172.75,12041.50,12064.50,509273,-28.25,12084.00,10,203,,0,1,12124.00,12041.50,82.50,172,,222.20
2023-03-01,NQH3,12141.75,11989.25,152.50,12052.00,12052.00,12079.50,11924.75,11965.25,594213,-12.50,12064.50,19,,36,0,-1,12079.50,11953.00,126.50,,99,206.89
2023-03-02,NQH3,11991.75,11832.50,159.25,11857.25,11857.50,12096.25,11846.25,12065.75,574405,-107.75,11965.25,246,268,,0,1,11931.25,11846.25,85.00,64,,205.03
2023-03-03,NQH3,12154.75,12012.00,142.75,12134.25,12134.75,12321.25,12111.50,12312.50,533430,69.00,12065.75,,15,,0,1,12225.50,12111.50,114.00,60,,199.54
2023-03-06,NQH3,12382.25,12276.25,106.00,12361.00,12360.75,12486.25,12314.25,12323.75,476183,48.25,12312.50,,3,,0,1,12442.25,12347.25,95.00,62,319,200.50
2023-03-07,NQH3,12381.25,12312.25,69.00,12324.00,12324.25,12362.75,12142.25,12169.00,579430,0.50,12323.75,0,,30,0,-1,12362.75,12180.25,182.50,,259,193.56
2023-03-08,NQH3,12217.25,12138.75,78.50,12185.00,12185.25,12254.50,12108.25,12231.25,493149,16.25,12169.00,10,64,30,1,-1,12216.00,12108.25,107.75,64,,188.91
2023-03-09,NQH3,12276.25,12136.25,140.00,12246.00,12246.25,12353.50,11977.50,12006.25,647191,15.00,12231.25,2,5,249,1,1,12353.50,12230.00,123.50,,199,189.61
2023-03-10,NQH3,12109.00,11921.50,187.50,12018.50,12018.00,12079.50,11795.00,11841.25,589920,11.75,12006.25,0,,11,0,-1,12027.50,11865.00,162.50,100,235,194.90
2023-03-13,NQH3,12172.50,11674.25,498.25,12165.00,12165.50,12213.50,12044.75,12073.00,308796,324.25,11841.25,,0,,0,1,12204.00,12103.75,100.25,184,65,192.59
2023-03-14,NQM3,12349.50,11954.00,395.50,12340.50,12340.50,12356.50,12168.50,12336.00,334939,267.50,12073.00,,2,,0,1,12356.50,12303.00,53.50,,97,187.84
2023-03-15,NQM3,12374.25,12096.75,277.50,12240.00,12240.50,12407.50,12183.50,12397.25,373033,-95.50,12336.00,175,177,,0,1,12312.00,12202.25,109.75,171,86,188.53
2023-03-16,NQM3,12599.25,12314.00,285.25,12596.25,12596.00,12735.75,12582.75,12711.50,323811,198.75,12397.25,,0,,0,1,12667.00,12582.75,84.25,80,,185.25
2023-03-17,NQM3,12811.25,12582.00,229.25,12607.25,12607.50,12699.25,12569.50,12648.50,327027,-104.00,12711.50,,,13,0,-1,12652.25,12569.50,82.75,60,,183.84
2023-03-20,NQM3,12750.00,12525.25,224.75,12691.75,12692.25,12708.00,12565.25,12701.00,278048,43.75,12648.50,18,,,0,0,12697.50,12565.25,132.25,260,,189.49
2023-03-21,NQM3,12837.25,12676.50,160.75,12757.00,12757.00,12898.25,12712.50,12876.25,275236,56.00,12701.00,,206,,0,1,12772.00,12712.50,59.50,60,,188.79
2023-03-22,NQM3,12939.00,12809.25,129.75,12919.00,12919.50,13082.00,12678.00,12698.75,493304,43.25,12876.25,53,9,258,1,1,12945.25,12875.25,70.00,150,97,201.16
2023-03-23,NQM3,13031.00,12694.25,336.75,12976.50,12976.50,13010.25,12733.50,12872.50,476282,277.75,12698.75,,,,0,0,13010.25,12957.50,52.75,,72,203.44
2023-03-24,NQM3,12920.25,12728.00,192.25,12750.50,12750.75,12924.75,12735.75,12922.75,306316,-121.75,12872.50,229,320,,0,1,12854.75,12735.75,119.00,184,,206.89
2023-03-27,NQM3,12984.50,12823.25,161.25,12848.50,12848.50,12868.75,12765.50,12814.25,265952,-74.25,12922.75,,,12,0,-1,12855.50,12765.50,90.00,197,,205.50
2023-03-28,NQM3,12833.50,12650.00,183.50,12704.00,12704.25,12754.50,12634.25,12748.00,258722,-110.00,12814.25,,,137,0,-1,12722.00,12671.50,50.50,262,61,204.95
2023-03-29,NQM3,12932.75,12742.00,190.75,12897.25,12897.75,12994.00,12889.75,12960.25,273035,149.75,12748.00,,118,,0,1,12930.50,12895.75,34.75,118,89,202.43
2023-03-30,NQM3,13111.75,12931.50,180.25,13079.75,13080.00,13099.00,13011.25,13089.75,254579,119.75,12960.25,,,,0,0,13088.00,13053.25,34.75,243,66,194.31
2023-03-31,NQM3,13200.00,13057.50,142.50,13187.25,13187.00,13311.50,13183.50,13308.00,320209,97.25,13089.75,,9,,0,1,13236.75,13183.50,53.25,60,,190.22
2023-04-03,NQM3,13275.50,13154.00,121.50,13184.75,13184.25,13278.75,13158.25,13261.75,235572,-123.75,13308.00,,266,,0,1,13209.50,13164.25,45.25,189,91,187.65
2023-04-04,NQM3,13348.75,13206.25,142.50,13237.50,13237.25,13251.25,13168.25,13231.25,258093,-24.50,13261.75,,,38,0,-1,13251.25,13184.50,66.75,,207,180.78
2023-04-05,NQM3,13247.25,13019.50,227.75,13038.00,13037.75,13092.75,13006.00,13072.50,264894,-193.50,13231.25,,,46,0,-1,13064.50,13007.25,57.25,152,61,177.80
2023-04-06,NQM3,13080.75,12953.25,127.50,13072.75,13072.75,13191.00,13065.75,13163.50,263799,0.25,13072.50,0,3,,0,1,13153.00,13065.75,87.25,62,,165.26
2023-04-10,NQM3,13203.25,12967.50,235.75,13064.75,13064.50,13173.25,13014.25,13166.00,269049,-99.00,13163.50,270,,,0,0,13088.50,13014.25,74.25,69,,158.99
2023-04-11,NQM3,13208.75,13055.75,153.00,13075.25,13074.75,13133.50,13053.50,13081.25,248875,-91.25,13166.00,,,16,0,-1,13104.75,13053.50,51.25,120,,154.55
2023-04-12,NQM3,13241.75,12975.75,266.00,13026.25,13026.00,13109.00,12937.75,12957.50,307357,-55.25,13081.25,31,,221,0,-1,13092.00,13010.25,81.75,100,181,153.71
2023-04-13,NQM3,13140.75,12925.50,215.25,13129.25,13129.50,13228.00,13110.25,13180.50,237944,172.00,12957.50,,29,,0,1,13158.50,13110.25,48.25,101,,148.40
2023-04-14,NQM3,13255.00,13101.00,154.00,13135.00,13135.50,13212.00,13058.00,13199.50,279118,-45.00,13180.50,254,,37,0,-1,13142.00,13097.25,44.75,173,61,148.45
2023-04-17,NQM3,13218.00,13111.50,106.50,13119.50,13119.50,13196.00,13076.75,13181.00,247136,-80.00,13199.50,,,0,0,-1,13119.50,13076.75,42.75,105,,147.93
2023-04-18,NQM3,13298.75,13156.75,142.00,13185.75,13186.00,13202.50,13138.00,13187.00,241707,5.00,13181.00,0,,9,0,-1,13199.00,13151.50,47.50,60,197,144.01
2023-04-19,NQM3,13186.75,13065.00,121.75,13147.50,13147.50,13226.75,13137.50,13168.25,234048,-39.50,13187.00,45,45,,0,1,13196.50,13137.50,59.00,63,,139.19
2023-04-20,NQM3,13165.75,13025.00,140.75,13123.00,13123.25,13200.00,13021.75,13091.00,351115,-45.00,13168.25,67,67,239,1,1,13150.50,13104.50,46.00,63,181,127.90
2023-04-21,NQM3,13107.75,12982.50,125.25,13065.00,13065.25,13122.00,13049.00,13076.00,246006,-25.75,13091.00,11,151,,0,1,13097.00,13049.00,48.00,131,,117.71
2023-04-24,NQM3,13134.00,12996.25,137.75,12998.25,12998.25,13067.75,12967.25,13049.50,273813,-77.75,13076.00,,,0,0,-1,13011.75,12967.25,44.50,68,,113.29
2023-04-25,NQM3,13059.50,12930.00,129.50,12950.00,12950.00,12950.00,12800.00,12918.75,375282,-99.50,13049.50,,,11,0,-1,12950.00,12903.50,46.50,,63,115.63
2023-04-26,NQM3,12996.50,12885.25,111.25,12976.50,12976.25,13012.25,12863.75,12960.50,340992,57.50,12918.75,139,31,187,1,1,13012.25,12968.25,44.00,,65,117.04
2023-04-27,NQM3,13146.50,12936.00,210.50,13136.00,13136.25,13333.00,13125.75,13260.75,329351,175.75,12960.50,,3,,0,1,13162.75,13125.75,37.00,74,,122.19
2023-04-28,NQM3,13293.00,13169.00,124.00,13214.75,13215.00,13336.00,13214.00,13325.75,266108,-45.75,13260.75,35,153,,0,1,13272.75,13214.00,58.75,85,,123.90
2023-05-01,NQM3,13370.25,13258.75,111.50,13267.50,13267.75,13363.50,13262.50,13289.00,229998,-58.00,13325.75,61,,,0,0,13321.25,13262.50,58.75,60,,122.55
2023-05-02,NQM3,13334.75,13116.75,218.00,13133.75,13133.75,13221.50,13110.25,13169.25,304448,-155.25,13289.00,,,4,0,-1,13160.75,13110.25,50.50,61,,122.09
2023-05-03,NQM3,13242.00,13157.00,85.00,13187.25,13187.50,13314.00,13080.00,13089.00,410540,18.25,13169.25,221,150,221,1,1,13216.75,13177.25,39.50,81,187,129.64
2023-05-04,NQM3,13173.00,13001.75,171.25,13071.00,13070.75,13131.25,13026.25,13046.50,289709,-18.25,13089.00,88,,,0,0,13084.25,13030.75,53.50,88,276,130.55
2023-05-05,NQM3,13277.75,13055.75,222.00,13272.25,13272.25,13359.00,13239.00,13310.50,254929,225.75,13046.50,,101,,0,1,13273.75,13240.25,33.50,97,79,130.29
2023-05-08,NQM3,13335.00,13254.50,80.50,13289.00,13289.50,13368.00,13279.25,13336.25,240432,-21.00,13310.50,16,102,,0,1,13324.25,13279.25,45.00,84,,126.78
2023-05-09,NQM3,13347.00,13264.25,82.75,13275.25,13275.25,13294.50,13250.50,13261.25,239201,-61.00,13336.25,,,27,0,-1,13285.00,13256.25,28.75,87,251,124.97
2023-05-10,NQM3,13433.75,13202.75,231.00,13366.50,13366.50,13446.75,13262.25,13408.75,385242,105.25,13261.25,,232,,0,1,13393.00,13332.50,60.50,194,88,125.64
2023-05-11,NQM3,13467.50,13361.50,106.00,13434.50,13434.50,13470.25,13393.50,13447.00,286978,25.75,13408.75,137,193,,0,1,13453.75,13417.50,36.25,72,137,123.59
2023-05-12,NQM3,13494.25,13376.00,118.25,13379.00,13379.25,13407.75,13310.50,13370.50,335658,-67.75,13447.00,,,3,0,-1,13407.75,13352.50,55.25,,60,120.75
2023-05-15,NQM3,13447.50,13350.00,97.50,13429.00,13429.25,13480.00,13418.00,13464.00,224514,58.75,13370.50,,29,,0,1,13449.50,13418.00,31.50,88,133,117.89
2023-05-16,NQM3,13538.75,13426.25,112.50,13538.50,13538.75,13554.50,13477.25,13503.25,260754,74.75,13464.00,,0,,0,1,13549.50,13501.50,48.00,70,261,118.53
2023-05-17,NQM3,13561.75,13474.25,87.50,13536.75,13536.75,13669.00,13530.00,13640.75,325866,33.50,13503.25,,63,,0,1,13560.50,13530.00,30.50,63,,121.01
2023-05-18,NQM3,13827.75,13628.25,199.50,13821.25,13821.00,13913.00,13756.25,13912.50,383617,180.25,13640.75,,7,,0,1,13855.25,13774.50,80.75,230,145,119.94
2023-05-19,NQM3,13960.25,13854.25,106.00,13854.50,13854.50,13886.75,13814.25,13841.00,297438,-58.00,13912.50,,,0,0,-1,13886.75,13822.25,64.50,,65,119.91
2023-05-22,NQM3,13946.75,13794.25,152.50,13913.00,13913.00,13942.75,13870.25,13915.50,223878,72.00,13841.00,,,,0,0,13921.25,13882.00,39.25,133,60,118.51
2023-05-23,NQM3,13979.25,13822.25,157.00,13869.00,13868.75,13872.75,13710.00,13732.75,350256,-46.75,13915.50,,,66,0,-1,13872.75,13831.25,41.50,,60,119.15
2023-05-24,NQM3,13755.75,13566.50,189.25,13615.00,13614.75,13845.75,13576.25,13842.25,337575,-118.00,13732.75,291,291,,0,1,13624.00,13576.25,47.75,126,,125.20
2023-05-25,NQM3,13986.75,13803.00,183.75,13963.25,13963.75,14031.25,13921.00,13981.50,336798,121.50,13842.25,,53,,0,1,14004.25,13921.00,83.25,150,,120.35
2023-05-26,NQM3,14269.25,13924.50,344.75,14246.25,14246.75,14369.00,14245.75,14367.25,319967,265.25,13981.50,,12,,0,1,14308.00,14245.75,62.25,68,,120.41
2023-05-29,NQM3,14459.75,14367.50,92.25,14382.75,14382.75,14412.25,14375.75,14404.75,6701,15.50,14367.25,,,,0,0,14386.25,14375.75,10.50,60,,117.19
2023-05-30,NQM3,14570.00,14378.50,191.50,14454.00,14453.50,14484.50,14336.75,14402.75,331330,48.75,14404.75,70,,120,0,-1,14484.50,14411.50,73.00,,60,119.01
2023-05-31,NQM3,14429.00,14265.75,163.25,14268.50,14269.25,14365.00,14251.25,14288.75,323127,-133.50,14402.75,,,0,0,-1,14309.75,14252.75,57.00,117,82,113.00
2023-06-01,NQM3,14402.50,14248.25,154.25,14382.75,14382.25,14528.25,14378.25,14496.75,273084,93.50,14288.75,,6,,0,1,14464.00,14378.25,85.75,85,,115.25
2023-06-02,NQM3,14627.75,14468.25,159.50,14586.50,14587.00,14609.00,14552.75,14587.75,231749,90.25,14496.75,,,,0,0,14598.75,14553.25,45.50,77,166,112.06
2023-06-05,NQM3,14678.00,14512.75,165.25,14672.00,14671.75,14694.75,14543.50,14582.25,284969,84.00,14587.75,182,1,,0,1,14692.75,14647.75,45.00,90,119,115.19
2023-06-06,NQM3,14615.00,14504.50,110.50,14562.25,14562.75,14623.75,14527.75,14594.50,270975,-19.50,14582.25,16,30,,0,1,14623.75,14560.00,63.75,,70,117.79
2023-06-07,NQM3,14675.00,14447.75,227.25,14486.50,14486.75,14509.25,14305.50,14316.00,385725,-107.75,14594.50,,,22,0,-1,14509.25,14373.50,135.75,,105,118.75
2023-06-08,NQM3,14494.25,14256.75,237.50,14491.00,14491.00,14526.75,14421.00,14521.25,250021,175.00,14316.00,,0,,0,1,14523.50,14478.50,45.00,316,78,120.20
2023-06-09,NQM3,14687.50,14460.25,227.25,14551.50,14551.25,14615.25,14496.25,14566.25,218303,30.00,14521.25,31,,,0,0,14576.00,14503.25,72.75,116,70,121.29
2023-06-12,NQM3,14832.75,14554.25,278.50,14815.50,14815.75,15011.50,14815.75,15009.50,189915,249.50,14566.25,,4,,0,1,14856.25,14815.75,40.50,66,,127.97
2023-06-13,NQU3,15151.25,14963.00,188.25,15093.25,15093.25,15115.75,15012.00,15107.50,250223,83.75,15009.50,,,,0,0,15096.75,15038.50,58.25,88,178,129.30
2023-06-14,NQU3,15216.00,15052.50,163.50,15197.25,15197.25,15243.50,14976.00,15233.50,408806,89.75,15107.50,150,274,151,1,-1,15204.00,15147.50,56.50,218,101,135.72
2023-06-15,NQU3,15294.50,15066.00,228.50,15293.50,15293.50,15441.00,15262.00,15367.75,324111,60.00,15233.50,,0,,0,1,15324.50,15278.75,45.75,134,66,136.84
2023-06-16,NQU3,15475.50,15315.00,160.50,15343.25,15343.25,15416.00,15258.50,15300.75,271878,-24.50,15367.75,25,,209,0,-1,15392.00,15329.75,62.25,63,183,141.09
2023-06-19,NQU3,15322.50,15230.50,92.00,15234.50,15234.75,15250.50,15232.75,15239.25,7678,-66.00,15300.75,,,,0,0,15250.50,15232.75,17.75,,,138.35
2023-06-20,NQU3,15310.75,15126.50,184.25,15176.25,15176.75,15287.50,15159.00,15244.25,234438,-62.50,15239.25,58,,,0,0,15245.75,15159.00,86.75,60,,136.64
2023-06-21,NQU3,15273.25,15002.25,271.00,15046.50,15046.00,15149.75,15025.75,15038.00,295195,-198.25,15244.25,,,,0,0,15091.75,15025.75,66.00,147,,129.36
2023-06-22,NQU3,15149.00,14964.00,185.00,15109.25,15109.50,15238.00,15082.50,15233.25,262250,71.50,15038.00,,11,,0,1,15181.00,15100.50,80.50,206,93,131.63
2023-06-23,NQU3,15236.00,14985.25,250.75,15019.00,15019.25,15155.25,15007.25,15053.25,279746,-214.00,15233.25,,,,0,0,15112.75,15007.25,105.50,60,,132.86
2023-06-26,NQU3,15152.50,14982.50,170.00,14998.50,14998.50,15028.75,14853.50,14872.75,327704,-54.75,15053.25,,,13,0,-1,15028.75,14910.50,118.25,,60,139.80
2023-06-27,NQU3,14982.75,14862.25,120.50,14982.25,14982.50,15139.25,14974.00,15088.50,253406,109.75,14872.75,,0,,0,1,15029.75,14974.00,55.75,60,,140.68
2023-06-28,NQU3,15207.25,15021.25,186.00,15144.75,15145.00,15219.00,15058.75,15156.50,305703,56.50,15088.50,74,42,,0,1,15219.00,15133.00,86.00,,61,143.00
2023-06-29,NQU3,15202.75,15028.50,174.25,15131.50,15131.50,15139.75,15037.00,15108.25,239655,-25.00,15156.50,,,,0,0,15139.75,15087.50,52.25,,88,140.64
2023-06-30,NQU3,15376.75,15099.00,277.75,15328.00,15328.00,15369.25,15284.00,15316.50,232068,219.75,15108.25,,,,0,0,15330.25,15284.00,46.25,60,,142.09
2023-07-03,NQU3,15392.00,15308.50,83.50,15321.75,15322.00,15367.00,15308.00,15357.00,53783,5.50,15316.50,2,,14,0,-1,15345.00,15308.00,37.00,64,,137.47
2023-07-04,NQU3,15368.50,15334.25,34.25,15353.00,15353.50,15356.50,15340.50,15344.50,4804,-3.50,15357.00,,,,0,0,15356.50,15344.50,12.00,,73,133.47
2023-07-05,NQU3,15432.00,15255.25,176.75,15362.00,15362.00,15392.00,15324.25,15354.50,204053,17.50,15344.50,31,,,0,0,15380.25,15338.25,42.00,151,166,126.67
2023-07-06,NQU3,15366.00,15111.50,254.50,15135.75,15136.00,15252.00,15136.00,15222.25,212812,-218.50,15354.50,,,,0,0,15204.00,15136.00,68.00,61,,127.19
2023-07-07,NQU3,15314.00,15176.50,137.50,15249.00,15249.50,15359.75,15172.25,15192.50,243912,27.25,15222.25,255,63,260,1,1,15305.75,15240.75,65.00,62,250,130.61
2023-07-10,NQU3,15214.75,15078.00,136.75,15155.75,15155.50,15218.25,15063.25,15193.00,249133,-37.00,15192.50,177,276,33,1,-1,15176.50,15063.25,113.25,121,,128.57
2023-07-11,NQU3,15239.75,15109.50,130.25,15180.25,15180.50,15278.75,15157.00,15262.50,246139,-12.50,15193.00,20,30,,0,1,15250.00,15163.00,87.00,257,176,129.47
2023-07-12,NQU3,15507.75,15254.50,253.25,15450.25,15450.25,15478.00,15344.00,15458.25,304601,187.75,15262.50,,,,0,0,15458.50,15344.00,114.50,130,,122.80
2023-07-13,NQU3,15621.50,15456.50,165.00,15599.50,15599.75,15741.25,15592.75,15699.75,253298,141.50,15458.25,,12,,0,1,15658.50,15592.75,65.75,61,,121.28
2023-07-14,NQU3,15857.25,15680.00,177.25,15807.75,15807.75,15832.25,15663.00,15693.75,287810,108.00,15699.75,208,,211,0,-1,15832.25,15764.00,68.25,,77,121.86
2023-07-17,NQU3,15784.25,15661.50,122.75,15780.00,15780.50,15882.75,15760.25,15826.25,248653,86.75,15693.75,,2,,0,1,15811.00,15767.25,43.75,138,62,127.10
2023-07-18,NQU3,15843.75,15733.00,110.75,15783.50,15783.75,16029.75,15772.75,15948.25,346192,-42.50,15826.25,13,16,,0,1,15908.25,15772.75,135.50,60,,133.53
2023-07-19,NQU3,16049.00,15945.00,104.00,16031.75,16032.00,16062.75,15911.25,15939.50,344754,83.75,15948.25,70,5,96,1,1,16062.75,15961.75,101.00,,61,134.90
2023-07-20,NQU3,15925.75,15699.25,226.50,15742.75,15743.00,15785.00,15547.00,15596.25,391413,-196.50,15939.50,,,64,0,-1,15785.00,15711.50,73.50,,61,139.03
2023-07-21,NQU3,15719.25,15549.00,170.25,15633.25,15633.25,15654.50,15522.25,15555.00,332300,37.00,15596.25,14,,219,0,-1,15642.50,15573.00,69.50,125,60,138.24
2023-07-24,NQU3,15618.75,15483.75,135.00,15554.75,15555.00,15597.75,15518.50,15569.00,233695,0.00,15555.00,0,,,0,0,15582.00,15518.50,63.50,143,,133.44
2023-07-25,NQU3,15672.25,15549.25,123.00,15649.50,15649.25,15736.25,15610.00,15727.00,273945,80.25,15569.00,,7,,0,1,15686.00,15646.50,39.50,82,271,131.49
2023-07-26,NQU3,15739.25,15515.00,224.25,15550.50,15550.25,15710.50,15519.75,15625.00,362959,-176.75,15727.00,,,,0,0,15598.50,15548.25,50.25,161,83,133.01
2023-07-27,NQU3,15904.00,15631.50,272.50,15823.75,15823.75,15856.75,15511.25,15584.25,434305,198.75,15625.00,177,,176,0,-1,15852.50,15781.00,71.50,60,98,145.15
2023-07-28,NQU3,15875.50,15546.25,329.25,15863.75,15864.00,15896.00,15774.50,15846.00,293894,279.75,15584.25,,11,,0,1,15896.00,15857.50,38.50,,88,146.96
2023-07-31,NQU3,15917.00,15791.25,125.75,15852.00,15853.00,15876.25,15800.25,15869.00,219804,7.00,15846.00,1,,,0,0,15862.50,15821.25,41.25,60,92,147.81
2023-08-01,NQU3,15889.25,15728.25,161.00,15822.50,15822.50,15849.25,15778.00,15808.50,203300,-46.50,15869.00,,,,0,0,15829.00,15788.00,41.00,90,61,150.57
2023-08-02,NQU3,15789.75,15484.50,305.25,15503.75,15503.50,15522.25,15414.00,15451.00,323078,-305.00,15808.50,,,18,0,-1,15522.25,15414.00,108.25,,,152.60
2023-08-03,NQU3,15507.50,15339.50,168.00,15462.25,15462.75,15551.75,15410.75,15447.50,269317,11.75,15451.00,5,76,,0,1,15486.25,15441.75,44.50,67,161,153.85
2023-08-04,NQU3,15583.50,15392.75,190.75,15543.00,15543.00,15610.25,15336.50,15362.75,345194,95.50,15447.50,169,55,189,1,1,15592.50,15524.00,68.50,60,148,158.16
2023-08-07,NQU3,15473.25,15339.50,133.75,15360.50,15360.00,15495.50,15334.25,15490.50,228544,-2.75,15362.75,0,260,3,1,-1,15427.00,15334.25,92.75,85,,158.47
2023-08-08,NQU3,15497.75,15221.00,276.75,15260.50,15260.25,15370.00,15218.00,15351.00,257119,-230.25,15490.50,,,20,0,-1,15279.75,15218.00,61.75,62,,159.99
2023-08-09,NQU3,15432.50,15150.25,282.25,15170.75,15171.00,15306.50,15146.50,15203.75,314292,-180.00,15351.00,,,23,0,-1,15207.75,15146.50,61.25,62,,161.29
2023-08-10,NQU3,15442.25,15200.75,241.50,15296.75,15297.00,15326.25,15136.00,15217.75,348414,93.25,15203.75,57,,57,0,-1,15326.25,15196.25,130.00,,113,163.38
2023-08-11,NQU3,15266.75,15052.00,214.75,15057.75,15057.00,15138.00,15037.25,15103.75,270745,-160.75,15217.75,,,3,0,-1,15119.25,15037.25,82.00,176,,159.95
2023-08-14,NQU3,15248.00,15020.75,227.25,15221.00,15221.25,15282.00,15172.25,15280.00,219165,117.50,15103.75,,254,,0,1,15246.75,15172.25,74.50,254,,159.31
2023-08-15,NQU3,15335.00,15107.50,227.50,15171.50,15171.50,15208.00,15074.75,15110.00,230325,-108.50,15280.00,,,236,0,-1,15208.00,15163.25,44.75,,76,153.13
2023-08-16,NQU3,15166.00,15051.00,115.00,15099.50,15099.25,15100.75,14921.50,14937.00,343452,-10.75,15110.00,,,20,0,-1,15100.75,15006.00,94.75,,97,154.51
2023-08-17,NQU3,15018.25,14856.75,161.50,14868.75,14869.00,14957.50,14738.25,14743.50,328056,-68.00,14937.00,57,,155,0,-1,14946.50,14858.75,87.75,84,155,153.57
2023-08-18,NQU3,14791.00,14609.25,181.75,14671.00,14670.75,14802.75,14648.00,14744.00,323022,-72.75,14743.50,33,256,,0,1,14751.00,14648.00,103.00,182,,154.70
2023-08-21,NQU3,14932.50,14720.50,212.00,14811.00,14811.50,15013.75,14788.75,14972.00,291875,67.50,14744.00,,116,,0,1,14878.00,14788.75,89.25,60,,161.99
2023-08-22,NQU3,15118.25,14943.00,175.25,15021.00,15021.00,15036.75,14932.00,14963.25,268673,49.00,14972.00,39,,45,0,-1,15036.75,14933.50,103.25,,144,160.91
2023-08-23,NQU3,15198.25,14957.25,241.00,15189.50,15189.75,15356.75,15167.75,15355.75,259314,226.50,14963.25,,26,,0,1,15207.00,15167.75,39.25,106,,160.82
2023-08-24,NQU3,15418.00,14991.25,426.75,15018.00,15017.75,15039.50,14817.00,14832.50,348201,-338.00,15355.75,,,5,0,-1,15018.25,14943.50,74.75,66,194,154.68
2023-08-25,NQU3,15048.75,14751.75,297.00,14860.75,14860.75,15027.00,14793.50,14972.25,349435,28.25,14832.50,3,,,0,0,14891.25,14793.50,97.75,69,,160.28
2023-08-28,NQU3,15126.50,14973.50,153.00,15016.75,15017.00,15110.25,14983.50,15098.00,268303,44.75,14972.25,,,,0,0,15039.00,14983.50,55.50,73,,162.81
2023-08-29,NQU3,15354.00,15049.75,304.25,15344.50,15344.75,15430.50,15342.75,15426.25,258408,246.75,15098.00,,2,,0,1,15391.00,15342.75,48.25,125,,163.64
2023-08-30,NQU3,15507.25,15361.50,145.75,15463.00,15463.25,15522.75,15450.00,15513.00,221032,37.00,15426.25,,46,,0,1,15518.00,15458.50,59.50,63,157,161.86
2023-08-31,NQU3,15606.75,15460.00,146.75,15566.50,15566.75,15596.00,15493.00,15536.50,255285,53.75,15513.00,76,,,0,0,15582.75,15517.50,65.25,159,75,159.96
2023-09-01,NQU3,15661.25,15482.00,179.25,15507.50,15507.75,15527.25,15454.00,15511.25,209463,-28.75,15536.50,,,15,0,-1,15516.00,15454.00,62.00,82,,149.94
2023-09-04,NQU3,15578.75,15500.50,78.25,15519.25,15519.75,15534.00,15518.25,15523.75,7364,8.50,15511.25,,,,0,0,15530.75,15518.25,12.50,66,,142.66
2023-09-05,NQU3,15577.00,15418.25,158.75,15531.75,15532.25,15586.75,15503.00,15517.50,207829,8.50,15523.75,1,179,,0,1,15554.75,15503.00,51.75,67,,139.25
2023-09-06,NQU3,15533.00,15348.25,184.75,15389.50,15390.00,15404.75,15310.50,15386.75,259543,-127.50,15517.50,,,59,0,-1,15399.00,15334.00,65.00,269,60,135.96
2023-09-07,NQU3,15395.75,15157.50,238.25,15229.00,15229.00,15311.75,15197.50,15286.25,236337,-157.75,15386.75,,,,0,0,15270.50,15197.50,73.00,62,,132.16
2023-09-08,NQU3,15390.75,15223.00,167.75,15355.25,15355.25,15369.75,15255.75,15313.00,224308,69.00,15286.25,165,,,0,0,15369.75,15325.00,44.75,,62,132.82
2023-09-11,NQU3,15646.75,15298.75,348.00,15593.50,15593.25,15696.00,15559.50,15670.00,190650,280.25,15313.00,,121,,0,1,15599.50,15559.50,40.00,60,,134.16
2023-09-12,NQZ3,15680.00,15516.75,163.25,15544.25,15544.25,15615.75,15483.75,15506.00,259052,-125.75,15670.00,,,201,0,-1,15577.25,15544.00,33.25,109,144,134.10
2023-09-13,NQZ3,15595.00,15406.00,189.00,15592.25,15592.25,15619.75,15508.25,15573.00,271014,86.25,15506.00,,0,,0,1,15603.75,15537.50,66.25,86,205,130.71
2023-09-14,NQZ3,15694.75,15531.00,163.75,15660.50,15660.50,15714.50,15627.00,15677.25,239493,87.50,15573.00,,46,,0,1,15699.50,15627.00,72.50,84,,124.13
2023-09-15,NQZ3,15719.75,15414.25,305.50,15430.25,15430.50,15468.00,15356.75,15383.00,309610,-246.75,15677.25,,,6,0,-1,15448.00,15412.00,36.00,62,103,121.95
2023-09-18,NQZ3,15439.50,15330.50,109.00,15422.25,15422.00,15461.00,15379.00,15425.25,194388,39.00,15383.00,205,2,,0,1,15455.50,15419.50,36.00,60,200,114.80
2023-09-19,NQZ3,15442.25,15248.50,193.75,15281.00,15280.75,15408.00,15258.00,15383.00,249181,-144.50,15425.25,,,,0,0,15295.00,15258.00,37.00,86,,117.06
2023-09-20,NQZ3,15436.25,15330.25,106.00,15335.75,15336.25,15392.00,15127.00,15133.75,351067,-46.75,15383.00,69,,11,0,-1,15377.50,15328.50,49.00,60,150,120.86
2023-09-21,NQZ3,15149.00,14919.00,230.00,14943.00,14942.75,15001.00,14841.00,14849.75,271679,-191.00,15133.75,,,211,0,-1,14973.50,14921.00,52.50,99,203,117.74
2023-09-22,NQZ3,15017.25,14836.25,181.00,15010.50,15010.75,15027.50,14852.50,14876.25,299510,161.00,14849.75,,2,,0,1,15027.50,14971.50,56.00,,108,114.81
2023-09-25,NQZ3,14946.00,14782.25,163.75,14896.50,14897.00,14955.75,14842.50,14951.00,243858,20.75,14876.25,81,271,,0,1,14936.25,14884.00,52.25,269,77,114.14
2023-09-26,NQZ3,14949.00,14724.50,224.50,14728.75,14728.75,14784.00,14666.25,14725.25,304018,-222.25,14951.00,,,35,0,-1,14772.50,14722.25,50.25,63,127,115.64
2023-09-27,NQZ3,14806.00,14682.00,124.00,14738.75,14738.50,14821.50,14586.00,14766.50,391288,13.25,14725.25,6,221,17,1,-1,14741.25,14643.25,98.00,192,108,123.78
2023-09-28,NQZ3,14827.25,14658.00,169.25,14827.00,14826.75,14947.50,14811.25,14876.50,327309,60.25,14766.50,,0,,0,1,14947.50,14825.00,122.50,,186,125.44
2023-09-29,NQZ3,15060.75,14825.50,235.25,14954.00,14953.50,14965.75,14811.00,14891.50,373094,77.00,14876.50,92,,148,0,-1,14965.75,14907.75,58.00,,79,129.51
2023-10-02,NQZ3,15046.00,14826.00,220.00,15039.00,15039.00,15045.25,14864.25,14992.50,344432,147.50,14891.50,40,,,0,0,15045.25,14886.00,159.25,,80,137.78
2023-10-03,NQZ3,15031.00,14725.00,306.00,14738.00,14737.25,14785.00,14651.50,14714.50,308864,-255.25,14992.50,,,3,0,-1,14776.00,14710.50,65.50,71,126,140.26
2023-10-04,NQZ3,14857.00,14589.00,268.00,14838.75,14839.00,14956.00,14804.00,14902.50,308925,124.50,14714.50,,8,,0,1,14899.00,14829.00,70.00,221,120,143.15
2023-10-05,NQZ3,14958.75,14716.25,242.50,14756.25,14756.00,14907.00,14735.25,14860.75,282420,-146.50,14902.50,191,,,0,0,14823.75,14735.25,88.50,60,,146.03
2023-10-06,NQZ3,14950.50,14660.00,290.50,14923.50,14923.75,15160.25,14922.50,15139.50,329547,63.00,14860.75,,2,,0,1,15072.75,14922.50,150.25,105,,152.21
2023-10-09,NQZ3,15066.75,14949.50,117.25,15031.25,15031.50,15212.75,15021.75,15195.00,259061,-108.00,15139.50,130,38,,0,1,15095.50,15021.75,73.75,116,,154.94
2023-10-10,NQZ3,15359.00,15171.75,187.25,15351.50,15351.75,15383.50,15255.25,15282.00,305408,156.75,15195.00,,2,,0,1,15383.50,15348.00,35.50,,91,154.75
2023-10-11,NQZ3,15387.25,15273.25,114.00,15313.25,15313.50,15416.75,15253.00,15410.75,265519,31.50,15282.00,47,271,109,1,-1,15330.75,15276.25,54.50,175,84,157.36
2023-10-12,NQZ3,15467.00,15361.50,105.50,15418.25,15418.25,15468.75,15216.25,15324.00,376792,7.50,15410.75,4,52,99,1,1,15468.75,15409.25,59.50,,92,165.61
2023-10-13,NQZ3,15366.75,15147.25,219.50,15159.25,15159.25,15200.75,15062.25,15107.50,385824,-164.75,15324.00,,,1,0,-1,15186.75,15109.25,77.50,61,117,166.97
2023-10-16,NQZ3,15325.75,15083.00,242.75,15302.25,15301.75,15336.75,15212.00,15304.75,283722,194.25,15107.50,,223,,0,1,15310.00,15256.00,54.00,96,110,169.11
2023-10-17,NQZ3,15306.50,15050.25,256.25,15231.50,15231.25,15309.25,15178.25,15242.50,341370,-73.50,15304.75,54,54,,0,1,15309.00,15231.00,78.00,60,122,168.16
2023-10-18,NQZ3,15238.25,15093.00,145.25,15130.00,15130.00,15177.25,14979.25,15061.25,438999,-112.50,15242.50,,,79,0,-1,15177.25,15107.25,70.00,,65,164.81
2023-10-19,NQZ3,15109.00,14937.00,172.00,15014.00,15014.00,15138.25,14839.50,14850.50,583776,-47.25,15061.25,18,33,66,1,1,15138.25,15003.75,134.50,,62,171.75
2023-10-20,NQZ3,14887.50,14666.25,221.25,14676.25,14676.00,14803.25,14645.00,14649.00,398452,-174.50,14850.50,,,2,0,-1,14739.00,14660.25,78.75,67,262,170.91
2023-10-23,NQZ3,14749.00,14514.25,234.75,14741.00,14741.25,14853.75,14699.25,14749.00,335293,92.25,14649.00,,4,,0,1,14788.00,14727.00,61.00,68,240,172.97
2023-10-24,NQZ3,14878.00,14720.00,158.00,14802.25,14802.00,14948.75,14706.00,14830.75,326848,53.00,14749.00,58,271,73,1,-1,14834.00,14736.00,98.00,200,60,179.22
2023-10-25,NQZ3,14855.00,14596.75,258.25,14637.25,14637.50,14649.00,14444.00,14467.75,386293,-193.25,14830.75,,,13,0,-1,14649.00,14562.25,86.75,,71,177.70
2023-10-26,NQZ3,14459.00,14251.00,208.00,14257.50,14257.75,14332.50,14140.25,14209.50,448104,-210.00,14467.75,,,12,0,-1,14285.00,14160.25,124.75,183,70,180.50
2023-10-27,NQZ3,14407.75,14246.50,161.25,14389.50,14390.25,14394.25,14209.75,14270.00,348045,180.75,14209.50,,,108,0,-1,14394.25,14314.00,80.25,,80,181.99
2023-10-30,NQZ3,14476.50,14303.00,173.50,14340.50,14340.50,14472.00,14310.50,14412.75,328171,70.50,14270.00,,,,0,0,14398.75,14334.50,64.25,119,73,181.01
2023-10-31,NQZ3,14454.00,14311.25,142.75,14379.75,14380.00,14503.75,14366.25,14452.00,317393,-32.75,14412.75,30,132,,0,1,14416.50,14366.25,50.25,62,,181.21
2023-11-01,NQZ3,14649.50,14410.75,238.75,14590.75,14591.00,14762.00,14558.00,14761.25,376695,139.00,14452.00,,183,,0,1,14620.00,14576.00,44.00,150,71,183.81
2023-11-02,NQZ3,14972.00,14760.00,212.00,14940.25,14940.25,15017.25,14922.75,14970.50,266231,179.00,14761.25,,102,,0,1,14962.25,14922.75,39.50,71,,179.95
2023-11-03,NQZ3,15163.25,14925.50,237.75,15104.75,15105.00,15228.50,15102.50,15186.25,262047,134.50,14970.50,,46,,0,1,15191.00,15102.50,88.50,62,,174.36
2023-11-06,NQZ3,15225.25,15162.75,62.50,15204.00,15204.00,15257.50,15138.00,15233.75,388013,17.75,15186.25,45,1,229,1,1,15257.50,15185.00,72.50,,202,170.79
2023-11-07,NQZ3,15284.50,15176.00,108.50,15276.00,15275.75,15412.25,15224.00,15375.25,447077,42.00,15233.75,5,0,,0,1,15344.25,15224.00,120.25,61,,173.79
2023-11-08,NQZ3,15390.00,15336.25,53.75,15388.75,15388.50,15417.50,15286.75,15383.75,433346,13.25,15375.25,1,0,71,1,1,15417.50,15339.75,77.75,,70,172.14
2023-11-09,NQZ3,15411.00,15345.25,65.75,15404.50,15404.50,15453.75,15236.75,15258.75,579237,20.75,15383.75,4,0,213,1,1,15432.75,15352.50,80.25,141,61,170.36
2023-11-10,NQZ3,15331.00,15207.25,123.75,15327.75,15327.75,15604.50,15305.50,15597.25,507061,69.00,15258.75,,7,,0,1,15390.75,15305.50,85.25,93,,178.39
2023-11-13,NQZ3,15601.25,15509.50,91.75,15529.75,15529.75,15589.50,15465.25,15547.75,406028,-67.50,15597.25,,,5,0,-1,15539.00,15465.25,73.75,77,,178.36
2023-11-14,NQZ3,15839.75,15552.00,287.75,15812.25,15812.00,15918.75,15790.25,15878.75,457892,264.25,15547.75,,8,,0,1,15887.50,15790.25,97.25,61,,178.24
2023-11-15,NQZ3,16049.50,15895.00,154.50,15957.50,15957.25,15977.25,15832.50,15890.50,501382,78.50,15878.75,213,,144,0,-1,15973.50,15906.00,67.50,81,132,175.57
2023-11-16,NQZ3,15883.25,15822.00,61.25,15851.00,15850.75,15906.75,15796.75,15897.25,482051,-39.75,15890.50,26,24,72,1,1,15905.75,15825.25,80.50,377,72,166.14
2023-11-17,NQZ3,15919.75,15860.00,59.75,15862.75,15862.75,15940.00,15825.00,15897.50,430168,-34.50,15897.25,159,245,0,1,-1,15880.75,15827.00,53.75,152,95,163.97
2023-11-20,NQZ3,15932.00,15837.25,94.75,15895.25,15895.00,16116.75,15894.75,16088.50,426456,-2.50,15897.50,0,1,,0,1,16002.25,15894.75,107.50,90,,167.35
2023-11-21,NQZ3,16122.50,16000.25,122.25,16013.75,16013.00,16020.75,15916.75,15988.50,422298,-75.50,16088.50,,,0,0,-1,16020.75,15922.00,98.75,,61,160.41
2023-11-22,NQZ3,16079.25,15942.75,136.50,16070.25,16069.75,16173.50,16005.50,16048.00,478041,81.25,15988.50,,0,,0,1,16173.50,16005.50,168.00,,,158.56
2023-11-23,NQZ3,16086.50,16034.50,52.00,16063.25,16063.00,16074.75,16051.50,16062.50,23869,15.00,16048.00,,,,0,0,16069.25,16051.50,17.75,80,,150.11
2023-11-24,NQZ3,16077.00,16024.50,52.50,16028.25,16028.50,16053.50,15981.75,16011.00,149970,-34.00,16062.50,,,0,0,-1,16053.50,15990.50,63.00,,81,144.47
2023-11-27,NQZ3,16021.75,15938.75,83.00,15998.75,15999.00,16089.25,15970.25,16007.50,386735,-12.00,16011.00,0,1,,0,1,16050.25,15970.25,80.00,87,,142.35
2023-11-28,NQZ3,16014.00,15945.25,68.75,15974.50,15974.50,16071.50,15958.50,16048.00,471672,-33.00,16007.50,4,70,,0,1,16007.50,15958.50,49.00,70,,141.13
2023-11-29,NQZ3,16173.25,16040.50,132.75,16147.25,16147.25,16208.50,16013.50,16026.00,480243,99.25,16048.00,111,3,120,1,1,16208.50,16085.00,123.50,,101,140.68
2023-11-30,NQZ3,16098.50,16027.25,71.25,16033.00,16032.50,16051.50,15856.00,15981.00,533016,6.50,16026.00,0,,0,0,-1,16051.50,15918.75,132.75,,69,145.72
2023-12-01,NQZ3,16000.75,15919.25,81.50,15933.25,15933.50,16050.00,15864.00,16025.00,499126,-47.50,15981.00,106,134,0,1,-1,15963.50,15873.50,90.00,102,60,148.72
2023-12-04,NQZ3,16026.00,15848.50,177.50,15862.25,15862.50,15885.75,15721.25,15871.25,561944,-162.50,16025.00,,,2,0,-1,15876.50,15746.75,129.75,380,62,150.97
2023-12-05,NQZ3,15863.25,15761.25,102.00,15791.50,15791.25,15961.00,15783.25,15912.00,540240,-80.00,15871.25,30,26,,0,1,15936.75,15783.25,153.50,75,,150.45
2023-12-06,NQZ3,16037.00,15891.00,146.00,16034.25,16033.50,16037.75,15802.00,15815.00,510502,121.50,15912.00,54,0,55,1,1,16037.75,15875.75,162.00,,124,155.70
2023-12-07,NQZ3,15940.00,15791.00,149.00,15934.50,15934.25,16066.00,15887.50,16035.25,473720,119.25,15815.00,,2,,0,1,15997.00,15887.50,109.50,61,,153.78
2023-12-08,NQZ3,16038.75,15888.25,150.50,15956.25,15956.00,16118.75,15947.25,16098.75,394552,-79.25,16035.25,30,30,,0,1,16113.50,15947.25,166.25,317,,147.40
2023-12-11,NQZ3,16307.75,16059.25,248.50,16290.00,16290.25,16459.50,16281.50,16447.75,317465,191.50,16098.75,,3,,0,1,16387.50,16281.50,106.00,77,,150.09
2023-12-12,NQH4,16548.00,16440.25,107.75,16445.00,16444.25,16579.75,16396.50,16577.50,371831,-3.50,16447.75,1,326,0,1,-1,16490.25,16396.50,93.75,89,,152.82
2023-12-13,NQH4,16635.75,16590.00,45.75,16609.50,16609.50,16806.50,16576.00,16779.50,515258,32.00,16577.50,228,2,194,1,1,16657.25,16597.25,60.00,272,143,157.11
2023-12-14,NQH4,16885.00,16775.25,109.75,16820.50,16820.50,16877.25,16628.00,16755.50,560457,41.00,16779.50,67,,68,0,-1,16877.25,16786.00,91.25,,61,164.07
2023-12-15,NQH4,16818.50,16732.25,86.25,16788.00,16787.50,16887.25,16762.50,16819.75,489396,32.00,16755.50,,7,,0,1,16866.00,16780.00,86.00,60,252,164.56
2023-12-18,NQH4,16858.75,16802.25,56.50,16846.50,16846.50,16974.00,16832.50,16938.25,341129,26.75,16819.75,,1,,0,1,16905.50,16832.50,73.00,120,,160.54
2023-12-19,NQH4,16989.25,16910.75,78.50,16952.50,16952.25,17027.50,16944.50,17021.00,383666,14.00,16938.25,,13,,0,1,16997.75,16944.50,53.25,62,,159.49
2023-12-20,NQH4,17046.00,16962.00,84.00,16986.00,16985.50,17073.50,16760.25,16764.25,523135,-35.50,17021.00,25,47,310,1,1,17054.50,16971.00,83.50,60,310,166.75
2023-12-21,NQH4,16970.25,16790.25,180.00,16922.50,16922.25,16966.00,16815.00,16950.50,480953,158.00,16764.25,,,,0,0,16958.75,16843.25,115.50,381,155,173.14
2023-12-22,NQH4,17014.00,16891.50,122.50,16999.75,16999.25,17041.50,16896.00,16980.25,363627,48.75,16950.50,287,1,,0,1,17041.50,16989.25,52.25,,90,176.82
2023-12-26,NQH4,17037.25,16964.50,72.75,17009.50,17009.50,17111.25,17005.50,17084.50,224683,29.25,16980.25,,6,,0,1,17057.00,17005.50,51.50,68,,176.16
2023-12-27,NQH4,17106.25,17072.75,33.50,17092.00,17091.75,17127.75,17055.50,17116.75,344068,7.25,17084.50,42,1,44,1,1,17124.75,17055.50,69.25,222,,174.13
2023-12-28,NQH4,17165.25,17118.25,47.00,17148.50,17148.25,17159.00,17077.75,17090.75,277012,31.50,17116.75,19,,15,0,-1,17159.00,17102.75,56.25,,214,168.44
2023-12-29,NQH4,17131.00,17066.00,65.00,17088.75,17089.00,17107.50,16938.25,17019.00,386780,-1.75,17090.75,1,,69,0,-1,17107.50,17073.75,33.75,,64,167.13
2024-01-02,NQH4,17038.50,16817.00,221.50,16862.00,16861.75,16873.50,16622.50,16721.00,496978,-157.25,17019.00,,,8,0,-1,16873.50,16716.75,156.75,,60,170.38
2024-01-03,NQH4,16737.25,16591.50,145.75,16609.75,16610.00,16653.50,16522.00,16540.75,534632,-111.00,16721.00,,,0,0,-1,16653.50,16556.50,97.00,,68,168.72
2024-01-04,NQH4,16587.25,16444.00,143.25,16453.25,16453.25,16583.75,16436.00,16443.75,427532,-87.50,16540.75,82,,0,0,-1,16533.25,16443.25,90.00,80,385,167.22
2024-01-05,NQH4,16469.00,16334.25,134.75,16449.25,16449.25,16577.25,16403.75,16463.75,459316,5.50,16443.75,0,2,,0,1,16555.25,16437.50,117.75,63,226,164.11
2024-01-08,NQH4,16514.25,16378.25,136.00,16511.00,16512.00,16811.25,16505.50,16801.25,412971,48.25,16463.75,,0,,0,1,16644.50,16505.50,139.00,60,,170.47
2024-01-09,NQH4,16796.00,16657.75,138.25,16668.75,16669.25,16868.50,16660.50,16831.75,477210,-132.00,16801.25,142,140,,0,1,16747.00,16660.50,86.50,70,,172.30
2024-01-10,NQH4,16906.25,16806.25,100.00,16840.00,16840.00,16983.00,16801.50,16941.50,435846,8.25,16831.75,21,200,33,1,-1,16874.00,16801.50,72.50,72,,172.47
2024-01-11,NQH4,17057.00,16892.25,164.75,16984.50,16984.50,17043.50,16753.00,16965.50,585889,43.00,16941.50,20,,35,0,-1,17043.50,16824.50,219.00,,103,177.84
2024-01-12,NQH4,17008.75,16866.50,142.25,17008.75,17008.00,17042.50,16913.50,16972.25,439242,42.50,16965.50,30,0,,0,1,17042.50,16935.25,107.25,,79,172.76
2024-01-15,NQH4,17024.25,16938.75,85.50,16957.75,16957.75,16979.00,16936.25,16970.00,36514,-14.50,16972.25,86,,22,0,-1,16966.25,16936.25,30.00,78,,162.44
2024-01-16,NQH4,16965.00,16811.75,153.25,16916.75,16917.00,17033.75,16855.00,16968.00,553582,-53.00,16970.00,50,49,,0,1,17003.75,16855.00,148.75,61,,165.14
2024-01-17,NQH4,16982.00,16805.25,176.75,16825.00,16825.25,16885.00,16689.25,16868.75,538590,-142.75,16968.00,,,2,0,-1,16843.00,16689.25,153.75,315,,167.85
2024-01-18,NQH4,17044.75,16834.25,210.50,16996.25,16997.00,17125.75,16942.50,17109.00,661040,128.25,16868.75,,1,,0,1,17054.25,16986.25,68.00,68,211,172.86
2024-01-19,NQH4,17255.25,17107.25,148.00,17189.75,17190.75,17448.00,17166.25,17442.50,580496,81.75,17109.00,,100,,0,1,17232.75,17166.25,66.50,86,,171.29
2024-01-22,NQH4,17582.50,17466.00,116.50,17528.25,17528.25,17585.00,17434.00,17460.75,482281,85.75,17442.50,78,5,62,1,1,17585.00,17483.25,101.75,,60,171.29
2024-01-23,NQH4,17525.50,17420.50,105.00,17488.25,17487.50,17539.00,17409.50,17529.50,374648,26.75,17460.75,0,383,5,1,-1,17488.00,17409.50,78.50,209,,170.49
2024-01-24,NQH4,17694.50,17552.25,142.25,17692.75,17692.50,17793.50,17604.00,17624.75,569072,163.00,17529.50,,0,,0,1,17719.00,17637.50,81.50,62,294,174.68
2024-01-25,NQH4,17727.25,17589.25,138.00,17721.75,17722.00,17752.00,17542.00,17638.00,543224,97.25,17624.75,228,52,268,1,1,17734.75,17649.25,85.50,60,182,181.56
2024-01-26,NQH4,17611.50,17466.00,145.50,17558.00,17557.75,17632.00,17503.50,17529.25,458830,-80.25,17638.00,,80,,0,1,17582.00,17504.00,78.00,60,264,183.93
2024-01-29,NQH4,17591.50,17457.50,134.00,17548.25,17548.00,17716.25,17519.75,17708.00,441710,18.75,17529.25,34,167,,0,1,17583.50,17526.00,57.50,150,91,185.29
2024-01-30,NQH4,17735.75,17645.25,90.50,17661.50,17661.75,17684.75,17548.25,17583.75,396761,-46.25,17708.00,,,30,0,-1,17684.75,17616.50,68.25,,166,179.56
2024-01-31,NQH4,17468.75,17333.75,135.00,17399.75,17400.00,17484.00,17230.50,17238.75,624160,-183.75,17583.75,,314,58,1,-1,17426.50,17318.00,108.50,310,61,185.66
2024-02-01,NQH4,17363.75,17262.75,101.00,17307.00,17307.00,17453.25,17264.00,17440.25,507456,68.25,17238.75,,59,,0,1,17369.25,17270.00,99.25,60,90,187.74
2024-02-02,NQH4,17643.25,17483.25,160.00,17508.00,17507.75,17775.50,17465.50,17729.75,570321,67.50,17440.25,,73,2,1,-1,17624.00,17465.50,158.50,70,,194.56
2024-02-05,NQH4,17739.25,17664.00,75.25,17722.25,17722.75,17745.50,17554.25,17697.25,477946,-7.00,17729.75,0,312,34,1,-1,17737.25,17600.75,136.50,307,70,188.84
2024-02-06,NQH4,17769.00,17670.50,98.50,17741.00,17741.00,17767.75,17560.75,17661.75,498886,43.75,17697.25,18,,21,0,-1,17767.75,17598.25,169.50,,137,188.79
2024-02-07,NQH4,17779.50,17629.75,149.75,17773.75,17773.50,17875.50,17718.75,17841.25,476490,111.75,17661.75,,43,,0,1,17867.75,17718.75,149.00,60,,187.55
2024-02-08,NQH4,17862.50,17792.25,70.25,17835.00,17835.75,17896.50,17808.00,17865.50,371612,-5.50,17841.25,0,35,,0,1,17866.00,17808.00,58.00,78,,177.45
2024-02-09,NQH4,17972.00,17852.25,119.75,17908.75,17909.00,18071.00,17875.00,18039.00,371520,43.50,17865.50,,60,,0,1,17969.75,17875.00,94.75,60,,180.80
2024-02-12,NQH4,18059.25,18003.00,56.25,18029.50,18029.75,18121.50,17936.25,17963.50,454202,-9.25,18039.00,4,74,249,1,1,18051.00,18007.25,43.75,69,249,187.93
2024-02-13,NQH4,17963.25,17615.75,347.50,17628.50,17628.00,17791.75,17542.00,17680.50,641761,-335.50,17963.50,,,0,0,-1,17742.75,17586.75,156.00,60,323,191.47
2024-02-14,NQH4,17811.75,17669.25,142.50,17788.50,17788.75,17887.00,17690.25,17869.25,544368,108.25,17680.50,,1,,0,1,17847.00,17743.00,104.00,370,90,191.53
2024-02-15,NQH4,17933.50,17844.00,89.50,17888.00,17888.00,17933.00,17780.50,17914.00,526110,18.75,17869.25,5,,15,0,-1,17903.25,17797.00,106.25,227,95,189.99
2024-02-16,NQH4,18026.00,17903.00,123.00,17926.50,17926.75,17930.00,17717.00,17747.00,587856,12.75,17914.00,0,,2,0,-1,17930.00,17717.00,213.00,,,186.55
2024-02-19,NQH4,17803.50,17726.25,77.25,17789.00,17789.25,17807.50,17772.50,17788.75,34378,42.25,17747.00,,10,,0,1,17807.50,17776.25,31.25,,76,180.75
2024-02-20,NQH4,17793.00,17614.00,179.00,17661.75,17661.25,17724.00,17452.50,17612.50,613950,-127.50,17788.75,,,10,0,-1,17724.00,17503.50,220.50,,60,187.85
2024-02-21,NQH4,17590.00,17480.50,109.50,17495.25,17494.75,17542.50,17372.75,17537.00,541349,-117.75,17612.50,,,0,0,-1,17525.50,17448.25,77.25,385,161,186.86
2024-02-22,NQH4,17925.75,17676.00,249.75,17895.75,17896.00,18087.00,17864.00,18044.75,543096,359.00,17537.00,,15,,0,1,17970.25,17864.00,106.25,65,,187.51
2024-02-23,NQH4,18113.00,17999.25,113.75,18105.75,18105.50,18144.75,17946.00,17986.50,528197,60.75,18044.75,54,1,92,1,1,18144.75,18043.75,101.00,,61,191.03
2024-02-26,NQH4,18028.00,17922.00,106.00,18017.25,18017.25,18059.50,17966.00,17977.50,413079,30.75,17986.50,15,1,,0,1,18050.75,17966.00,84.75,142,,185.88
2024-02-27,NQH4,18040.25,17927.50,112.75,18018.25,18018.25,18032.50,17908.75,18017.75,457218,40.75,17977.50,9,,205,0,-1,18032.50,17941.00,91.50,,203,185.24
2024-02-28,NQH4,18019.75,17892.25,127.50,17923.25,17923.75,17975.00,17876.00,17917.50,414382,-94.00,18017.75,,,21,0,-1,17946.50,17876.00,70.50,91,,177.51
2024-02-29,NQH4,18035.00,17826.00,209.00,18030.00,18030.00,18109.50,17898.25,18067.00,504076,112.50,17917.50,130,0,,0,1,18072.50,17981.00,91.50,378,92,178.61
2024-03-01,NQH4,18163.00,18029.50,133.50,18096.50,18096.50,18372.75,18093.75,18335.00,487970,29.50,18067.00,,30,,0,1,18196.75,18093.75,103.00,86,,177.06
2024-03-04,NQH4,18377.75,18310.75,67.00,18330.00,18330.25,18346.50,18252.25,18258.50,446101,-4.75,18335.00,310,,1,0,-1,18334.75,18280.25,54.50,310,234,172.21
2024-03-05,NQH4,18252.00,18107.25,144.75,18134.00,18133.75,18135.25,17832.50,17931.75,631992,-124.75,18258.50,,,2,0,-1,18135.25,17952.25,183.00,,60,177.00
2024-03-06,NQH4,18105.75,17942.50,163.25,18104.50,18104.25,18174.25,17963.50,18044.25,659203,172.50,17931.75,,0,,0,1,18126.50,17963.50,163.00,145,,179.70
2024-03-07,NQH4,18188.50,17915.75,272.75,18182.50,18182.25,18360.00,18118.75,18309.25,533645,138.00,18044.25,,0,,0,1,18238.75,18118.75,120.00,60,,187.34
2024-03-08,NQH4,18375.25,18211.00,164.25,18318.25,18318.00,18436.50,18012.50,18040.50,805166,8.75,18309.25,1,25,118,1,1,18434.75,18288.00,146.75,60,99,198.74
2024-03-11,NQH4,18304.00,17973.75,330.25,18176.00,18176.25,18271.25,18162.50,18244.25,217928,135.75,18040.50,,,,0,0,18249.00,18162.50,86.50,121,,194.91
2024-03-12,NQM4,18457.50,18174.00,283.50,18453.50,18453.50,18491.00,18323.25,18471.00,287465,209.25,18244.25,,182,,0,1,18455.75,18372.75,83.00,182,63,190.81
2024-03-13,NQM4,18506.75,18302.75,204.00,18321.00,18321.50,18404.25,18281.75,18355.50,307861,-149.50,18471.00,,,11,0,-1,18349.25,18281.75,67.50,73,,187.10
2024-03-14,NQM4,18428.25,18203.25,225.00,18278.75,18279.25,18332.25,18161.25,18266.25,376186,-76.25,18355.50,,,219,0,-1,18313.50,18242.50,71.00,152,92,188.03
2024-03-15,NQM4,18322.75,18029.00,293.75,18102.75,18102.50,18110.50,18006.25,18063.50,289545,-163.75,18266.25,,,48,0,-1,18110.50,18022.25,88.25,,82,182.59
2024-03-18,NQM4,18381.00,18062.25,318.75,18319.75,18319.75,18320.75,18207.25,18227.75,274462,256.25,18063.50,,,,0,0,18320.75,18270.00,50.75,,81,186.51
2024-03-19,NQM4,18252.75,18053.25,199.50,18130.50,18131.00,18289.25,18131.00,18273.00,295706,-96.75,18227.75,72,75,,0,1,18202.25,18131.00,71.25,60,,180.85
2024-03-20,NQM4,18334.50,18227.50,107.00,18284.75,18285.00,18545.00,18244.75,18542.00,382281,12.00,18273.00,5,151,,0,1,18296.00,18253.00,43.00,150,130,187.38
2024-03-21,NQM4,18709.00,18526.75,182.25,18655.50,18655.50,18707.50,18552.50,18579.75,255981,113.50,18542.00,,,,0,0,18707.00,18650.25,56.75,60,124,183.97
2024-03-22,NQM4,18607.00,18492.00,115.00,18553.50,18553.50,18626.00,18528.50,18563.75,231859,-26.25,18579.75,84,109,,0,1,18568.25,18532.00,36.25,81,66,178.91
2024-03-25,NQM4,18601.25,18414.75,186.50,18528.25,18529.00,18571.75,18507.50,18533.50,183067,-34.75,18563.75,160,,,0,0,18553.50,18512.00,41.50,133,70,177.45
2024-03-26,NQM4,18619.00,18516.75,102.25,18568.25,18568.75,18588.75,18439.25,18480.00,244450,35.25,18533.50,90,,239,0,-1,18588.75,18546.50,42.25,,72,178.74
2024-03-27,NQM4,18571.75,18378.50,193.25,18400.75,18401.25,18526.25,18390.75,18505.50,271638,-78.75,18480.00,251,,,0,0,18439.00,18390.75,48.25,60,,180.56
2024-03-28,NQM4,18538.75,18457.25,81.50,18510.00,18510.00,18519.00,18447.50,18465.00,243134,4.50,18505.50,3,,108,0,-1,18519.00,18472.25,46.75,,91,173.57
2024-04-01,NQM4,18612.00,18426.25,185.75,18470.75,18471.00,18514.25,18414.50,18497.75,224151,6.00,18465.00,0,,25,0,-1,18479.75,18414.50,65.25,60,,164.61
2024-04-02,NQM4,18511.00,18201.50,309.50,18268.25,18268.00,18348.75,18230.00,18344.50,233639,-229.75,18497.75,,,,0,0,18285.00,18230.00,55.00,86,,165.84
2024-04-03,NQM4,18450.00,18232.50,217.50,18442.50,18442.75,18451.75,18303.00,18387.75,282295,98.25,18344.50,225,0,,0,1,18451.75,18376.75,75.00,,68,158.14
2024-04-04,NQM4,18568.00,18378.00,190.00,18501.75,18502.00,18566.75,18055.25,18072.50,499435,114.25,18387.75,168,,169,0,-1,18564.75,18498.25,66.50,82,148,173.18
2024-04-05,NQM4,18324.00,18051.50,272.50,18282.50,18282.75,18408.25,18251.25,18311.00,373134,210.25,18072.50,,13,,0,1,18375.75,18272.25,103.50,87,150,168.96
2024-04-08,NQM4,18376.00,18237.50,138.50,18336.00,18335.50,18335.50,18252.00,18311.50,217683,24.50,18311.00,6,,,0,0,18335.50,18252.00,83.50,,,151.94
2024-04-09,NQM4,18405.00,18160.75,244.25,18225.75,18225.75,18407.25,18208.00,18384.75,297187,-85.75,18311.50,239,273,,0,1,18302.00,18208.00,94.00,65,,156.46
2024-04-10,NQM4,18474.25,18053.50,420.75,18180.75,18181.00,18225.00,18114.00,18192.25,382662,-203.75,18384.75,,,,0,0,18182.75,18125.25,57.50,84,97,153.63
2024-04-11,NQM4,18286.25,18088.00,198.25,18246.00,18246.50,18518.75,18242.25,18485.50,324499,54.25,18192.25,,12,,0,1,18326.50,18242.25,84.25,94,,161.32
2024-04-12,NQM4,18507.75,18193.25,314.50,18262.75,18262.75,18291.25,18120.25,18172.50,371694,-222.75,18485.50,,,61,0,-1,18291.25,18199.50,91.75,,61,161.32
2024-04-15,NQM4,18350.75,18146.75,204.00,18195.25,18195.25,18226.75,17841.50,17875.00,408223,22.75,18172.50,52,,54,0,-1,18226.75,18125.75,101.00,,60,175.38
2024-04-16,NQM4,17931.50,17792.00,139.50,17911.50,17911.75,17988.00,17818.00,17894.00,371009,36.75,17875.00,31,25,,0,1,17936.50,17862.50,74.00,157,120,178.20
2024-04-17,NQM4,17968.50,17763.50,205.00,17767.50,17767.25,17796.50,17615.25,17663.25,437223,-126.75,17894.00,,,0,0,-1,17773.25,17672.00,101.25,193,63,179.35
2024-04-18,NQM4,17770.75,17552.00,218.75,17706.00,17706.00,17715.50,17506.25,17529.50,378796,42.75,17663.25,64,,115,0,-1,17715.50,17669.50,46.00,,64,174.80
2024-04-19,NQM4,17553.25,17181.75,371.50,17333.00,17333.25,17350.75,17113.25,17179.25,483586,-196.25,17529.50,,,189,0,-1,17350.75,17206.75,144.00,,69,178.93
2024-04-22,NQM4,17331.50,17148.50,183.00,17206.00,17205.75,17448.00,17201.75,17345.00,290245,26.50,17179.25,,117,,0,1,17296.00,17201.75,94.25,95,,186.36
2024-04-23,NQM4,17607.50,17286.25,321.25,17588.25,17588.75,17666.00,17560.25,17656.50,231850,243.75,17345.00,,45,,0,1,17615.75,17560.25,55.50,133,,188.44
2024-04-24,NQM4,17795.50,17636.00,159.50,17658.50,17659.00,17705.25,17481.75,17507.25,317334,2.50,17656.50,0,,14,0,-1,17682.00,17581.50,100.50,128,61,192.14
2024-04-25,NQM4,17525.00,17308.25,216.75,17406.50,17406.75,17827.50,17358.50,17816.50,361571,-100.50,17507.25,94,128,,0,1,17463.50,17358.50,105.00,67,,208.81
2024-04-26,NQM4,17886.25,17668.25,218.00,17837.25,17837.25,17901.50,17823.25,17836.75,221173,20.75,17816.50,,90,,0,1,17876.25,17823.25,53.00,85,,209.15
2024-04-29,NQM4,17949.00,17830.00,119.00,17877.75,17878.25,17932.00,17791.25,17912.00,245630,41.50,17836.75,212,,213,0,-1,17908.00,17844.75,63.25,60,182,211.20
2024-04-30,NQM4,17920.25,17752.00,168.25,17771.25,17771.50,17776.00,17473.50,17508.50,354433,-140.50,17912.00,,,1,0,-1,17776.00,17732.00,44.00,,63,220.39
2024-05-01,NQM4,17529.25,17412.00,117.25,17452.25,17452.00,17793.25,17399.25,17474.75,479585,-56.50,17508.50,151,177,30,1,-1,17482.50,17399.25,83.25,150,,232.65
2024-05-02,NQM4,17619.75,17386.25,233.50,17520.50,17520.75,17755.25,17488.25,17743.00,266620,46.00,17474.75,,159,,0,1,17571.00,17488.25,82.75,103,,220.43
2024-05-03,NQM4,18050.25,17719.50,330.75,17946.50,17946.75,18027.75,17946.50,18025.50,180082,203.75,17743.00,,,,0,0,18004.75,17946.50,58.25,70,,216.64
2024-05-06,NQM4,18117.00,17983.75,133.25,18097.25,18097.75,18201.25,18067.25,18185.50,181984,72.25,18025.50,,16,,0,1,18121.50,18067.25,54.25,91,,219.16
2024-05-07,NQM4,18263.75,18151.00,112.75,18245.50,18246.00,18266.25,18166.50,18197.75,219709,60.50,18185.50,149,41,,0,1,18263.75,18234.25,29.50,123,81,214.19
2024-05-08,NQM4,18242.25,18072.50,169.75,18186.25,18186.50,18201.50,18138.75,18160.75,191039,-11.25,18197.75,258,,,0,0,18193.00,18164.25,28.75,168,66,211.78
2024-05-09,NQM4,18231.25,18103.75,127.50,18229.50,18229.50,18240.25,18170.00,18220.75,204427,68.75,18160.75,,0,,0,1,18237.25,18170.00,67.25,207,,201.46
2024-05-10,NQM4,18348.00,18188.50,159.50,18238.50,18238.50,18271.00,18193.00,18239.25,192369,17.75,18220.75,7,,,0,0,18243.75,18193.00,50.75,78,,196.81
2024-05-13,NQM4,18336.25,18228.75,107.50,18279.75,18279.50,18309.50,18235.00,18286.00,175635,40.25,18239.25,100,,,0,0,18305.75,18258.75,47.00,61,96,181.28
2024-05-14,NQM4,18370.75,18165.50,205.25,18358.50,18358.50,18433.00,18298.00,18410.50,229023,72.50,18286.00,,164,,0,1,18358.75,18304.75,54.00,162,61,179.53
2024-05-15,NQM4,18602.00,18393.00,209.00,18595.75,18595.25,18707.00,18577.25,18694.50,257315,184.75,18410.50,,4,,0,1,18613.50,18577.25,36.25,60,,176.95
2024-05-16,NQM4,18760.75,18672.00,88.75,18745.00,18745.00,18755.50,18633.25,18638.25,281083,50.50,18694.50,112,,115,0,-1,18755.50,18710.25,45.25,,60,172.60
2024-05-17,NQM4,18686.75,18617.00,69.75,18654.75,18654.75,18661.00,18545.00,18633.75,237156,16.50,18638.25,4,,75,0,-1,18661.00,18621.50,39.50,,73,166.53
2024-05-20,NQM4,18772.00,18633.00,139.00,18752.50,18752.75,18794.50,18707.00,18745.25,242038,119.00,18633.75,,72,,0,1,18762.50,18731.75,30.75,69,158,158.59
2024-05-21,NQM4,18763.50,18678.00,85.50,18753.50,18753.75,18808.75,18731.50,18798.75,182369,8.50,18745.25,6,43,,0,1,18771.75,18731.50,40.25,146,,157.16
2024-05-22,NQM4,18838.75,18755.00,83.75,18833.75,18834.50,18891.00,18684.25,18816.25,353934,35.75,18798.75,78,291,135,1,-1,18837.50,18800.00,37.50,291,78,156.32
2024-05-23,NQM4,19023.25,18802.00,221.25,18894.50,18894.75,18933.50,18621.50,18686.50,443850,78.50,18816.25,114,,128,0,-1,18933.50,18886.25,47.25,,77,148.47
2024-05-24,NQM4,18919.00,18680.00,239.00,18900.75,18900.75,18926.00,18835.50,18870.75,231136,214.25,18686.50,,159,,0,1,18915.75,18878.75,37.00,153,97,149.09
2024-05-27,NQM4,18928.25,18833.50,94.75,18924.25,18924.25,18956.00,18923.25,18950.75,13803,53.50,18870.75,,3,,0,1,18952.50,18923.25,29.25,60,,143.69
2024-05-28,NQM4,18980.50,18839.00,141.50,18927.25,18927.00,18967.50,18819.50,18950.50,295137,-23.75,18950.75,270,,186,0,-1,18939.50,18909.75,29.75,76,92,135.96
2024-05-29,NQM4,18949.75,18755.25,194.50,18849.25,18849.25,18878.00,18740.00,18746.75,252643,-101.25,18950.50,,,319,0,-1,18858.25,18821.00,37.25,60,127,123.16
2024-05-30,NQM4,18787.00,18623.75,163.25,18674.00,18674.25,18729.00,18546.25,18596.00,289354,-72.50,18746.75,,,235,0,-1,18706.00,18667.25,38.75,91,166,118.95
2024-05-31,NQM4,18668.25,18329.50,338.75,18337.25,18337.00,18627.25,18241.25,18570.75,410481,-259.00,18596.00,270,,0,0,-1,18343.75,18241.25,102.50,112,,134.19
2024-06-03,NQM4,18755.50,18539.25,216.25,18616.75,18616.50,18674.00,18435.75,18662.25,315731,45.75,18570.75,39,,43,0,-1,18637.25,18488.00,149.25,269,62,139.40
2024-06-04,NQM4,18677.00,18511.25,165.75,18600.75,18601.50,18753.25,18570.75,18706.50,300597,-60.75,18662.25,165,165,,0,1,18612.50,18570.75,41.75,69,,143.54
2024-06-05,NQM4,18981.75,18696.25,285.50,18965.00,18964.75,19090.50,18954.75,19087.25,257526,258.25,18706.50,,12,,0,1,18987.00,18954.75,32.25,68,,147.19
2024-06-06,NQM4,19124.50,19032.25,92.25,19069.00,19069.00,19090.50,19017.25,19069.00,240017,-18.25,19087.25,127,,159,0,-1,19077.00,19039.75,37.25,95,67,147.34
2024-06-07,NQM4,19146.75,18940.00,206.75,19066.25,19066.25,19155.00,18997.00,19030.25,305318,-2.75,19069.00,0,113,,0,1,19114.50,19056.00,58.50,60,155,151.34
2024-06-10,NQM4,19090.75,18974.25,116.50,19089.50,19089.75,19129.75,19034.00,19107.75,303508,59.50,19030.25,,0,,0,1,19121.25,19082.75,38.50,225,92,152.40
2024-06-11,NQM4,19137.00,18994.50,142.50,19115.75,19115.50,19257.50,19063.25,19247.50,273165,7.75,19107.75,6,102,,0,1,19128.50,19063.25,65.25,94,,155.36
2024-06-12,NQM4,19546.75,19233.50,313.25,19533.75,19533.75,19612.25,19433.00,19610.25,344066,286.25,19247.50,,222,,0,1,19536.00,19496.00,40.00,116,67,157.84
2024-06-13,NQM4,19691.00,19534.75,156.25,19578.50,19578.50,19638.50,19500.00,19607.75,241033,-31.75,19610.25,215,,52,0,-1,19609.00,19500.50,108.50,215,60,158.65
2024-06-14,NQM4,19658.50,19501.50,157.00,19617.50,19618.00,19699.50,19563.50,19696.25,215333,10.25,19607.75,10,106,,0,1,19643.00,19563.50,79.50,99,,159.65
2024-06-17,NQM4,20020.00,19670.00,350.00,20011.25,20011.50,20271.25,20002.25,20187.00,289541,315.25,19696.25,,17,,0,1,20083.75,20002.25,81.50,60,,168.72
2024-06-18,NQU4,20270.50,20127.00,143.50,20157.25,20156.50,20229.50,20151.50,20210.00,228188,-30.50,20187.00,30,,,0,0,20198.50,20151.50,47.00,87,,168.76
2024-06-19,NQU4,20252.50,20204.00,48.50,20241.25,20241.00,20248.25,20228.00,20231.00,6953,31.00,20210.00,,,,0,0,20248.25,20231.25,17.00,,81,159.44
2024-06-20,NQU4,20371.00,20118.50,252.50,20189.50,20189.75,20211.00,19958.25,20053.50,442832,-41.25,20231.00,,,53,0,-1,20211.00,20061.25,149.75,,60,156.47
2024-06-21,NQU4,20086.00,19914.25,171.75,19996.25,19996.25,20072.75,19947.50,20009.75,254719,-57.25,20053.50,21,,,0,0,20072.75,19975.50,97.25,,110,158.21
2024-06-24,NQU4,20030.25,19821.25,209.00,19912.25,19911.75,19926.00,19728.00,19752.50,308947,-98.00,20009.75,,,99,0,-1,19926.00,19880.00,46.00,,72,166.47
2024-06-25,NQU4,19943.75,19726.00,217.75,19932.00,19932.50,19981.25,19837.75,19970.50,254738,180.00,19752.50,,5,,0,1,19968.00,19912.00,56.00,238,60,166.25
2024-06-26,NQU4,20070.50,19901.00,169.50,19957.00,19957.25,20028.00,19920.25,19953.75,271292,-13.25,19970.50,10,,,0,0,20028.00,19941.25,86.75,,110,164.74
2024-06-27,NQU4,20116.75,19874.25,242.50,19993.75,19993.00,20079.75,19954.00,20067.50,255520,39.25,19953.75,,,,0,0,20038.25,19954.00,84.25,61,,161.89
2024-06-28,NQU4,20273.25,20039.25,234.00,20101.75,20101.00,20130.50,19906.25,19966.50,354376,33.50,20067.50,36,,47,0,-1,20130.50,20021.75,108.75,,68,153.80
2024-07-01,NQU4,20020.75,19811.75,209.00,19950.75,19951.00,20074.00,19922.25,20042.50,257594,-15.50,19966.50,23,69,,0,1,20019.50,19922.25,97.25,61,,149.47
2024-07-02,NQU4,20131.00,19910.00,221.00,20126.00,20126.50,20259.25,20065.25,20240.00,261188,84.00,20042.50,,0,,0,1,20156.25,20065.25,91.00,99,,150.05
2024-07-03,NQU4,20356.25,20205.00,151.25,20346.00,20346.50,20435.25,20327.25,20419.50,113478,106.50,20240.00,,21,,0,1,20423.50,20327.25,96.25,60,,148.66
2024-07-04,NQU4,20420.50,20369.75,50.75,20387.50,20387.25,20393.75,20373.75,20381.25,6819,-32.25,20419.50,,,,0,0,20393.75,20373.75,20.00,,,146.00
2024-07-05,NQU4,20569.25,20361.00,208.25,20560.50,20560.50,20639.50,20559.00,20591.50,227845,179.25,20381.25,,1,,0,1,20617.00,20559.00,58.00,116,,142.13
2024-07-08,NQU4,20666.75,20579.25,87.50,20662.00,20661.75,20688.00,20609.00,20684.50,220697,70.25,20591.50,,1,,0,1,20670.75,20609.00,61.75,265,196,141.29
2024-07-09,NQU4,20771.75,20670.25,101.50,20688.75,20688.25,20717.00,20615.75,20687.75,258356,3.75,20684.50,0,,73,0,-1,20717.00,20674.00,43.00,,70,136.64
2024-07-10,NQU4,20796.50,20684.50,112.00,20752.75,20753.00,20916.75,20748.00,20896.50,280123,65.25,20687.75,,52,,0,1,20815.75,20748.00,67.75,60,,136.11
2024-07-11,NQU4,20983.75,20527.25,456.50,20536.50,20536.25,20548.75,20377.25,20432.75,419471,-360.25,20896.50,,,1,0,-1,20548.75,20454.25,94.50,,79,137.76
2024-07-12,NQU4,20666.25,20335.00,331.25,20655.25,20655.50,20741.00,20510.25,20539.75,347250,222.75,20432.75,,15,,0,1,20666.75,20554.75,112.00,119,258,142.50
2024-07-15,NQU4,20797.00,20508.00,289.00,20734.25,20734.00,20745.25,20506.25,20625.25,373870,194.25,20539.75,260,,262,0,-1,20745.25,20603.25,142.00,,91,141.00
2024-07-16,NQU4,20684.50,20485.50,199.00,20557.00,20557.25,20614.25,20464.50,20588.50,284801,-68.00,20625.25,,,47,0,-1,20576.00,20470.00,106.00,190,61,144.59
2024-07-17,NQU4,20597.75,20090.25,507.50,20131.00,20131.25,20136.00,19965.75,20016.75,377276,-457.25,20588.50,,,12,0,-1,20136.00,20026.75,109.25,,68,152.09
2024-07-18,NQU4,20162.50,19816.50,346.00,19821.75,19822.00,19961.00,19758.75,19934.75,474510,-194.75,20016.75,,,0,0,-1,19862.00,19773.00,89.00,63,223,149.56
2024-07-19,NQU4,19979.75,19743.50,236.25,19746.50,19746.25,19826.25,19654.00,19701.50,358972,-188.50,19934.75,,,1,0,-1,19826.25,19704.00,122.25,,69,151.91
2024-07-22,NQU4,20026.75,19718.75,308.00,19837.00,19837.50,20044.75,19809.75,19980.75,258616,136.00,19701.50,,160,,0,1,19906.75,19809.75,97.00,65,,153.76
2024-07-23,NQU4,20084.75,19868.25,216.50,20063.25,20064.25,20074.25,19902.75,19946.25,260897,83.50,19980.75,54,,,0,0,20074.25,19937.00,137.25,,87,155.16
2024-07-24,NQU4,19883.00,19370.00,513.00,19394.75,19395.00,19415.25,19168.75,19269.50,403500,-551.25,19946.25,,,29,0,-1,19415.25,19321.25,94.00,,62,162.10
2024-07-25,NQU4,19304.50,18883.25,421.25,19202.25,19202.50,19390.50,18941.00,18994.75,410733,-67.00,19269.50,34,46,,0,1,19356.25,19142.50,213.75,63,199,178.29
2024-07-26,NQU4,19236.50,18995.00,241.50,19108.50,19109.25,19297.75,19098.75,19175.75,327637,114.50,18994.75,,40,,0,1,19249.25,19098.75,150.50,61,,177.03
2024-07-29,NQU4,19377.25,19146.25,231.00,19187.50,19187.75,19348.75,19113.25,19222.50,260373,12.00,19175.75,0,,1,0,-1,19338.50,19113.25,225.25,71,,181.21
2024-07-30,NQU4,19319.75,18976.00,343.75,19022.50,19021.50,19033.75,18725.00,18861.25,392635,-201.00,19222.50,,,7,0,-1,19033.75,18907.75,126.00,,66,186.95
2024-07-31,NQU4,19494.00,18861.75,632.25,19490.50,19490.50,19648.00,19344.75,19581.75,339859,629.25,18861.25,,0,,0,1,19516.00,19437.75,78.25,183,61,196.71
2024-08-01,NQU4,19717.00,19251.00,466.00,19265.25,19264.75,19283.00,18854.00,18967.75,444781,-317.00,19581.75,,,0,0,-1,19283.00,19117.00,166.00,,65,217.16
2024-08-02,NQU4,18979.75,18385.75,594.00,18479.00,18480.00,18633.00,18445.00,18513.25,329405,-487.75,18967.75,,,,0,0,18630.00,18463.25,166.75,72,124,222.54
2024-08-05,NQU4,18390.00,17351.00,1039.00,18102.00,18103.25,18289.00,17892.25,18146.75,323973,-410.00,18513.25,,,,0,0,18289.00,18048.00,241.00,,85,238.43
2024-08-06,NQU4,18437.00,17966.00,471.00,18184.25,18184.75,18483.25,18068.75,18099.00,297747,38.00,18146.75,271,87,,0,1,18380.50,18183.00,197.50,82,267,254.09
2024-08-07,NQU4,18558.50,18030.25,528.25,18465.00,18465.25,18488.00,17836.25,17854.50,362340,366.25,18099.00,149,,165,0,-1,18488.00,18280.25,207.75,,80,278.24
2024-08-08,NQU4,18438.00,17741.75,696.25,18381.75,18382.50,18593.50,18353.75,18558.00,285073,528.00,17854.50,,35,,0,1,18468.75,18353.75,115.00,117,,281.65
2024-08-09,NQU4,18651.00,18383.00,268.00,18508.00,18508.50,18674.50,18455.50,18602.50,199207,-49.50,18558.00,100,120,,0,1,18549.25,18455.50,93.75,100,,281.06
2024-08-12,NQU4,18765.25,18515.00,250.25,18629.75,18629.50,18731.75,18581.50,18626.25,210925,27.00,18602.50,1,,,0,0,18731.75,18591.00,140.75,,142,276.63
2024-08-13,NQU4,18976.50,18628.50,348.00,18967.75,18967.50,19122.50,18956.25,19099.25,226058,341.25,18626.25,,6,,0,1,19026.00,18956.25,69.75,72,,277.45
2024-08-14,NQU4,19175.50,18925.50,250.00,19107.50,19107.00,19203.50,19017.75,19147.00,238274,7.75,19099.25,53,24,,0,1,19203.50,19042.75,160.75,,74,278.23
2024-08-15,NQU4,19527.75,19100.50,427.25,19501.25,19501.25,19603.25,19491.75,19568.25,224764,354.25,19147.00,,12,,0,1,19570.00,19491.75,78.25,136,,273.69
2024-08-16,NQU4,19683.00,19447.50,235.50,19531.75,19532.25,19660.75,19524.00,19604.00,170788,-36.00,19568.25,16,,,0,0,19620.25,19524.00,96.25,62,,271.91
2024-08-19,NQU4,19688.00,19525.25,162.75,19658.00,19657.75,19871.75,19618.25,19853.50,185130,53.75,19604.00,,82,,0,1,19680.00,19618.25,61.75,80,,272.84
2024-08-20,NQU4,19931.00,19743.00,188.00,19790.25,19790.00,19867.75,19748.25,19804.75,207977,-63.50,19853.50,30,,,0,0,19858.50,19780.50,78.00,173,86,270.24
2024-08-21,NQU4,19981.75,19785.50,196.25,19867.00,19867.75,19953.25,19771.50,19917.75,211438,63.00,19804.75,32,,33,0,-1,19871.50,19771.50,100.00,89,,267.00
2024-08-22,NQU4,20025.25,19805.75,219.50,19809.75,19810.00,19831.75,19542.00,19612.25,356488,-107.75,19917.75,,,0,0,-1,19822.25,19664.00,158.25,60,122,259.01
2024-08-23,NQU4,19904.25,19612.50,291.75,19770.00,19770.25,19818.25,19591.75,19776.75,258618,158.00,19612.25,73,,73,0,-1,19818.25,19631.50,186.75,,73,260.39
2024-08-26,NQU4,19846.25,19505.50,340.75,19608.25,19608.50,19643.00,19514.00,19549.00,217995,-168.25,19776.75,,,,0,0,19620.75,19541.75,79.00,60,137,255.06
2024-08-27,NQU4,19694.25,19441.50,252.75,19624.00,19623.50,19692.75,19577.75,19636.00,183968,74.50,19549.00,,,,0,0,19640.75,19577.75,63.00,63,,245.38
2024-08-28,NQU4,19691.00,19339.25,351.75,19386.25,19386.25,19482.75,19227.25,19310.25,284898,-249.75,19636.00,,,148,0,-1,19441.00,19362.00,79.00,81,144,242.99
2024-08-29,NQU4,19693.50,19140.25,553.25,19628.00,19628.25,19690.00,19337.00,19445.50,302254,318.00,19310.25,,,,0,0,19687.75,19615.50,72.25,78,101,239.19
2024-08-30,NQU4,19628.75,19394.00,234.75,19466.00,19466.25,19632.75,19370.50,19594.50,236886,20.75,19445.50,2,270,62,1,-1,19483.00,19412.50,70.50,93,61,242.90
2024-09-02,NQU4,19670.25,19511.00,159.25,19649.00,19648.75,19659.75,19628.75,19647.00,6991,54.25,19594.50,,,,0,0,19659.75,19642.00,17.75,,81,224.61
2024-09-03,NQU4,19683.00,19149.25,533.75,19196.25,19196.25,19226.25,18911.00,18989.75,284642,-450.75,19647.00,,,27,0,-1,19226.25,19136.00,90.25,,76,219.65
2024-09-04,NQU4,19114.75,18825.75,289.00,19016.50,19016.50,19087.75,18907.75,18964.50,237609,26.75,18989.75,1,,,0,0,19052.75,18977.00,75.75,60,171,196.06
2024-09-05,NQU4,19150.50,18827.25,323.25,18868.75,18869.25,19040.25,18842.00,18924.75,239533,-95.25,18964.50,134,,,0,0,18947.75,18842.00,105.75,62,,193.99
2024-09-06,NQU4,18972.25,18480.00,492.25,18504.75,18504.75,18551.00,18339.75,18377.50,288951,-420.00,18924.75,,,15,0,-1,18551.00,18445.75,105.25,,61,193.60
2024-09-09,NQU4,18720.75,18386.00,334.75,18568.50,18568.50,18734.50,18560.00,18722.75,241266,191.00,18377.50,,96,,0,1,18680.25,18560.00,120.25,61,,194.81
2024-09-10,NQU4,18821.75,18582.25,239.50,18775.25,18774.75,18878.50,18589.75,18835.00,242638,52.00,18722.75,15,152,,0,1,18790.00,18589.75,200.25,142,,200.94
2024-09-11,NQU4,18927.50,18547.00,380.50,18689.00,18689.00,19293.50,18680.00,19248.00,357038,-146.00,18835.00,34,61,,0,1,18915.00,18680.00,235.00,60,,222.32
2024-09-12,NQU4,19388.75,19185.00,203.75,19288.25,19288.50,19483.50,19246.25,19413.50,239412,40.50,19248.00,17,90,,0,1,19322.00,19246.25,75.75,61,,228.61
2024-09-13,NQU4,19541.50,19398.25,143.25,19520.50,19520.75,19577.25,19478.00,19503.50,193402,107.25,19413.50,,27,,0,1,19561.00,19485.50,75.50,107,76,226.74
2024-09-16,NQU4,19781.50,19442.00,339.50,19613.75,19614.00,19684.50,19544.00,19650.25,113706,110.50,19503.50,,,,0,0,19630.75,19544.00,86.75,116,,221.09
2024-09-17,NQZ4,19850.25,19633.00,217.25,19765.75,19765.75,19785.00,19574.50,19686.25,199720,115.50,19650.25,53,,78,0,-1,19785.00,19641.25,143.75,,78,225.64
2024-09-18,NQZ4,19736.50,19633.25,103.25,19663.50,19663.75,19900.00,19558.00,19632.75,342061,-22.50,19686.25,82,150,5,1,-1,19673.75,19583.50,90.25,74,259,233.65
2024-09-19,NQZ4,20158.50,19636.75,521.75,20135.25,20135.25,20203.00,20051.50,20062.75,236419,502.50,19632.75,,56,,0,1,20167.00,20085.25,81.75,60,230,226.74
2024-09-20,NQZ4,20082.50,19860.00,222.50,19906.75,19906.50,20084.00,19900.50,20015.50,215628,-156.25,20062.75,249,249,,0,1,20020.00,19900.50,119.50,61,,224.59
2024-09-23,NQZ4,20164.00,19955.25,208.75,20094.00,20094.00,20125.75,20018.75,20063.25,158341,78.50,20015.50,,,,0,0,20125.75,20039.50,86.25,,77,223.49
2024-09-24,NQZ4,20179.25,19953.00,226.25,20115.00,20115.25,20214.75,20108.75,20185.25,195918,52.00,20063.25,,23,,0,1,20214.75,20112.50,102.25,,180,223.04
2024-09-25,NQZ4,20271.00,20064.25,206.75,20202.50,20202.25,20245.00,20135.50,20242.00,185990,17.00,20185.25,22,,,0,0,20242.00,20169.75,72.25,320,91,215.74
2024-09-26,NQZ4,20538.00,20188.00,350.00,20254.50,20255.00,20362.50,20189.00,20345.75,196526,13.00,20242.00,0,,,0,0,20324.50,20226.50,98.00,165,106,206.76
2024-09-27,NQZ4,20395.75,20235.00,160.75,20270.50,20270.50,20293.00,20173.00,20193.00,194670,-75.25,20345.75,,,20,0,-1,20286.00,20210.00,76.00,151,180,199.65
2024-09-30,NQZ4,20287.00,20119.50,167.50,20226.75,20227.00,20286.75,20056.00,20233.25,275332,34.00,20193.00,7,,170,0,-1,20254.50,20167.25,87.25,263,163,209.64
2024-10-01,NQZ4,20331.75,19818.00,513.75,19893.25,19893.50,20081.25,19844.50,19962.25,320085,-339.75,20233.25,,,,0,0,19996.00,19880.50,115.50,148,75,205.71
2024-10-02,NQZ4,20090.25,19833.50,256.75,20055.25,20055.25,20084.75,19968.50,20056.25,186370,93.00,19962.25,,,,0,0,20084.75,20031.00,53.75,,75,202.53
2024-10-03,NQZ4,20113.75,19852.00,261.75,19992.75,19993.00,20059.50,19879.00,19958.25,208172,-63.25,20056.25,22,,,0,0,20059.50,19990.00,69.50,,72,201.64
2024-10-04,NQZ4,20263.75,19941.50,322.25,20060.25,20060.75,20245.50,20034.25,20202.25,218304,102.50,19958.25,,,,0,0,20148.75,20034.25,114.50,68,,201.64
2024-10-07,NQZ4,20267.25,20058.00,209.25,20161.75,20161.75,20176.00,19948.00,20017.00,212246,-40.50,20202.25,,,180,0,-1,20176.00,20107.75,68.25,,155,204.31
2024-10-08,NQZ4,20273.75,19902.50,371.25,20233.25,20234.00,20329.50,20164.75,20286.25,179731,217.00,20017.00,,207,,0,1,20259.75,20200.00,59.75,188,95,198.11
2024-10-09,NQZ4,20400.00,20196.00,204.00,20386.75,20386.75,20482.75,20355.00,20449.25,202922,100.50,20286.25,,1,,0,1,20448.25,20368.00,80.25,179,144,173.82
2024-10-10,NQZ4,20478.50,20301.50,177.00,20433.50,20433.25,20508.25,20372.50,20433.00,208569,-16.00,20449.25,10,31,,0,1,20508.25,20418.00,90.25,,78,168.75
2024-10-11,NQZ4,20481.25,20314.75,166.50,20430.25,20430.50,20494.25,20404.50,20413.25,152239,-2.50,20433.00,1,219,,0,1,20472.00,20425.25,46.75,169,66,168.28
2024-10-14,NQZ4,20680.00,20383.25,296.75,20546.50,20546.00,20666.75,20525.00,20638.50,158105,132.75,20413.25,,,,0,0,20607.50,20525.00,82.50,60,,168.34
2024-10-15,NQZ4,20659.25,20331.25,328.00,20396.25,20397.00,20434.00,20254.00,20333.25,225719,-241.50,20638.50,,,210,0,-1,20434.00,20337.75,96.25,,118,166.81
2024-10-16,NQZ4,20398.50,20206.25,192.25,20312.50,20312.75,20379.25,20270.00,20328.00,165474,-20.50,20333.25,88,,,0,0,20329.50,20270.00,59.50,87,,155.18
2024-10-17,NQZ4,20594.75,20276.75,318.00,20453.00,20453.00,20528.75,20353.75,20383.50,219309,125.00,20328.00,,,,0,0,20528.75,20445.00,83.75,,154,156.35
2024-10-18,NQZ4,20523.25,20320.75,202.50,20513.75,20514.00,20529.75,20442.00,20484.25,166794,130.50,20383.50,,2,,0,1,20529.75,20442.00,87.75,,,151.56
2024-10-21,NQZ4,20554.50,20343.75,210.75,20360.75,20360.75,20547.25,20352.50,20538.75,182859,-123.50,20484.25,104,,,0,0,20465.00,20352.50,112.50,85,,155.95
2024-10-22,NQZ4,20544.00,20360.25,183.75,20479.00,20479.25,20602.25,20425.25,20519.00,206079,-59.50,20538.75,129,130,,0,1,20492.00,20430.50,61.50,84,71,159.50
2024-10-23,NQZ4,20542.50,20305.75,236.75,20309.75,20309.50,20362.00,20079.00,20274.50,325867,-209.50,20519.00,,,0,0,-1,20362.00,20255.75,106.25,,60,168.18
2024-10-24,NQZ4,20428.50,20268.00,160.50,20341.25,20341.25,20413.50,20261.75,20391.00,208123,66.75,20274.50,19,,21,0,-1,20353.25,20261.75,91.50,63,,167.09
2024-10-25,NQZ4,20707.25,20364.00,343.25,20635.25,20635.50,20664.75,20460.00,20476.00,287016,244.50,20391.00,,,,0,0,20661.00,20603.25,57.75,60,107,171.32
2024-10-28,NQZ4,20676.50,20525.25,151.25,20560.25,20560.50,20571.50,20486.00,20507.25,183182,84.50,20476.00,,,14,0,-1,20571.50,20516.50,55.00,,103,164.06
2024-10-29,NQZ4,20609.00,20432.25,176.75,20597.75,20597.75,20760.25,20580.25,20708.25,241531,90.50,20507.25,,12,,0,1,20644.50,20580.25,64.25,79,,161.22
2024-10-30,NQZ4,20788.50,20542.75,245.75,20682.75,20682.75,20685.75,20472.50,20507.00,231071,-25.50,20708.25,,,265,0,-1,20685.75,20636.50,49.25,,100,166.07
2024-10-31,NQZ4,20495.75,20052.75,443.00,20097.75,20097.50,20132.00,20008.50,20043.00,303402,-409.50,20507.00,,,12,0,-1,20107.00,20023.25,83.75,93,152,163.22
2024-11-01,NQZ4,20288.00,20017.00,271.00,20283.00,20283.00,20286.75,20122.75,20170.25,241591,240.00,20043.00,,,,0,0,20286.75,20208.25,78.50,,73,160.86
2024-11-04,NQZ4,20248.50,20070.50,178.00,20120.50,20120.25,20226.75,20013.00,20085.25,382863,-50.00,20170.25,51,,4,0,-1,20204.25,20013.00,191.25,80,,160.15
2024-11-05,NQZ4,20171.25,20041.75,129.50,20152.25,20152.25,20372.75,20147.00,20341.25,349026,67.00,20085.25,,0,,0,1,20321.25,20147.00,174.25,123,,163.20
2024-11-06,NQZ4,20731.25,20323.50,407.75,20685.75,20684.75,20931.00,20644.00,20893.75,397601,343.50,20341.25,,4,,0,1,20805.25,20644.00,161.25,61,,171.16
2024-11-07,NQZ4,21020.50,20861.50,159.00,21006.50,21006.75,21253.00,21004.00,21221.75,345818,113.00,20893.75,,0,,0,1,21129.25,21004.00,125.25,76,,176.82
2024-11-08,NQZ4,21263.25,21121.75,141.50,21186.00,21185.50,21265.00,21161.25,21234.00,293164,-36.25,21221.75,3,248,,0,1,21232.25,21161.25,71.00,146,,177.53
2024-11-11,NQZ4,21340.75,21249.00,91.75,21282.75,21283.00,21292.75,21098.25,21220.25,349772,49.00,21234.00,14,,10,0,-1,21292.75,21155.25,137.50,,210,180.16
2024-11-12,NQZ4,21249.50,21128.50,121.00,21214.00,21214.25,21251.75,21054.75,21185.00,387776,-6.00,21220.25,1,28,196,1,1,21251.75,21179.50,72.25,,89,181.01
2024-11-13,NQZ4,21243.50,21101.25,142.25,21158.50,21158.75,21268.50,21056.50,21158.75,407657,-26.25,21185.00,158,256,35,1,-1,21184.50,21056.50,128.00,158,,186.15
2024-11-14,NQZ4,21190.25,21090.25,100.00,21137.00,21137.75,21174.75,20971.25,21008.50,431605,-21.00,21158.75,0,,14,0,-1,21174.75,21040.50,134.25,,181,187.57
2024-11-15,NQZ4,20981.50,20752.50,229.00,20758.75,20758.75,20773.75,20405.25,20491.75,525091,-249.75,21008.50,,,2,0,-1,20773.75,20582.75,191.00,,65,201.61
2024-11-18,NQZ4,20657.00,20476.00,181.00,20557.00,20557.00,20724.25,20501.00,20631.75,369108,65.25,20491.75,,60,,0,1,20653.00,20501.00,152.00,60,,203.04
2024-11-19,NQZ4,20697.00,20382.50,314.50,20521.75,20521.50,20792.50,20508.00,20765.25,357381,-110.25,20631.75,67,128,,0,1,20605.00,20508.00,97.00,60,,208.41
2024-11-20,NQZ4,20843.25,20732.75,110.50,20753.25,20753.00,20764.50,20477.00,20752.25,465700,-12.25,20765.25,,,0,0,-1,20756.00,20477.00,279.00,385,,208.64
2024-11-21,NQZ4,20888.75,20595.25,293.50,20876.00,20876.00,20905.75,20514.25,20823.75,506506,123.75,20752.25,6,1,36,1,1,20905.75,20523.25,382.50,,60,220.63
2024-11-22,NQZ4,20844.50,20693.25,151.25,20790.00,20791.25,20880.00,20722.25,20847.25,401636,-32.50,20823.75,5,12,,0,1,20873.00,20722.25,150.75,221,,218.28
2024-11-25,NQZ4,21045.50,20928.50,117.00,21015.75,21016.50,21081.00,20780.25,20878.00,422621,169.25,20847.25,163,10,24,1,1,21081.00,20869.25,211.75,,162,229.04
2024-11-26,NQZ4,20979.50,20755.00,224.50,20937.75,20938.75,21024.75,20903.75,20989.75,358373,60.75,20878.00,,2,,0,1,21024.75,20919.50,105.25,,290,226.09
2024-11-27,NQZ4,21019.00,20904.25,114.75,20936.75,20936.25,20939.50,20675.00,20816.25,410283,-53.50,20989.75,,,1,0,-1,20939.50,20765.50,174.00,,61,228.65
2024-11-28,NQZ4,20878.00,20807.25,70.75,20874.25,20874.00,20909.50,20874.00,20890.00,24892,57.75,20816.25,,0,,0,1,20902.00,20874.00,28.00,79,,224.25
2024-11-29,NQZ4,20937.75,20812.25,125.50,20830.50,20830.50,21017.50,20805.50,20991.25,206169,-59.50,20890.00,23,37,2,1,-1,20973.50,20805.50,168.00,73,,226.65
2024-12-02,NQZ4,21046.50,20940.00,106.50,21043.00,21042.75,21259.75,21026.50,21217.00,372462,51.50,20991.25,,1,,0,1,21196.50,21026.50,170.00,65,,227.63
2024-12-03,NQZ4,21243.50,21144.50,99.00,21157.25,21158.00,21289.75,21134.25,21279.00,341395,-59.00,21217.00,32,117,1,1,-1,21234.00,21134.25,99.75,111,,224.11
2024-12-04,NQZ4,21457.00,21305.75,151.25,21418.00,21417.50,21548.50,21388.25,21537.50,347730,138.50,21279.00,,41,,0,1,21464.25,21388.25,76.00,62,,217.78
2024-12-05,NQZ4,21537.75,21489.00,48.75,21535.25,21535.25,21567.25,21459.00,21475.50,334160,-2.25,21537.50,0,0,81,1,1,21551.50,21497.75,53.75,162,81,210.74
2024-12-06,NQZ4,21529.75,21424.75,105.00,21491.00,21491.00,21669.25,21486.00,21658.50,351842,15.50,21475.50,,5,,0,1,21645.25,21486.00,159.25,217,,214.71
2024-12-09,NQZ4,21706.25,21586.00,120.25,21614.50,21615.00,21648.75,21436.00,21485.50,403138,-43.50,21658.50,,,1,0,-1,21648.75,21545.00,103.75,,66,215.63
2024-12-10,NQZ4,21538.00,21448.00,90.00,21532.50,21532.75,21606.75,21352.75,21408.00,444583,47.25,21485.50,98,8,166,1,1,21606.75,21505.50,101.25,,88,218.47
2024-12-11,NQZ4,21590.00,21405.75,184.25,21590.00,21589.50,21820.00,21573.00,21791.75,420731,181.50,21408.00,,0,,0,1,21736.25,21573.00,163.25,104,,220.22
2024-12-12,NQZ4,21772.50,21648.75,123.75,21693.75,21694.00,21745.00,21624.75,21643.25,375999,-97.75,21791.75,,,40,0,-1,21719.25,21624.75,94.50,67,,216.06
2024-12-13,NQZ4,21843.75,21698.00,145.75,21795.25,21795.25,21908.00,21666.50,21797.50,452479,152.00,21643.25,,11,89,1,1,21908.00,21790.00,118.00,,70,209.71
2024-12-16,NQZ4,21913.50,21762.00,151.50,21899.00,21899.50,22450.00,21896.00,22409.25,234529,102.00,21797.50,,0,,0,1,21995.75,21896.00,99.75,60,,226.25
2024-12-17,NQH5,22425.75,22323.50,102.25,22336.00,22336.00,22386.00,22244.25,22315.25,366074,-73.25,22409.25,,,0,0,-1,22366.75,22244.25,122.50,125,,219.11
2024-12-18,NQH5,22387.75,22206.00,181.75,22280.00,22280.50,22351.75,21430.00,21496.75,513462,-34.75,22315.25,52,,271,0,-1,22316.00,22211.25,104.75,70,271,250.82
2024-12-19,NQH5,21682.00,21427.75,254.25,21677.00,21677.00,21697.75,21363.00,21376.75,506986,180.25,21496.75,62,1,365,1,1,21697.75,21497.00,200.75,,62,247.99
2024-12-20,NQH5,21429.25,21006.50,422.75,21211.00,21210.50,21812.25,21160.50,21567.50,598422,-166.25,21376.75,54,58,,0,1,21461.25,21160.50,300.75,60,,272.69
2024-12-23,NQH5,21741.75,21544.25,197.50,21619.50,21619.25,21776.75,21476.75,21755.50,374504,51.75,21567.50,20,247,39,1,-1,21675.50,21476.75,198.75,134,,272.65
2024-12-24,NQH5,21847.50,21709.00,138.50,21826.50,21826.25,22049.75,21799.25,22046.50,199454,70.75,21755.50,,8,,0,1,21941.25,21799.25,142.00,66,,279.13
2024-12-26,NQH5,22111.25,21894.25,217.00,21961.75,21961.50,22076.25,21870.25,22007.25,302165,-85.00,22046.50,158,,24,0,-1,22008.00,21870.25,137.75,69,,276.20
2024-12-27,NQH5,22008.00,21844.00,164.00,21845.75,21846.00,21863.00,21498.75,21703.00,473997,-161.25,22007.25,,,0,0,-1,21863.00,21512.75,350.25,,63,292.64
2024-12-30,NQH5,21742.75,21358.50,384.25,21409.50,21409.00,21571.00,21253.00,21411.75,384558,-294.00,21703.00,,,4,0,-1,21416.00,21253.00,163.00,110,,297.94
2024-12-31,NQH5,21524.75,21343.50,181.25,21456.00,21456.00,21488.50,21182.00,21220.25,376962,44.25,21411.75,8,,42,0,-1,21488.50,21333.50,155.00,,94,301.60
2025-01-02,NQH5,21490.50,21121.75,368.75,21347.75,21347.75,21444.00,20983.75,21169.00,498626,127.50,21220.25,7,,180,0,-1,21444.00,21166.50,277.50,,179,316.84
2025-01-03,NQH5,21303.00,21144.00,159.00,21293.25,21293.75,21559.25,21261.50,21508.25,379445,124.75,21169.00,,0,,0,1,21440.75,21261.50,179.25,121,,323.71
2025-01-06,NQH5,21760.50,21478.25,282.25,21732.50,21732.75,21896.75,21647.75,21750.50,415708,224.50,21508.25,,1,,0,1,21886.75,21723.50,163.25,76,256,330.75
2025-01-07,NQH5,21797.25,21661.00,136.25,21791.75,21791.75,21806.00,21279.50,21359.00,525167,41.25,21750.50,5,0,31,1,1,21806.00,21525.25,280.75,,62,347.91
2025-01-08,NQH5,21448.25,21221.50,226.75,21356.00,21355.75,21431.75,21166.25,21360.25,456469,-3.25,21359.00,2,,178,0,-1,21406.25,21231.00,175.25,132,177,350.55
2025-01-10,NQH5,21372.50,21045.00,327.50,21192.75,21192.50,21197.25,20874.75,21015.50,519384,-167.75,21360.25,,,18,0,-1,21197.25,20874.75,322.50,,,353.98
2025-01-13,NQH5,21037.00,20694.00,343.00,20765.00,20765.75,20964.50,20702.00,20948.25,430946,-249.75,21015.50,,,,0,0,20855.50,20702.00,153.50,74,,354.75
2025-01-14,NQH5,21143.75,20944.00,199.75,21071.25,21071.50,21129.75,20773.50,20923.00,503494,123.25,20948.25,70,,81,0,-1,21129.75,20966.25,163.50,,69,366.55
2025-01-15,NQH5,21329.00,20909.00,420.00,21252.00,21251.25,21452.75,21186.75,21395.75,408081,328.25,20923.00,,18,,0,1,21408.00,21186.75,221.25,298,,367.77
2025-01-16,NQH5,21567.25,21353.00,214.25,21494.75,21494.50,21498.00,21243.50,21248.00,431969,98.75,21395.75,16,,30,0,-1,21498.00,21336.25,161.75,,132,352.80
2025-01-17,NQH5,21682.50,21209.25,473.25,21646.75,21647.25,21672.00,21481.25,21600.75,427487,399.25,21248.00,,,,0,0,21653.75,21481.25,172.50,222,,355.25
2025-01-20,NQH5,21726.75,21526.50,200.25,21723.25,21723.75,21778.75,21620.00,21683.00,71682,123.00,21600.75,,0,,0,1,21778.75,21677.00,101.75,,61,317.10
2025-01-21,NQH5,21746.25,21377.75,368.50,21710.75,21710.75,21772.00,21525.75,21714.50,373019,27.75,21683.00,7,221,,0,1,21718.25,21525.75,192.50,193,,312.68
2025-01-22,NQH5,21934.25,21768.25,166.00,21914.25,21913.75,22093.50,21902.50,21997.75,384397,199.25,21714.50,,1,,0,1,22037.00,21902.50,134.50,68,,289.64
2025-01-23,NQH5,21984.75,21855.50,129.25,21889.25,21888.75,22043.75,21866.00,22041.75,356740,-109.00,21997.75,384,247,,0,1,21918.00,21866.00,52.00,64,,283.52
2025-01-24,NQH5,22058.50,21971.75,86.75,22044.00,22044.25,22078.25,21844.00,21908.50,377479,2.50,22041.75,0,15,94,1,1,22078.25,21987.25,91.00,,69,282.71
2025-01-27,NQH5,21771.00,20763.75,1007.25,21123.75,21123.50,21418.50,21095.00,21258.00,618558,-785.00,21908.50,,,,0,0,21370.25,21109.00,261.25,61,321,288.59
2025-01-28,NQH5,21423.50,21219.00,204.50,21302.00,21302.75,21626.00,21159.50,21575.50,488401,44.75,21258.00,2,54,6,1,-1,21481.75,21159.50,322.25,151,,293.70
2025-01-29,NQH5,21697.00,21530.50,166.50,21600.00,21599.75,21606.25,21367.00,21530.25,483646,24.25,21575.50,1,,8,0,-1,21606.25,21480.50,125.75,,74,289.76
2025-01-30,NQH5,21715.50,21505.75,209.75,21650.25,21650.00,21748.75,21419.50,21623.00,478188,119.75,21530.25,60,19,62,1,1,21748.75,21522.00,226.75,,60,290.90
2025-01-31,NQH5,21813.00,21660.00,153.00,21774.50,21774.00,21966.00,21535.75,21580.75,522001,151.00,21623.00,315,2,310,1,1,21923.50,21765.00,158.50,64,244,289.40
2025-02-03,NQH5,21272.00,20943.00,329.00,21215.50,21215.50,21519.75,21113.25,21406.25,502245,-365.25,21580.75,,9,,0,1,21362.50,21113.25,249.25,61,,294.84
2025-02-04,NQH5,21600.00,21242.50,357.50,21421.25,21421.25,21694.00,21405.25,21668.25,350602,15.00,21406.25,1,30,,0,1,21663.50,21405.25,258.25,69,,296.82
2025-02-05,NQH5,21623.75,21429.75,194.00,21550.50,21551.00,21769.00,21501.00,21761.25,357016,-117.25,21668.25,137,99,,0,1,21613.75,21501.00,112.75,99,,283.90
2025-02-06,NQH5,21832.75,21705.75,127.00,21777.25,21777.00,21882.25,21711.50,21870.75,326031,15.75,21761.25,1,43,,0,1,21848.75,21738.25,110.50,384,303,279.16
2025-02-07,NQH5,21930.00,21790.25,139.75,21885.75,21886.00,21968.00,21552.75,21588.25,496126,15.25,21870.75,0,2,30,1,1,21968.00,21686.00,282.00,,84,283.80
2025-02-10,NQH5,21791.50,21418.00,373.50,21764.50,21764.25,21894.00,21744.00,21843.75,281955,176.00,21588.25,,13,,0,1,21873.50,21744.00,129.50,64,,278.18
2025-02-11,NQH5,21832.25,21669.50,162.75,21705.50,21706.00,21871.50,21700.75,21791.00,319483,-137.75,21843.75,59,59,,0,1,21845.25,21700.75,144.50,61,,268.90
2025-02-12,NQH5,21850.00,21510.75,339.25,21551.00,21551.00,21839.00,21536.25,21802.00,393045,-240.00,21791.00,151,,,0,0,21739.50,21536.25,203.25,68,,270.74
2025-02-13,NQH5,21927.00,21753.00,174.00,21869.75,21870.00,22124.00,21834.75,22109.75,401633,68.00,21802.00,,3,,0,1,21996.50,21834.75,161.75,66,,272.48
2025-02-14,NQH5,22163.50,22042.50,121.00,22108.75,22108.00,22225.00,22090.00,22194.25,326102,-1.75,22109.75,0,87,,0,1,22160.00,22090.00,70.00,86,,269.69
2025-02-17,NQH5,22281.75,22196.25,85.50,22241.00,22241.25,22251.75,22192.50,22235.25,41252,47.00,22194.25,13,,13,0,-1,22243.00,22192.50,50.50,92,,264.71
2025-02-18,NQH5,22319.75,22198.25,121.50,22258.25,22257.75,22268.00,22102.75,22238.75,356358,22.50,22235.25,2,,16,0,-1,22268.00,22130.25,137.75,,61,260.66
2025-02-19,NQH5,22291.25,22179.50,111.75,22207.00,22207.25,22299.75,22118.00,22247.00,385572,-31.50,22238.75,135,310,2,1,-1,22221.50,22118.00,103.50,102,,260.20
2025-02-20,NQH5,22235.50,22141.00,94.50,22209.75,22209.50,22225.50,21951.00,22144.75,462044,-37.50,22247.00,,,18,0,-1,22225.50,21951.00,274.50,,,265.04
2025-02-21,NQH5,22245.50,22103.75,141.75,22185.75,22186.25,22188.00,21662.50,21682.50,593471,41.50,22144.75,2,,11,0,-1,22188.00,21992.25,195.75,,63,279.60
2025-02-24,NQH5,21813.00,21676.75,136.25,21752.50,21752.50,21801.75,21408.75,21421.00,529921,70.00,21682.50,20,,20,0,-1,21801.75,21436.25,365.50,,385,283.07
2025-02-25,NQH5,21453.75,21286.00,167.75,21391.50,21391.00,21397.50,20990.00,21149.75,627838,-30.00,21421.00,,,18,0,-1,21397.50,21028.25,369.25,,121,280.13
2025-02-26,NQH5,21332.50,21200.00,132.50,21238.25,21238.75,21409.25,21064.50,21191.25,505506,89.00,21149.75,251,42,1,1,-1,21373.00,21189.00,184.00,92,239,285.40
2025-02-27,NQH5,21386.50,21108.00,278.50,21341.50,21340.75,21381.00,20597.75,20608.25,665651,149.50,21191.25,13,,24,0,-1,21381.00,20896.25,484.75,,300,308.10
2025-02-28,NQH5,20688.00,20515.50,172.50,20590.25,20590.25,20944.25,20460.50,20919.75,653232,-18.00,20608.25,13,44,2,1,-1,20758.50,20460.50,298.00,60,,310.77
2025-03-03,NQH5,21101.00,20837.75,263.25,21056.25,21055.50,21121.00,20316.75,20473.00,662466,135.75,20919.75,21,3,27,1,1,21121.00,20760.00,361.00,,218,330.66
2025-03-04,NQH5,20592.00,20262.00,330.00,20342.75,20342.50,20732.50,20075.25,20397.50,701052,-130.50,20473.00,222,293,3,1,-1,20430.00,20075.25,354.75,179,,349.09
2025-03-05,NQH5,20629.75,20379.50,250.25,20420.75,20421.25,20725.00,20215.00,20658.00,601153,23.75,20397.50,2,277,6,1,-1,20497.00,20270.25,226.75,189,101,361.19
2025-03-06,NQH5,20647.50,20299.00,348.50,20310.25,20310.75,20513.25,20003.00,20091.75,588909,-347.25,20658.00,,,0,0,-1,20483.75,20228.25,255.50,69,153,378.16
2025-03-07,NQH5,20273.75,20026.50,247.25,20037.50,20036.50,20286.25,19765.50,20224.00,597154,-55.25,20091.75,4,295,0,1,-1,20242.00,20023.75,218.25,293,61,383.44
2025-03-10,NQH5,20156.50,19521.00,635.50,19632.25,19633.50,19703.00,19272.25,19472.00,397575,-590.50,20224.00,,,92,0,-1,19703.00,19522.75,180.25,,92,397.48
2025-03-11,NQH5,19614.00,19139.25,474.75,19430.75,19428.25,19686.75,19201.00,19401.25,392833,-43.75,19472.00,2,196,,0,1,19544.25,19333.25,211.00,173,83,413.23
2025-03-12,NQH5,19788.75,19387.00,401.75,19524.25,19524.25,19727.75,19510.00,19572.75,311443,123.00,19401.25,,,,0,0,19703.50,19510.00,193.50,62,,408.98
2025-03-13,NQH5,19694.00,19324.50,369.50,19355.25,19354.50,19396.25,19170.00,19293.00,328663,-218.25,19572.75,,,6,0,-1,19393.00,19276.50,116.50,212,77,405.82
2025-03-14,NQH5,19666.50,19296.75,369.75,19645.00,19645.25,19742.50,19604.50,19667.50,289998,352.25,19293.00,,3,,0,1,19703.00,19607.75,95.25,84,62,405.98
2025-03-17,NQH5,19939.50,19550.50,389.00,19886.00,19886.75,20044.00,19654.75,20037.25,181339,219.25,19667.50,31,197,,0,1,19905.50,19656.50,249.00,176,73,422.48
2025-03-18,NQH5,20061.00,19604.25,456.75,19670.50,19671.00,19783.50,19628.00,19704.00,211915,-366.25,20037.25,,,,0,0,19749.75,19628.00,121.75,60,,421.99
2025-03-19,NQM5,19900.75,19547.25,353.50,19875.00,19875.00,20143.00,19769.00,19945.00,290109,171.00,19704.00,,12,,0,1,19937.50,19860.75,76.75,182,81,431.60
2025-03-20,NQM5,20105.00,19735.25,369.75,20031.75,20030.75,20055.75,19795.00,19894.25,273840,85.75,19945.00,41,,,0,0,20055.75,19868.00,187.75,,74,430.91
2025-03-21,NQM5,19932.75,19602.25,330.50,19716.00,19716.50,19977.50,19679.25,19970.75,288910,-177.75,19894.25,89,265,,0,1,19868.00,19679.25,188.75,62,,419.55
2025-03-24,NQM5,20370.25,20050.50,319.75,20355.75,20356.00,20409.50,20308.25,20357.25,247165,385.25,19970.75,,36,,0,1,20380.75,20328.50,52.25,215,60,404.96
2025-03-25,NQM5,20495.25,20293.00,202.25,20475.25,20475.50,20524.75,20402.00,20517.25,222504,118.25,20357.25,,270,,0,1,20478.25,20427.75,50.50,98,61,390.73
2025-03-26,NQM5,20536.75,20227.00,309.75,20272.50,20273.00,20296.75,20045.00,20090.50,329901,-244.25,20517.25,,,22,0,-1,20296.75,20165.50,131.25,,83,386.07
2025-03-27,NQM5,20199.50,19937.25,262.25,20133.75,20133.75,20155.75,19975.00,19997.25,288224,43.25,20090.50,7,,,0,0,20155.75,20039.00,116.75,,80,355.95
2025-03-28,NQM5,20011.75,19555.00,456.75,19600.75,19600.75,19632.00,19357.50,19361.00,318425,-396.50,19997.25,,,28,0,-1,19632.00,19485.25,146.75,,90,345.49
2025-03-31,NQM5,19365.00,18976.75,388.25,19186.75,19186.75,19489.75,19163.00,19413.00,385660,-174.25,19361.00,162,163,,0,1,19286.25,19163.00,123.25,99,,321.61
2025-04-01,NQM5,19604.25,19261.25,343.00,19565.00,19565.50,19644.00,19385.00,19598.00,368855,152.50,19413.00,161,21,,0,1,19644.00,19531.00,113.00,,61,301.70
2025-04-02,NQM5,19714.00,19316.50,397.50,19695.50,19695.25,20044.25,19076.75,19152.25,458646,97.25,19598.00,298,42,307,1,1,19768.25,19611.50,156.75,60,180,324.57
2025-04-03,NQM5,19177.00,18720.00,457.00,18821.00,18821.25,18987.75,18614.00,18648.50,372351,-331.00,19152.25,,,239,0,-1,18985.00,18815.00,170.00,60,149,317.75
2025-04-04,NQM5,18713.00,17656.00,1057.00,17939.25,17941.50,18020.00,17387.50,17483.25,563523,-707.00,18648.50,,,106,0,-1,18020.00,17735.50,284.50,,62,323.34
2025-04-07,NQM5,18361.50,16460.00,1901.50,17198.50,17196.25,17824.00,17196.25,17628.75,312880,-287.00,17483.25,11,,,0,0,17566.50,17196.25,370.25,114,,333.19
2025-04-08,NQM5,18357.25,17644.50,712.75,17983.50,17984.25,18135.00,16973.50,17232.00,504929,355.50,17628.75,91,,91,0,-1,18135.00,17841.75,293.25,,61,366.98
2025-04-09,NQM5,17597.50,16735.00,862.50,17398.75,17398.75,19386.75,17265.25,19353.50,548619,166.75,17232.00,,92,,0,1,17506.00,17265.25,240.75,66,,462.16
2025-04-10,NQM5,19383.50,18466.50,917.00,18467.25,18468.25,18674.75,17919.00,18501.50,526489,-885.25,19353.50,,,0,0,-1,18491.75,17919.00,572.75,92,,488.64
2025-04-11,NQM5,18795.00,18067.00,728.00,18416.50,18415.00,18873.50,18385.50,18820.50,274336,-86.50,18501.50,9,133,,0,1,18638.25,18385.50,252.75,62,,506.14
2025-04-14,NQM5,19256.00,18931.50,324.50,18945.50,18945.50,19095.00,18737.50,18902.50,269664,125.00,18820.50,19,,0,0,-1,18992.25,18737.50,254.75,171,,504.55
2025-04-15,NQM5,19144.75,18809.00,335.75,19012.00,19012.25,19090.50,18884.25,18938.00,232865,109.75,18902.50,164,,,0,0,19090.50,18983.00,107.50,,85,507.09
2025-04-16,NQM5,18861.25,18504.50,356.75,18708.75,18709.25,18713.50,18116.25,18369.25,360938,-228.75,18938.00,,,121,0,-1,18713.50,18550.00,163.50,,71,518.25
2025-04-17,NQM5,18652.75,18261.50,391.25,18338.75,18338.75,18526.00,18317.00,18427.75,292016,-30.50,18369.25,1,,,0,0,18465.75,18317.00,148.75,63,,515.66
2025-04-21,NQM5,18383.50,17857.00,526.50,17867.00,17867.75,17952.25,17700.00,17914.00,240190,-560.00,18427.75,,,0,0,-1,17879.50,17786.50,93.00,262,92,513.36
2025-04-22,NQM5,18386.00,17863.75,522.25,18351.50,18351.75,18514.00,18211.25,18359.00,331600,437.75,17914.00,,30,,0,1,18514.00,18287.25,226.75,,113,523.44
2025-04-23,NQM5,19165.50,18623.75,541.75,18915.25,18915.25,18966.25,18729.75,18850.00,326681,556.25,18359.00,,,,0,0,18953.50,18747.00,206.50,108,246,529.13
2025-04-24,NQM5,19208.75,18594.75,614.00,19149.50,19149.00,19418.00,19122.75,19347.50,272849,299.00,18850.00,,25,,0,1,19245.25,19122.75,122.50,64,,531.30
2025-04-25,NQM5,19497.50,19216.25,281.25,19348.75,19349.00,19589.00,19309.25,19554.75,264381,1.50,19347.50,0,100,,0,1,19430.25,19309.25,121.00,62,,536.25
2025-04-28,NQM5,19623.00,19311.75,311.25,19318.75,19319.50,19578.75,19257.25,19483.75,241170,-235.25,19554.75,260,,35,0,-1,19389.25,19267.50,121.75,165,105,538.60
2025-04-29,NQM5,19631.00,19378.00,253.00,19553.75,19554.00,19688.50,19471.00,19614.25,265126,70.25,19483.75,86,137,,0,1,19606.00,19500.00,106.00,134,80,533.14
2025-04-30,NQM5,19622.75,19103.75,519.00,19413.00,19413.00,19880.00,19337.00,19848.50,349677,-201.25,19614.25,260,260,,0,1,19473.50,19370.25,103.25,124,61,547.34
2025-05-01,NQM5,20125.75,19805.00,320.75,20078.00,20078.75,20083.75,19757.25,19799.00,274446,230.25,19848.50,271,,272,0,-1,20083.75,19910.00,173.75,,266,515.29
2025-05-02,NQM5,20195.00,19749.50,445.50,20141.50,20142.00,20276.75,20127.25,20204.50,221768,343.00,19799.00,,19,,0,1,20259.00,20127.25,131.75,68,,504.07
2025-05-05,NQM5,20201.75,19966.00,235.75,20097.50,20098.00,20191.50,20002.25,20042.25,171030,-106.50,20204.50,,,,0,0,20141.25,20065.50,75.75,72,264,481.91
2025-05-06,NQM5,20036.75,19739.00,297.75,19942.25,19941.75,20026.25,19809.00,19846.75,242430,-100.50,20042.25,,,,0,0,20026.25,19882.50,143.75,,77,461.39
2025-05-07,NQM5,20133.75,19789.00,344.75,19812.75,19813.25,20053.50,19678.75,19957.50,312882,-33.50,19846.75,13,,21,0,-1,19857.50,19787.00,70.50,71,156,422.05
2025-05-08,NQM5,20262.50,19910.75,351.75,20173.50,20172.50,20337.25,20141.25,20156.25,265678,215.00,19957.50,,12,,0,1,20325.50,20143.25,182.25,79,266,325.77
2025-05-09,NQM5,20288.75,20058.00,230.75,20133.75,20133.25,20185.50,20061.50,20146.50,191923,-23.00,20156.25,20,,,0,0,20174.75,20076.25,98.50,219,79,294.19
2025-05-12,NQM5,20991.50,20376.75,614.75,20785.50,20785.00,20996.00,20756.75,20957.00,248242,638.50,20146.50,,272,,0,1,20838.75,20756.75,82.00,67,,281.75
2025-05-13,NQM5,21292.75,20818.00,474.75,21278.75,21278.50,21346.50,21247.50,21254.75,225216,321.50,20957.00,,7,,0,1,21309.25,21252.50,56.75,66,271,268.82
2025-05-14,NQM5,21405.25,21238.25,167.00,21373.50,21373.75,21419.50,21281.50,21399.75,216426,119.00,21254.75,,63,,0,1,21396.75,21360.25,36.50,62,71,265.41
2025-05-15,NQM5,21424.75,21192.00,232.75,21406.25,21407.00,21529.75,21303.75,21396.50,264211,7.25,21399.75,0,10,,0,1,21462.25,21387.50,74.75,68,170,246.85
2025-05-16,NQM5,21504.75,21320.25,184.50,21398.75,21399.25,21512.00,21384.00,21400.25,172123,2.75,21396.50,324,217,,0,1,21451.25,21398.75,52.50,106,324,242.80
2025-05-19,NQM5,21462.50,21112.50,350.00,21404.25,21404.75,21544.50,21399.00,21517.00,212288,4.50,21400.25,0,10,,0,1,21478.00,21399.00,79.00,84,,237.46
2025-05-20,NQM5,21562.25,21354.75,207.50,21422.25,21422.00,21474.25,21298.00,21420.00,206621,-95.00,21517.00,,,179,0,-1,21445.75,21390.00,55.75,64,171,231.14
2025-05-21,NQM5,21535.00,21229.75,305.25,21519.25,21518.75,21558.50,21072.75,21145.50,345044,98.75,21420.00,106,37,116,1,1,21550.00,21493.00,57.00,77,92,243.60
2025-05-22,NQM5,21330.50,21040.00,290.50,21206.50,21206.75,21337.50,21166.00,21214.50,216999,61.25,21145.50,,215,,0,1,21324.50,21198.75,125.75,215,100,237.41
2025-05-23,NQM5,21236.00,20727.00,509.00,20960.00,20960.50,21083.00,20917.75,20953.25,203178,-254.00,21214.50,,,,0,0,21008.75,20917.75,91.00,96,,231.69
2025-05-26,NQM5,21307.75,20954.25,353.50,21253.25,21253.25,21294.00,21253.00,21283.50,7504,300.00,20953.25,,,,0,0,21287.25,21253.00,34.25,75,,217.66
2025-05-27,NQM5,21400.25,21141.50,258.75,21390.25,21390.25,21488.50,21368.75,21477.00,199321,106.75,21283.50,,22,,0,1,21424.50,21368.75,55.75,66,,212.78
2025-05-28,NQM5,21567.50,21407.00,160.50,21458.00,21458.00,21528.75,21321.25,21525.00,202222,-19.00,21477.00,67,,202,0,-1,21476.75,21433.75,43.00,67,202,196.00
2025-05-29,NQM5,21858.75,21380.50,478.25,21501.00,21501.00,21505.00,21301.00,21385.00,224447,-24.00,21525.00,,,28,0,-1,21505.00,21301.00,204.00,,,189.88
2025-05-30,NQM5,21421.00,21226.25,194.75,21368.00,21367.75,21433.50,21071.50,21369.00,300805,-17.25,21385.00,235,266,57,1,-1,21378.75,21159.00,219.75,235,60,200.50
2025-06-02,NQM5,21458.00,21163.00,295.00,21370.00,21370.75,21576.25,21356.00,21554.50,178020,1.75,21369.00,0,91,,0,1,21444.75,21356.00,88.75,84,,202.05
2025-06-03,NQM5,21686.75,21399.25,287.50,21672.00,21672.00,21759.75,21635.75,21688.00,197172,117.50,21554.50,,29,,0,1,21714.00,21655.25,58.75,61,160,197.39
2025-06-04,NQM5,21793.25,21641.00,152.25,21754.75,21755.00,21803.00,21706.00,21748.00,171703,67.00,21688.00,,150,,0,1,21775.00,21706.00,69.00,103,,183.50
2025-06-05,NQM5,21927.25,21691.50,235.75,21920.00,21919.50,21935.00,21503.50,21515.00,304978,171.50,21748.00,77,14,83,1,1,21935.00,21812.25,122.75,,70,195.28
2025-06-06,NQM5,21870.00,21471.00,399.00,21790.00,21790.00,21873.50,21722.00,21809.50,195113,275.00,21515.00,,184,,0,1,21834.50,21770.75,63.75,151,70,196.65
2025-06-09,NQM5,21890.75,21716.00,174.75,21824.50,21825.00,21885.00,21796.75,21822.25,159653,15.50,21809.50,271,,,0,0,21849.50,21815.50,34.00,67,270,189.10
2025-06-10,NQM5,21973.25,21732.00,241.25,21857.25,21857.75,21992.25,21742.75,21951.00,232402,35.50,21822.25,3,215,,0,1,21918.00,21742.75,175.25,101,,196.63
2025-06-11,NQM5,22106.00,21865.75,240.25,22018.75,22019.25,22027.75,21790.75,21883.25,267745,68.25,21951.00,41,,154,0,-1,22027.75,21908.00,119.75,,151,201.57
2025-06-12,NQM5,21977.25,21713.25,264.00,21917.25,21918.25,21969.75,21893.25,21909.00,171416,35.00,21883.25,,,,0,0,21964.75,21893.25,71.50,70,,194.10
2025-06-13,NQM5,21915.75,21471.00,444.75,21798.00,21797.50,21854.75,21600.25,21652.00,219502,-111.50,21909.00,,,,0,0,21854.75,21783.75,71.00,,102,200.43
2025-06-16,NQM5,22222.00,21501.75,720.25,22188.50,22188.00,22211.75,22137.00,22162.75,121456,536.00,21652.00,,,,0,0,22205.25,22156.00,49.25,119,66,196.89
2025-06-17,NQU5,22177.25,21996.00,181.25,22090.00,22090.25,22132.25,21909.50,21952.00,207387,-72.50,22162.75,,,120,0,-1,22132.25,22078.50,53.75,,75,199.21
2025-06-18,NQU5,22097.75,21862.25,235.50,22049.75,22050.25,22082.50,21882.25,21961.75,240171,98.25,21952.00,122,,,0,0,22078.25,22021.75,56.50,150,91,184.94
2025-06-19,NQU5,21970.75,21650.25,320.50,21720.25,21719.75,21741.75,21675.50,21703.00,15102,-242.00,21961.75,,,,0,0,21735.25,21675.50,59.75,60,,179.68
2025-06-20,NQU5,22130.50,21745.75,384.75,21858.25,21857.50,21922.00,21765.00,21874.00,217322,154.50,21703.00,,,,0,0,21922.00,21833.25,88.75,,116,179.26
2025-06-23,NQU5,22018.00,21566.75,451.25,21946.50,21946.50,22093.00,21738.25,22072.25,290155,72.50,21874.00,56,119,,0,1,21967.50,21854.50,113.00,113,60,194.95
2025-06-24,NQU5,22384.50,22065.75,318.75,22372.75,22373.00,22448.25,22357.25,22407.75,181025,300.75,22072.25,,16,,0,1,22396.50,22357.25,39.25,62,,193.51
2025-06-25,NQU5,22548.25,22384.50,163.75,22462.50,22463.00,22485.00,22388.50,22472.50,181153,55.25,22407.75,131,,,0,0,22463.75,22420.25,43.50,270,77,187.96
2025-06-26,NQU5,22611.75,22437.75,174.00,22565.25,22564.75,22694.00,22550.00,22672.50,191106,92.25,22472.50,,25,,0,1,22632.75,22550.00,82.75,106,,184.96
2025-06-27,NQU5,22825.50,22660.25,165.25,22792.50,22792.25,22820.00,22600.00,22740.25,260197,119.75,22672.50,179,,180,0,-1,22820.00,22778.00,42.00,,73,177.86
2025-06-30,NQU5,22915.00,22751.50,163.50,22817.00,22817.50,22934.75,22781.00,22866.75,218928,77.25,22740.25,,262,,0,1,22867.50,22809.25,58.25,218,147,174.54
2025-07-01,NQU5,22914.75,22594.50,320.25,22684.50,22684.50,22762.25,22617.00,22691.75,227666,-182.25,22866.75,,,,0,0,22708.00,22617.00,91.00,68,,175.60
2025-07-02,NQU5,22847.50,22582.00,265.50,22803.50,22803.50,22858.75,22798.25,22852.75,167941,111.75,22691.75,,92,,0,1,22843.25,22798.25,45.00,70,,173.78
2025-07-03,NQU5,23086.25,22827.00,259.25,23066.75,23067.00,23102.50,23027.50,23059.00,70688,214.25,22852.75,,9,,0,1,23102.50,23063.75,38.75,,77,155.95
2025-07-04,NQU5,23062.50,22882.00,180.50,22925.00,22925.00,22937.75,22896.00,22906.75,5765,-134.00,23059.00,,,,0,0,22937.75,22915.00,22.75,,68,150.46
2025-07-07,NQU5,23028.50,22882.50,146.00,22920.50,22920.50,22962.50,22779.75,22839.00,253976,13.75,22906.75,16,,51,0,-1,22962.50,22833.50,129.00,,166,155.19
2025-07-08,NQU5,22972.75,22808.50,164.25,22868.75,22869.25,22962.75,22868.75,22903.25,194766,30.25,22839.00,,,,0,0,22962.75,22868.75,94.00,,,147.41
2025-07-09,NQU5,23112.00,22843.50,268.50,22980.00,22980.25,23060.50,22937.00,23043.50,193175,77.00,22903.25,,,,0,0,22988.75,22937.00,51.75,66,,141.74
2025-07-10,NQU5,23090.00,22901.25,188.75,22997.75,22997.25,23050.00,22963.25,23010.00,165410,-46.25,23043.50,157,,,0,0,23025.50,22963.25,62.25,123,,142.25
2025-07-11,NQU5,23048.75,22831.50,217.25,22950.00,22950.25,23021.50,22924.00,22938.00,205282,-59.75,23010.00,12,,,0,0,23010.75,22948.25,62.50,94,215,134.40
2025-07-14,NQU5,23022.50,22803.00,219.50,23011.75,23012.00,23066.50,22992.00,23036.25,162676,74.00,22938.00,,40,,0,1,23029.25,22992.00,37.25,80,,134.39
2025-07-15,NQU5,23222.75,22996.00,226.75,23168.50,23169.25,23181.00,23009.50,23017.75,229800,133.00,23036.25,273,,,0,0,23181.00,23134.00,47.00,,67,131.82
2025-07-16,NQU5,23089.50,22898.50,191.00,22981.00,22981.25,23100.00,22835.50,23063.25,243750,-36.50,23017.75,26,250,5,1,-1,23024.25,22835.50,188.75,82,,135.04
2025-07-17,NQU5,23244.00,23017.00,227.00,23228.75,23229.00,23279.75,23216.75,23265.50,192683,165.75,23063.25,,12,,0,1,23276.00,23216.75,59.25,150,,134.88
2025-07-18,NQU5,23320.75,23186.75,134.00,23216.25,23216.50,23254.25,23169.50,23228.50,207858,-49.00,23265.50,,,57,0,-1,23254.25,23177.25,77.00,,66,131.26
2025-07-21,NQU5,23424.75,23203.75,221.00,23396.25,23396.50,23423.50,23328.50,23347.00,191901,168.00,23228.50,,,,0,0,23404.75,23358.75,46.00,84,253,118.28
2025-07-22,NQU5,23367.00,23108.00,259.00,23208.00,23208.00,23257.75,23159.50,23199.00,225503,-139.00,23347.00,,,,0,0,23237.25,23163.75,73.50,118,71,118.64
2025-07-23,NQU5,23283.75,23146.75,137.00,23208.00,23208.25,23418.00,23192.75,23411.25,267449,9.25,23199.00,9,25,,0,1,23293.50,23192.75,100.75,165,,125.08
2025-07-24,NQU5,23422.75,23298.25,124.50,23380.50,23380.75,23424.50,23340.00,23395.00,205539,-30.50,23411.25,104,106,,0,1,23400.50,23340.00,60.50,102,,122.10
2025-07-25,NQU5,23441.75,23330.75,111.00,23420.00,23419.50,23476.00,23402.25,23447.75,185683,24.50,23395.00,,43,,0,1,23471.50,23402.25,69.25,61,,114.79
2025-07-28,NQU5,23585.25,23436.75,148.50,23480.50,23480.50,23512.75,23440.00,23509.25,188424,32.75,23447.75,156,,,0,0,23509.25,23474.00,35.25,303,92,110.74
2025-07-29,NQU5,23652.50,23458.00,194.50,23463.75,23463.75,23525.75,23421.25,23452.00,267114,-45.50,23509.25,20,,2,0,-1,23519.75,23438.25,81.50,118,246,108.70
2025-07-30,NQU5,23541.25,23449.25,92.00,23487.25,23487.50,23689.00,23356.50,23661.75,326930,35.50,23452.00,206,47,206,1,1,23547.00,23475.75,71.25,131,206,122.30
2025-07-31,NQU5,23845.00,23483.25,361.75,23534.75,23535.25,23617.00,23290.50,23329.50,390273,-126.50,23661.75,,,116,0,-1,23614.75,23530.00,84.75,63,109,134.88
2025-08-01,NQU5,23347.50,22800.00,547.50,22902.75,22902.50,23045.50,22775.00,22870.00,325640,-427.00,23329.50,,,160,0,-1,23045.50,22896.00,149.50,,87,146.31
2025-08-04,NQU5,23264.25,22821.75,442.50,23211.00,23211.00,23352.50,23198.00,23350.75,192540,341.00,22870.00,,30,,0,1,23276.50,23198.00,78.50,84,,144.90
2025-08-05,NQU5,23404.25,23138.25,266.00,23170.75,23170.75,23252.00,23084.50,23092.00,249825,-180.00,23350.75,,,6,0,-1,23211.00,23113.50,97.50,61,295,148.57
2025-08-06,NQU5,23331.25,23045.50,285.75,23323.75,23323.75,23445.25,23298.50,23413.25,218593,231.75,23092.00,,0,,0,1,23385.75,23298.50,87.25,67,,149.74
2025-08-07,NQU5,23671.00,23384.50,286.50,23509.25,23510.25,23534.00,23329.00,23521.75,254885,97.00,23413.25,74,,128,0,-1,23531.00,23460.00,71.00,284,70,155.65
2025-08-08,NQU5,23703.00,23503.00,200.00,23666.50,23666.00,23767.75,23612.00,23765.50,217750,144.25,23521.75,,47,,0,1,23707.50,23612.00,95.50,150,,158.56
2025-08-11,NQU5,23773.00,23667.75,105.25,23734.75,23734.25,23804.50,23587.50,23629.50,232769,-31.25,23765.50,32,37,195,1,1,23804.50,23716.00,88.50,,128,165.69
2025-08-12,NQU5,23861.25,23596.00,265.25,23833.50,23833.25,23953.50,23821.25,23949.50,183536,203.75,23629.50,,26,,0,1,23883.25,23821.25,62.00,61,,163.72
2025-08-13,NQU5,24068.50,23892.25,176.25,23925.00,23925.25,23960.00,23886.00,23927.75,204068,-24.25,23949.50,12,,81,0,-1,23958.25,23907.75,50.50,269,61,154.20
2025-08-14,NQU5,24007.75,23793.25,214.50,23888.00,23888.00,23980.00,23864.75,23891.50,241943,-39.75,23927.75,21,,,0,0,23942.75,23864.75,78.00,84,,156.81
2025-08-15,NQU5,23963.00,23770.25,192.75,23802.50,23802.25,23847.50,23734.50,23796.75,206114,-89.25,23891.50,,,11,0,-1,23819.25,23734.50,84.75,87,,158.22
2025-08-18,NQU5,23881.75,23719.00,162.75,23744.25,23744.50,23816.25,23722.50,23788.00,175114,-52.25,23796.75,122,,,0,0,23777.75,23728.75,49.00,61,78,158.16
2025-08-19,NQU5,23838.00,23514.50,323.50,23579.75,23579.75,23589.50,23426.00,23473.50,258671,-208.25,23788.00,,,69,0,-1,23589.50,23515.00,74.50,,69,161.43
2025-08-20,NQU5,23485.50,23035.00,450.50,23224.75,23224.25,23368.75,23152.50,23319.00,306181,-249.25,23473.50,,,,0,0,23305.00,23152.50,152.50,135,,160.97
2025-08-21,NQU5,23369.25,23156.00,213.25,23256.25,23256.25,23295.75,23119.00,23221.75,235990,-62.75,23319.00,,,89,0,-1,23295.75,23172.75,123.00,,88,165.59
2025-08-22,NQU5,23650.00,23076.75,573.25,23621.25,23621.00,23645.75,23507.25,23582.75,215209,399.25,23221.75,,,,0,0,23645.75,23523.75,122.00,,86,168.82
2025-08-25,NQU5,23607.50,23443.25,164.25,23598.50,23598.75,23616.25,23485.75,23502.25,165772,16.00,23582.75,7,21,,0,1,23616.25,23578.50,37.75,,95,171.71
2025-08-26,NQU5,23553.75,23371.50,182.25,23508.75,23508.25,23611.00,23479.00,23607.50,187588,6.00,23502.25,4,46,,0,1,23556.75,23493.25,63.50,231,144,173.09
2025-08-27,NQU5,23629.00,23487.50,141.50,23590.00,23589.75,23689.00,23434.75,23542.00,227544,-17.75,23607.50,17,27,291,1,1,23630.75,23545.25,85.50,162,67,169.18
2025-08-28,NQU5,23752.75,23487.50,265.25,23672.00,23672.50,23803.75,23670.50,23762.00,178148,130.50,23542.00,,58,,0,1,23766.00,23670.50,95.50,120,,159.51
2025-08-29,NQU5,23762.00,23415.25,346.75,23481.75,23482.00,23495.25,23397.50,23454.50,227344,-280.00,23762.00,,,106,0,-1,23486.50,23425.00,61.50,75,96,150.88
2025-09-01,NQU5,23552.50,23370.50,182.00,23502.75,23503.00,23506.75,23481.75,23502.25,7235,48.50,23454.50,,,,0,0,23506.75,23481.75,25.00,,,144.40
2025-09-02,NQU5,23509.50,23025.25,484.25,23110.00,23109.25,23386.00,23027.00,23379.50,285072,-393.00,23502.25,,,,0,0,23109.25,23027.00,82.25,82,,153.97
2025-09-03,NQU5,23525.25,23298.25,227.00,23424.50,23424.75,23471.75,23318.25,23455.75,270108,45.25,23379.50,134,,,0,0,23464.00,23400.25,63.75,270,71,154.31
2025-09-04,NQU5,23556.00,23410.00,146.00,23546.00,23547.00,23708.75,23512.50,23684.00,206321,91.25,23455.75,,79,,0,1,23554.50,23512.50,42.00,79,,153.88
2025-09-05,NQU5,23902.00,23505.00,397.00,23632.50,23633.00,23696.25,23585.75,23673.25,255409,-51.00,23684.00,227,,,0,0,23669.00,23595.00,74.00,216,133,151.61
2025-09-08,NQU5,23888.00,23650.25,237.75,23876.25,23876.00,23884.75,23760.00,23798.50,208460,202.75,23673.25,,,,0,0,23884.75,23820.75,64.00,,62,147.00
2025-09-09,NQU5,23885.25,23726.00,159.25,23784.25,23783.75,23921.25,23753.75,23889.75,211288,-14.75,23798.50,24,266,,0,1,23833.75,23753.75,80.00,92,,148.76
2025-09-10,NQU5,24044.25,23874.00,170.25,23942.25,23943.50,23969.50,23785.00,23858.00,234778,53.75,23889.75,114,,117,0,-1,23969.50,23904.50,65.00,,71,154.29
2025-09-11,NQU5,24046.00,23838.00,208.00,24037.75,24037.75,24045.50,23994.00,24006.75,168288,179.75,23858.00,,,,0,0,24045.50,24003.00,42.50,,82,151.10
2025-09-12,NQU5,24115.50,23969.00,146.50,24087.50,24086.75,24159.00,24071.75,24115.25,184833,80.00,24006.75,,87,,0,1,24106.75,24071.75,35.00,61,,149.81
2025-09-15,NQU5,24504.25,24076.00,428.25,24254.00,24253.25,24556.75,24250.00,24538.00,108457,138.00,24115.25,,90,,0,1,24295.00,24250.00,45.00,90,,160.46
2025-09-16,NQZ5,24647.25,24511.00,136.25,24517.00,24517.25,24563.00,24499.25,24530.25,145204,-20.75,24538.00,103,,8,0,-1,24528.00,24499.25,28.75,86,,155.47
2025-09-17,NQZ5,24553.00,24404.00,149.00,24412.75,24412.50,24550.75,24242.00,24502.00,353209,-117.75,24530.25,235,,13,0,-1,24423.50,24389.25,34.25,123,70,160.10
2025-09-18,NQZ5,24816.00,24495.25,320.75,24782.50,24782.75,24805.75,24685.00,24713.75,213463,280.75,24502.00,,,,0,0,24805.75,24720.75,85.00,,237,157.30
2025-09-19,NQZ5,24817.50,24655.00,162.50,24727.25,24727.00,24888.00,24708.00,24861.00,229050,13.25,24713.75,1,54,,0,1,24824.50,24708.00,116.50,72,,159.38
2025-09-22,NQZ5,24937.75,24748.75,189.00,24920.25,24920.50,25027.25,24897.25,24996.25,243172,59.50,24861.00,,40,,0,1,24975.00,24897.25,77.75,60,,159.35
2025-09-23,NQZ5,25026.00,24929.50,96.50,24958.50,24958.75,24962.75,24780.50,24833.75,321697,-37.50,24996.25,,,13,0,-1,24962.75,24915.00,47.75,,94,161.86
2025-09-24,NQZ5,24913.50,24777.00,136.50,24794.00,24793.75,24795.00,24627.00,24747.50,284211,-40.00,24833.75,,,3,0,-1,24795.00,24627.00,168.00,,,157.55
2025-09-25,NQZ5,24793.50,24422.50,371.00,24598.75,24598.50,24696.75,24453.50,24635.50,308454,-149.00,24747.50,,,,0,0,24696.75,24597.75,99.00,,111,163.05
2025-09-26,NQZ5,24747.50,24520.00,227.50,24631.75,24632.00,24746.50,24568.25,24726.50,196977,-3.50,24635.50,0,,,0,0,24680.75,24568.25,112.50,82,,167.07
2025-09-29,NQZ5,24975.50,24721.75,253.75,24867.00,24866.75,24874.00,24780.50,24811.25,243195,140.25,24726.50,,,,0,0,24874.00,24825.50,48.50,,85,170.50
2025-09-30,NQZ5,24862.75,24722.25,140.50,24779.75,24779.75,24913.75,24731.75,24838.25,249659,-31.50,24811.25,28,236,,0,1,24843.75,24761.50,82.25,197,101,161.65
2025-10-01,NQZ5,24920.75,24633.25,287.50,24890.75,24890.75,25036.75,24890.75,25009.25,197639,52.50,24838.25,,7,,0,1,24948.75,24890.75,58.00,61,,161.28
2025-10-02,NQZ5,25180.00,24993.75,186.25,25042.00,25041.50,25126.50,25000.75,25105.00,184973,32.25,25009.25,7,,,0,0,25082.25,25000.75,81.50,108,,157.75
2025-10-03,NQZ5,25196.50,25051.00,145.50,25134.25,25133.75,25156.00,24923.25,24982.00,269329,28.75,25105.00,10,,93,0,-1,25156.00,25104.00,52.00,,90,163.86
2025-10-06,NQZ5,25241.50,24995.00,246.50,25161.50,25162.00,25252.75,25158.25,25184.00,180800,180.00,24982.00,,181,,0,1,25216.00,25158.25,57.75,113,,162.35
2025-10-07,NQZ5,25275.00,25053.00,222.00,25074.75,25074.75,25092.00,24984.75,25054.75,262603,-109.25,25184.00,,,2,0,-1,25080.25,24984.75,95.50,67,,159.34
2025-10-08,NQZ5,25246.50,25026.25,220.25,25236.25,25236.00,25364.75,25230.00,25354.00,196974,181.25,25054.75,,11,,0,1,25276.25,25230.00,46.25,139,,156.85
2025-10-09,NQZ5,25394.00,25193.50,200.50,25227.50,25227.50,25299.75,25160.75,25287.25,241349,-126.50,25354.00,,,96,0,-1,25274.50,25197.75,76.75,248,88,161.22
2025-10-10,NQZ5,25388.00,24802.50,585.50,24822.25,24822.25,24908.25,24158.50,24188.00,554883,-465.00,25287.25,,,0,0,-1,24908.25,24670.75,237.50,,83,194.35
2025-10-13,NQZ5,24945.75,24542.00,403.75,24877.75,24878.50,24965.00,24852.00,24904.50,231132,690.50,24188.00,,87,,0,1,24930.25,24852.00,78.25,80,,184.66
2025-10-14,NQZ5,25044.25,24421.00,623.25,24704.00,24704.25,24947.50,24685.75,24756.25,300664,-200.25,24904.50,67,,,0,0,24878.00,24700.00,178.00,60,255,194.56
2025-10-15,NQZ5,25115.00,24740.50,374.50,25053.00,25053.50,25059.25,24663.25,24941.25,343299,297.25,24756.25,101,,101,0,-1,25059.25,24877.25,182.00,,90,198.93
2025-10-16,NQZ5,25179.50,24874.75,304.75,25038.50,25038.25,25073.25,24643.50,24794.25,420113,97.00,24941.25,31,,57,0,-1,25073.25,24868.50,204.75,,60,214.38
2025-10-17,NQZ5,24960.75,24410.00,550.75,24734.75,24735.50,25055.75,24675.00,25033.50,281969,-58.75,24794.25,14,60,,0,1,24956.75,24675.00,281.75,60,,224.41
2025-10-20,NQZ5,25327.75,24955.75,372.00,25320.75,25321.50,25354.50,25289.75,25326.75,179267,288.00,25033.50,,18,,0,1,25345.50,25296.25,49.25,109,66,221.15
2025-10-21,NQZ5,25368.00,25203.25,164.75,25275.50,25275.50,25348.50,25228.75,25265.25,192327,-51.25,25326.75,25,,,0,0,25344.00,25257.50,86.50,80,93,218.03
2025-10-22,NQZ5,25338.25,25023.50,314.75,25028.00,25028.00,25131.75,24804.75,25040.00,365209,-237.25,25265.25,,,0,0,-1,25131.75,25003.25,128.50,,61,225.97
2025-10-23,NQZ5,25198.50,24937.00,261.50,25179.75,25180.00,25296.00,25119.50,25278.00,224012,140.00,25040.00,,2,,0,1,25226.75,25119.50,107.25,73,,222.64
2025-10-24,NQZ5,25548.75,25276.00,272.75,25534.50,25535.25,25570.75,25497.50,25510.25,183092,257.25,25278.00,,50,,0,1,25563.00,25500.75,62.25,138,269,217.39
2025-10-27,NQZ5,25901.50,25700.00,201.50,25898.25,25898.25,26013.50,25888.00,26003.75,183917,388.00,25510.25,,1,,0,1,25912.00,25888.00,24.00,66,,218.99
2025-10-28,NQZ5,26094.75,25943.00,151.75,26045.00,26044.75,26231.50,26006.00,26172.50,235692,41.00,26003.75,,58,,0,1,26098.00,26006.00,92.00,61,,221.16
2025-10-29,NQZ5,26326.50,26164.50,162.00,26253.25,26253.25,26379.75,26049.25,26221.00,309395,80.75,26172.50,186,271,186,1,-1,26259.00,26203.25,55.75,75,185,230.39
2025-10-30,NQZ5,26399.00,25942.25,456.75,26057.25,26058.00,26149.50,25853.00,26149.25,280081,-163.00,26221.00,,,226,0,-1,26097.00,25965.25,131.75,310,215,238.93
2025-10-31,NQZ5,26274.00,26060.00,214.00,26136.25,26137.50,26158.00,25888.75,25983.00,328523,-11.75,26149.25,2,,20,0,-1,26158.00,25955.50,202.50,,85,240.75
2025-11-03,NQZ5,26259.75,26012.75,247.00,26235.50,26235.75,26266.00,26015.50,26110.25,355528,252.75,25983.00,,1,,0,1,26266.00,26033.00,233.00,,60,248.55
2025-11-04,NQZ5,26104.50,25645.00,459.50,25740.75,25742.00,25893.50,25544.00,25578.00,475485,-368.25,26110.25,,,170,0,-1,25893.50,25663.00,230.50,,170,260.66
2025-11-05,NQZ5,25596.00,25282.00,314.00,25541.75,25542.25,25880.00,25488.00,25741.00,405260,-35.75,25578.00,17,18,,0,1,25718.50,25488.00,230.50,71,,273.52
2025-11-06,NQZ5,25822.25,25617.25,205.00,25673.50,25674.00,25685.75,25197.75,25258.25,604987,-67.00,25741.00,,,11,0,-1,25685.75,25404.50,281.25,,67,290.98
2025-11-07,NQZ5,25354.75,25061.75,293.00,25110.00,25110.50,25173.00,24709.25,25164.25,570595,-147.75,25258.25,,,1,0,-1,25111.00,24882.00,229.00,329,72,276.68
2025-11-10,NQZ5,25569.50,25269.00,300.50,25538.00,25538.75,25760.50,25452.00,25713.00,468682,374.50,25164.25,,1,,0,1,25666.50,25525.25,141.25,247,89,286.45
2025-11-11,NQZ5,25768.75,25571.75,197.00,25604.75,25605.00,25696.25,25478.50,25647.00,410062,-108.00,25713.00,,,20,0,-1,25646.00,25532.75,113.25,229,60,284.25
2025-11-12,NQZ5,25830.00,25629.50,200.50,25777.75,25778.50,25780.75,25488.75,25625.25,490145,131.50,25647.00,12,,17,0,-1,25780.75,25561.50,219.25,,66,279.05
2025-11-13,NQZ5,25721.50,25435.00,286.50,25477.75,25477.25,25502.00,25002.50,25100.00,603388,-148.00,25625.25,,,1,0,-1,25502.00,25280.25,221.75,,75,282.54
2025-11-14,NQZ5,25159.75,24657.00,502.75,24723.25,24723.50,25293.25,24626.00,25105.25,623606,-376.50,25100.00,75,77,2,1,-1,25028.50,24626.00,402.50,66,,296.86
2025-11-17,NQZ5,25361.25,24988.75,372.50,24997.75,24997.75,25254.00,24731.75,24888.25,569468,-107.50,25105.25,6,,0,0,-1,25254.00,24955.00,299.00,,106,319.74
2025-11-18,NQZ5,24959.50,24603.75,355.75,24717.00,24718.25,24832.00,24376.25,24585.00,654124,-170.00,24888.25,,,20,0,-1,24832.00,24430.00,402.00,,91,336.54
2025-11-19,NQZ5,24733.25,24445.00,288.25,24610.75,24611.50,24988.00,24507.00,24725.00,576904,26.50,24585.00,0,14,,0,1,24988.00,24572.50,415.50,,184,344.24
2025-11-20,NQZ5,25264.75,24955.25,309.50,25210.75,25211.50,25310.00,24098.00,24138.25,797916,486.50,24725.00,135,18,106,1,1,25299.75,25146.00,153.75,67,90,396.01
2025-11-21,NQZ5,24292.00,23904.50,387.50,24203.00,24203.50,24596.25,23927.25,24313.75,625952,65.25,24138.25,16,25,,0,1,24298.00,24027.25,270.75,145,60,425.80
2025-11-24,NQZ5,24574.50,24361.75,212.75,24522.75,24522.25,24993.50,24516.75,24935.25,440371,208.50,24313.75,,1,,0,1,24769.75,24516.75,253.00,66,,443.36
2025-11-25,NQZ5,24986.50,24822.00,164.50,24856.75,24857.25,25135.25,24602.00,25080.00,486266,-78.00,24935.25,155,173,1,1,-1,24879.50,24602.00,277.50,112,,458.75
2025-11-26,NQZ5,25235.75,25061.25,174.50,25222.00,25222.25,25376.00,25133.75,25296.50,397562,142.25,25080.00,,1,,0,1,25280.25,25133.75,146.50,93,,454.34
2025-11-27,NQZ5,25339.25,25290.25,49.00,25301.50,25301.50,25317.75,25285.75,25301.75,15063,5.00,25296.50,10,,10,0,-1,25317.75,25287.00,30.75,,95,441.11
2025-11-28,NQZ5,25399.00,25301.75,97.25,25359.00,25358.00,25499.75,25331.00,25484.50,135829,56.25,25301.75,,6,,0,1,25422.00,25331.00,91.00,96,,436.09
2025-12-01,NQZ5,25546.00,25193.25,352.75,25254.25,25255.00,25495.75,25209.25,25402.25,415985,-229.50,25484.50,196,,,0,0,25389.00,25209.25,179.75,82,,437.89
2025-12-02,NQZ5,25522.75,25324.75,198.00,25492.25,25492.75,25670.00,25414.50,25600.50,457853,90.50,25402.25,,4,,0,1,25654.75,25471.25,183.50,80,114,433.19
2025-12-03,NQZ5,25678.25,25421.50,256.75,25495.00,25495.25,25685.25,25430.00,25657.50,363956,-105.25,25600.50,68,340,,0,1,25574.50,25430.00,144.50,63,,426.35
2025-12-04,NQZ5,25732.50,25603.25,129.25,25711.75,25712.00,25713.00,25488.75,25628.00,416525,54.50,25657.50,2,,4,0,-1,25713.00,25520.50,192.50,,95,413.16
2025-12-05,NQZ5,25755.75,25579.75,176.00,25680.25,25680.00,25868.00,25651.25,25725.75,397638,52.00,25628.00,,1,,0,1,25868.00,25673.50,194.50,,121,400.81
2025-12-08,NQZ5,25833.00,25700.25,132.75,25791.75,25791.00,25860.75,25564.75,25668.75,375972,65.25,25725.75,19,1,54,1,1,25860.75,25657.00,203.75,,86,400.19
2025-12-09,NQZ5,25729.50,25588.50,141.00,25618.00,25618.50,25735.75,25560.00,25703.00,318312,-50.25,25668.75,33,156,1,1,-1,25670.00,25560.00,110.00,74,,398.09
2025-12-10,NQZ5,25745.75,25616.00,129.75,25647.25,25647.25,25870.75,25528.75,25800.00,450234,-55.75,25703.00,271,304,3,1,-1,25672.25,25567.00,105.25,205,70,400.59
2025-12-11,NQZ5,25796.00,25383.00,413.00,25642.75,25643.50,25722.75,25390.25,25714.75,468409,-156.50,25800.00,,,,0,0,25650.25,25390.25,260.00,246,,392.24
2025-12-12,NQZ5,25733.25,25532.50,200.75,25559.50,25560.25,25619.50,25118.00,25209.50,588311,-154.50,25714.75,,,0,0,-1,25619.50,25315.00,304.50,,60,383.95
2025-12-15,NQZ5,25666.75,25132.50,534.25,25666.75,25666.75,25668.00,25285.75,25335.00,250282,457.25,25209.50,,0,,0,1,25668.00,25285.75,382.25,,,376.95
2025-12-16,NQH6,25386.50,25073.25,313.25,25232.00,25232.00,25444.00,25171.75,25372.25,423148,-103.00,25335.00,7,22,,0,1,25409.00,25178.75,230.25,365,214,367.77
2025-12-17,NQH6,25508.50,25264.50,244.00,25422.00,25422.50,25447.75,24887.75,24892.25,509980,50.25,25372.25,6,,16,0,-1,25447.75,25245.50,202.25,,66,371.73
2025-12-18,NQH6,25285.00,24901.25,383.75,25279.50,25278.75,25412.50,25161.25,25251.75,530386,386.50,24892.25,,0,,0,1,25337.75,25161.25,176.50,61,,323.69
2025-12-19,NQH6,25393.50,25209.75,183.75,25362.00,25361.25,25600.25,25357.00,25580.75,369853,109.50,25251.75,,1,,0,1,25600.25,25357.00,243.25,,,302.40
2025-12-22,NQH6,25785.25,25632.25,153.00,25780.50,25780.75,25794.75,25628.00,25688.25,289794,200.00,25580.75,,2,66,1,1,25794.75,25672.25,122.50,,61,286.90
2025-12-23,NQH6,25738.75,25608.25,130.50,25644.75,25644.25,25820.50,25628.25,25811.25,262922,-44.00,25688.25,1,15,,0,1,25751.25,25628.25,123.00,118,,269.85
2025-12-24,NQH6,25831.75,25777.50,54.25,25795.75,25795.00,25892.00,25784.00,25864.75,127555,-16.25,25811.25,0,41,,0,1,25840.75,25784.00,56.75,99,,263.14
2025-12-26,NQH6,25923.25,25843.25,80.00,25899.50,25899.00,25935.25,25834.25,25866.75,193621,34.25,25864.75,1,7,33,1,1,25935.25,25834.25,101.00,,,266.59
2025-12-29,NQH6,25893.75,25656.75,237.00,25707.00,25706.75,25819.00,25648.00,25741.00,263940,-160.00,25866.75,,,178,0,-1,25819.00,25661.75,157.25,,178,266.70
2025-12-30,NQH6,25755.00,25684.75,70.25,25693.00,25692.75,25793.75,25668.25,25678.00,241570,-48.25,25741.00,20,26,10,1,-1,25774.75,25674.25,100.50,110,390,258.65
2025-12-31,NQH6,25716.75,25552.50,164.25,25678.50,25678.75,25692.00,25444.50,25455.25,243537,0.75,25678.00,0,,86,0,-1,25692.00,25568.00,124.00,,84,258.25
2026-01-02,NQH6,25742.75,25448.50,294.25,25686.50,25687.00,25803.75,25265.25,25385.50,447855,231.75,25455.25,82,17,82,1,1,25803.75,25457.25,346.50,,82,272.41
2026-01-05,NQH6,25647.00,25406.50,240.50,25642.75,25642.50,25708.00,25538.50,25586.75,355163,257.00,25385.50,,0,,0,1,25683.75,25538.50,145.25,62,,269.68
2026-01-06,NQH6,25674.25,25527.50,146.75,25635.75,25636.00,25837.75,25608.00,25813.50,358729,49.25,25586.75,,1,,0,1,25779.00,25608.00,171.00,188,,270.32
2026-01-07,NQH6,25844.75,25727.00,117.75,25790.25,25790.75,25996.25,25771.00,25835.00,387270,-22.75,25813.50,3,11,,0,1,25880.00,25771.00,109.00,63,,266.79
2026-01-08,NQH6,25849.75,25670.00,179.75,25786.00,25786.50,25803.00,25569.00,25682.50,405449,-48.50,25835.00,,,10,0,-1,25803.00,25569.00,234.00,,,269.70
2026-01-09,NQH6,25824.75,25627.50,197.25,25714.50,25714.00,25985.50,25615.50,25933.25,401608,31.50,25682.50,0,56,39,1,-1,25860.75,25615.50,245.25,60,,271.10
2026-01-12,NQH6,25960.00,25632.75,327.25,25746.00,25746.25,26020.50,25743.50,25952.25,315366,-187.00,25933.25,56,107,,0,1,25933.50,25743.50,190.00,101,,268.32
2026-01-13,NQH6,26045.50,25845.75,199.75,25950.25,25950.50,26042.75,25803.25,25903.75,445806,-1.75,25952.25,0,,52,0,-1,26042.75,25812.00,230.75,,79,255.22
2026-01-14,NQH6,25925.75,25701.25,224.50,25740.50,25739.75,25790.25,25420.75,25636.50,527969,-164.00,25903.75,,,1,0,-1,25790.25,25530.50,259.75,,76,254.59
2026-01-15,NQH6,25951.00,25562.50,388.50,25924.50,25924.75,25952.75,25676.50,25719.25,447539,288.25,25636.50,,15,,0,1,25952.75,25841.50,111.25,,76,254.79
2026-01-16,NQH6,25878.00,25704.25,173.75,25868.50,25868.00,25891.00,25591.50,25684.50,390618,148.75,25719.25,31,1,48,1,1,25891.00,25663.75,227.25,,60,241.76
2026-01-19,NQH6,25472.00,25257.75,214.25,25293.00,25291.25,25417.25,25236.50,25398.25,66728,-393.25,25684.50,,,5,0,-1,25344.00,25236.50,107.50,94,,238.24
2026-01-20,NQH6,25439.75,25095.25,344.50,25242.75,25243.50,25429.75,25098.00,25142.25,501629,-154.75,25398.25,72,,,0,0,25368.50,25233.75,134.75,62,244,242.66
2026-01-21,NQH6,25258.00,25025.00,233.00,25197.00,25196.50,25653.50,25127.50,25471.50,620808,54.25,25142.25,7,21,,0,1,25386.75,25127.50,259.25,60,,260.63
2026-01-22,NQH6,25739.75,25483.75,256.00,25729.00,25729.00,25731.75,25536.75,25662.00,404719,257.50,25471.50,,,,0,0,25731.75,25536.75,195.00,,,260.76
2026-01-23,NQH6,25731.50,25540.25,191.25,25607.75,25608.00,25845.75,25562.50,25735.50,385983,-54.00,25662.00,30,52,,0,1,25763.50,25562.50,201.00,64,,269.52
2026-01-26,NQH6,25749.25,25365.25,384.00,25748.50,25749.00,25936.50,25704.25,25845.00,314630,13.50,25735.50,0,0,,0,1,25886.50,25704.25,182.25,82,,276.09
2026-01-27,NQH6,26043.00,25838.50,204.50,25982.50,25982.75,26114.25,25917.25,26076.00,323578,137.75,25845.00,,25,,0,1,26074.75,25917.25,157.50,65,,277.39
2026-01-28,NQH6,26349.00,26111.25,237.75,26253.00,26252.50,26301.00,26100.75,26149.25,356156,176.50,26076.00,,,142,0,-1,26301.00,26205.00,96.00,,65,281.13
2026-01-29,NQH6,26296.00,26085.50,210.50,26133.25,26133.50,26175.00,25536.00,25991.50,554838,-15.75,26149.25,0,,5,0,-1,26175.00,25718.25,456.75,,60,300.70
2026-01-30,NQH6,26020.00,25649.75,370.25,25833.50,25834.25,25940.00,25568.75,25675.50,529040,-157.25,25991.50,,,226,0,-1,25940.00,25790.75,149.25,,60,292.34
2026-02-02,NQH6,25645.75,25180.25,465.50,25542.25,25542.50,25949.50,25539.75,25856.50,349710,-133.00,25675.50,6,2,,0,1,25912.25,25539.75,372.50,152,,304.35
2026-02-03,NQH6,26027.75,25866.50,161.25,25934.00,25934.75,25952.25,25219.00,25445.50,576753,78.25,25856.50,4,,3,0,-1,25952.25,25470.25,482.00,,142,329.52
2026-02-04,NQH6,25514.25,25325.00,189.25,25386.00,25385.50,25390.00,24783.50,24994.50,586532,-60.00,25445.50,,,0,0,-1,25390.00,25108.00,282.00,,92,348.59
2026-02-05,NQH6,25169.00,24707.50,461.50,24770.75,24770.25,24960.75,24543.25,24638.25,543226,-224.25,24994.50,,,0,0,-1,24960.75,24550.00,410.75,,105,357.76
2026-02-06,NQH6,24873.25,24239.75,633.50,24760.50,24760.50,25222.00,24700.75,25146.75,437439,122.25,24638.25,,4,,0,1,24984.00,24700.75,283.25,97,,365.32
2026-02-09,NQH6,25346.50,24968.50,378.00,25057.75,25057.75,25428.75,24955.50,25337.75,343909,-89.00,25146.75,11,117,1,1,-1,25254.00,24955.50,298.50,66,,375.14
2026-02-10,NQH6,25421.50,25278.50,143.00,25376.25,25376.50,25447.25,25198.25,25219.75,355388,38.75,25337.75,6,37,12,1,-1,25447.25,25255.75,191.50,,341,375.61
2026-02-11,NQH6,25452.00,25146.25,305.75,25418.75,25418.50,25465.25,25058.25,25278.50,407716,198.75,25219.75,41,1,44,1,1,25465.25,25058.25,407.00,,,377.49
2026-02-12,NQH6,25419.75,25206.00,213.75,25346.75,25346.25,25392.50,24721.50,24763.50,555353,67.75,25278.50,16,,28,0,-1,25392.50,25169.75,222.75,,66,397.23
2026-02-13,NQH6,24864.75,24620.50,244.25,24742.00,24743.00,24995.50,24578.75,24802.00,476700,-20.50,24763.50,0,59,11,1,-1,24870.50,24578.75,291.75,60,,403.09
2026-02-16,NQH6,24922.25,24754.50,167.75,24764.00,24762.75,24797.50,24670.75,24747.25,57667,-39.25,24802.00,,,1,0,-1,24797.50,24692.75,104.75,,64,400.39
2026-02-17,NQH6,24842.50,24518.00,324.50,24658.25,24659.25,24889.75,24449.25,24777.00,488274,-88.00,24747.25,5,251,25,1,-1,24815.75,24462.25,353.50,250,64,405.82
2026-02-18,NQH6,24962.50,24700.75,261.75,24809.00,24809.50,25128.25,24752.00,24957.50,420565,32.50,24777.00,0,31,,0,1,25074.00,24752.00,322.00,71,,398.34
2026-02-19,NQH6,25054.00,24798.00,256.00,24833.75,24833.75,24959.50,24749.00,24863.50,389562,-123.75,24957.50,110,,6,0,-1,24956.50,24763.00,193.50,110,230,399.11
2026-02-20,NQH6,24984.75,24696.75,288.00,24715.50,24715.25,25139.50,24678.50,25074.75,489011,-148.25,24863.50,6,31,0,1,-1,25083.00,24678.50,404.50,79,,408.00
2026-02-23,NQH6,25059.75,24807.25,252.50,24981.25,24981.00,25040.00,24668.00,24768.00,451768,-93.75,25074.75,,,82,0,-1,25040.00,24840.50,199.50,,65,414.99
2026-02-24,NQH6,24902.25,24761.00,141.25,24804.75,24805.00,25078.75,24694.50,25030.00,395430,37.00,24768.00,2,15,2,1,-1,25014.50,24694.50,320.00,60,,424.35
2026-02-25,NQH6,25177.50,24992.00,185.50,25160.50,25160.25,25396.50,25156.75,25384.50,288871,130.25,25030.00,,0,,0,1,25361.75,25156.75,205.00,272,,426.32
2026-02-26,NQH6,25418.25,25264.75,153.50,25341.25,25342.00,25342.00,24861.75,25083.25,473879,-42.50,25384.50,,,4,0,-1,25342.00,24885.00,457.00,,64,418.39
2026-02-27,NQH6,25098.75,24793.75,305.00,24814.25,24815.25,25036.75,24782.00,24998.25,396753,-268.00,25083.25,,,14,0,-1,24997.50,24782.00,215.50,73,,412.56
2026-03-02,NQH6,24901.25,24477.00,424.25,24644.75,24644.50,25101.00,24605.00,25023.25,404677,-353.75,24998.25,132,34,,0,1,24947.75,24605.00,342.75,77,,416.88
2026-03-03,NQH6,25011.00,24370.00,641.00,24535.00,24535.00,24850.00,24352.00,24757.25,474143,-488.25,25023.25,,,56,0,-1,24661.25,24352.00,309.25,136,,405.11
2026-03-04,NQH6,24930.25,24499.00,431.25,24853.00,24853.50,25217.75,24826.00,25120.00,380206,96.25,24757.25,,0,,0,1,25146.25,24826.00,320.25,60,,394.38
2026-03-05,NQH6,25250.00,24962.75,287.25,24987.25,24987.75,25209.75,24772.50,25047.75,476720,-132.25,25120.00,8,,61,0,-1,25209.75,24985.25,224.50,,60,395.36
2026-03-06,NQH6,25141.50,24612.50,529.00,24685.75,24685.25,24926.25,24601.00,24667.75,430890,-362.50,25047.75,,,6,0,-1,24829.00,24608.75,220.25,60,367,385.56
2026-03-09,NQH6,24650.00,24000.00,650.00,24642.75,24643.25,25058.00,24575.75,24958.00,278551,-24.50,24667.75,34,24,,0,1,24727.75,24590.25,137.50,71,130,386.01
2026-03-10,NQH6,25182.00,24830.00,352.00,25143.25,25143.50,25217.50,24940.25,25010.50,258873,185.50,24958.00,246,107,,0,1,25172.25,25080.25,92.00,93,164,387.43
2026-03-11,NQH6,25180.00,24895.75,284.25,24935.25,24934.50,25026.50,24873.50,24945.50,203050,-76.00,25010.50,89,,18,0,-1,24963.25,24888.00,75.25,60,128,374.73
2026-03-12,NQH6,24949.25,24561.00,388.25,24619.75,24619.50,24735.25,24517.75,24568.50,239060,-326.00,24945.50,,,256,0,-1,24735.25,24579.00,156.25,,222,352.05
2026-03-13,NQH6,24805.25,24397.00,408.25,24469.75,24469.00,24496.00,24333.75,24335.25,225079,-99.50,24568.50,,,17,0,-1,24496.00,24391.75,104.25,,90,339.32
2026-03-16,NQH6,24980.00,24278.00,702.00,24931.50,24931.00,25035.00,24832.25,24872.25,123289,595.75,24335.25,,220,,0,1,24954.00,24834.25,119.75,220,61,343.13
2026-03-17,NQM6,25117.00,24728.25,388.75,25009.75,25009.00,25057.75,24946.25,25027.50,145655,136.75,24872.25,,,,0,0,25032.25,24946.25,86.00,94,,326.68
2026-03-18,NQM6,25210.50,24811.75,398.75,24888.00,24888.00,24916.75,24565.50,24606.25,201789,-139.50,25027.50,,,92,0,-1,24916.75,24866.00,50.75,,64,325.43
2026-03-19,NQM6,24725.25,24326.75,398.50,24461.00,24461.75,24691.50,24377.75,24617.00,254074,-144.50,24606.25,215,,,0,0,24522.75,24397.00,125.75,209,99,330.59
2026-03-20,NQM6,24660.50,24231.25,429.25,24264.50,24265.50,24356.75,23971.25,24217.25,271652,-351.50,24617.00,,,96,0,-1,24356.75,24254.50,102.25,,63,326.81
2026-03-23,NQM6,24763.00,23772.50,990.50,24612.25,24612.25,24631.50,24308.50,24400.00,247908,395.00,24217.25,,,,0,0,24631.50,24308.50,323.00,,,324.36
2026-03-24,NQM6,24507.25,24134.00,373.25,24341.50,24341.00,24550.00,24160.25,24403.75,232860,-59.00,24400.00,291,295,,0,1,24378.25,24266.25,112.00,291,68,324.64
2026-03-25,NQM6,24539.75,24286.50,253.25,24426.25,24426.00,24493.75,24311.75,24367.75,209256,22.25,24403.75,7,,,0,0,24444.75,24330.75,114.00,64,206,321.75
2026-03-26,NQM6,24421.25,24030.25,391.00,24085.50,24084.50,24127.25,23763.25,23822.00,255353,-283.25,24367.75,,,47,0,-1,24127.25,24001.00,126.25,,60,315.94
2026-03-27,NQM6,23976.00,23440.00,536.00,23556.25,23557.25,23610.50,23232.50,23254.25,242660,-264.75,23822.00,,,108,0,-1,23610.50,23473.50,137.00,,65,322.10
2026-03-30,NQM6,23574.00,23093.00,481.00,23330.00,23329.25,23434.50,23024.50,23106.25,230172,75.00,23254.25,103,,217,0,-1,23434.50,23272.75,161.75,,60,317.80
2026-03-31,NQM6,23587.75,22961.50,626.25,23492.00,23492.00,23975.25,23435.75,23905.50,361388,385.75,23106.25,,68,,0,1,23568.00,23435.75,132.25,67,,319.88
2026-04-01,NQM6,24286.75,23880.00,406.75,24250.00,24249.50,24348.25,24124.50,24187.25,233088,344.00,23905.50,,7,,0,1,24329.75,24229.75,100.00,80,152,311.48
2026-04-02,NQM6,24266.75,23666.00,600.75,24180.75,24181.50,24233.75,24057.50,24219.50,187338,-5.75,24187.25,0,,,0,0,24213.50,24057.50,156.00,265,,298.43
2026-04-06,NQM6,24452.25,23981.50,470.75,24280.75,24281.25,24376.25,24202.75,24349.75,154452,61.75,24219.50,103,,,0,0,24332.75,24252.25,80.50,67,102,290.84
2026-04-07,NQM6,24422.00,23941.50,480.50,24065.75,24066.75,24451.50,24042.00,24399.25,265100,-283.00,24349.75,266,312,,0,1,24237.50,24042.00,195.50,78,,287.20
2026-04-08,NQM6,25257.00,24355.00,902.00,25011.25,25011.25,25157.50,24943.25,25039.00,227822,612.00,24399.25,,,,0,0,25116.00,25004.75,111.25,68,199,284.05
2026-04-09,NQM6,25111.50,24953.00,158.50,25058.00,25058.25,25269.75,25048.50,25244.75,250202,19.25,25039.00,,3,,0,1,25265.75,25048.50,217.25,261,,287.46
2026-04-10,NQM6,25393.00,25193.00,200.00,25348.00,25348.25,25357.50,25222.25,25333.00,190818,103.50,25244.75,28,,,0,0,25357.50,25244.75,112.75,,71,283.35
2026-04-13,NQM6,25360.75,24904.50,456.25,25312.25,25313.00,25599.25,25282.50,25585.50,213766,-20.00,25333.00,8,55,,0,1,25396.50,25282.50,114.00,63,,291.07
2026-04-14,NQM6,25846.00,25560.00,286.00,25834.00,25833.50,26003.25,25832.50,25990.00,221730,248.00,25585.50,,1,,0,1,25931.50,25832.50,99.00,61,,289.48
2026-04-15,NQM6,26202.00,25933.75,268.25,26191.75,26191.75,26377.50,26102.25,26359.50,247353,201.75,25990.00,,13,,0,1,26251.50,26167.00,84.50,166,71,297.66
2026-04-16,NQM6,26506.00,26275.50,230.50,26458.00,26458.25,26564.00,26355.00,26464.25,284599,98.75,26359.50,177,7,,0,1,26564.00,26452.25,111.75,,64,290.55
2026-04-17,NQM6,26855.75,26440.00,415.75,26842.25,26842.75,26884.75,26735.50,26840.75,266025,378.50,26464.25,,2,,0,1,26877.00,26791.50,85.50,65,111,282.32
2026-04-20,NQM6,26827.75,26535.00,292.75,26699.00,26700.25,26809.75,26634.25,26774.25,185295,-140.50,26840.75,,,,0,0,26700.25,26634.25,66.00,108,,271.82
2026-04-21,NQM6,26901.75,26662.50,239.25,26723.75,26723.25,26794.25,26551.75,26721.25,330366,-51.00,26774.25,32,,95,0,-1,26782.75,26692.50,90.25,241,73,267.80
2026-04-22,NQM6,27008.75,26727.75,281.00,26990.25,26990.25,27136.00,26957.25,27106.50,218318,269.00,26721.25,,100,,0,1,27005.50,26963.00,42.50,100,60,257.25
2026-04-23,NQM6,27149.75,26848.00,301.75,27131.25,27131.50,27155.75,26681.75,26942.75,349489,25.00,27106.50,15,2,128,1,1,27155.75,27038.75,117.00,,92,271.85
2026-04-24,NQM6,27363.75,26992.00,371.75,27325.50,27326.00,27462.50,27307.50,27440.25,224408,383.25,26942.75,,15,,0,1,27417.50,27307.50,110.00,61,,261.40
2026-04-27,NQM6,27542.50,27298.50,244.00,27344.50,27344.75,27454.75,27335.25,27418.50,146978,-95.50,27440.25,255,,,0,0,27389.75,27335.25,54.50,64,,248.47
2026-04-28,NQM6,27512.00,27012.50,499.50,27046.50,27046.00,27224.50,27009.50,27191.50,217402,-372.50,27418.50,,,5,0,-1,27088.50,27009.50,79.00,84,,238.72
2026-04-29,NQM6,27317.25,27124.25,193.00,27275.75,27275.25,27414.00,27094.00,27148.75,276219,83.75,27191.50,60,225,285,1,1,27298.00,27199.25,98.75,210,60,227.75
2026-04-30,NQM6,27622.75,27163.25,459.50,27404.75,27404.25,27622.00,27331.25,27598.50,259343,255.50,27148.75,,,,0,0,27435.75,27331.25,104.50,101,,231.10
2026-05-01,NQM6,27909.25,27536.25,373.00,27863.00,27863.50,27917.00,27755.75,27783.25,218686,265.00,27598.50,,18,,0,1,27917.00,27818.00,99.00,,64,230.35
2026-05-04,NQM6,27965.75,27662.25,303.50,27776.25,27776.25,27818.75,27613.00,27743.00,240096,-7.00,27783.25,0,,38,0,-1,27783.75,27613.00,170.75,107,,231.96
2026-05-05,NQM6,28139.25,27731.75,407.50,28129.50,28129.50,28247.00,28090.25,28207.25,186804,386.50,27743.00,,7,,0,1,28152.50,28090.25,62.25,135,,219.32
2026-05-06,NQM6,28634.25,28243.00,391.25,28577.75,28577.75,28800.00,28512.25,28712.25,216522,370.50,28207.25,,167,,0,1,28601.25,28530.25,71.00,126,82,223.00
2026-05-07,NQM6,28944.75,28637.00,307.75,28853.75,28854.50,28896.50,28552.00,28644.00,358640,142.25,28712.25,42,,46,0,-1,28896.50,28637.00,259.50,,109,229.16
2026-05-08,NQM6,29187.50,28541.00,646.50,29183.75,29183.75,29386.75,29153.25,29333.75,243850,539.75,28644.00,,0,,0,1,29244.75,29153.25,91.50,83,,234.07
2026-05-11,NQM6,29434.75,29225.75,209.00,29427.00,29427.00,29480.00,29314.75,29400.00,220452,93.25,29333.75,282,1,,0,1,29480.00,29405.75,74.25,,72,226.50
2026-05-12,NQM6,29455.75,28856.50,599.25,28875.75,28875.75,29188.25,28742.00,29134.25,306581,-524.25,29400.00,,,25,0,-1,28945.25,28811.00,134.25,165,62,240.28
2026-05-13,NQM6,29447.00,29055.50,391.50,29311.50,29312.00,29565.50,29284.25,29536.00,224292,177.75,29134.25,,65,,0,1,29444.75,29284.25,160.50,65,,240.57
2026-05-14,NQM6,29773.75,29448.25,325.50,29756.75,29756.75,29782.00,29595.25,29688.50,259615,220.75,29536.00,,36,,0,1,29782.00,29714.50,67.50,,63,239.46
2026-05-15,NQM6,29734.00,29089.75,644.25,29334.00,29333.75,29486.75,29111.00,29173.00,273897,-354.75,29688.50,,,,0,0,29382.00,29212.00,170.00,113,266,250.79
2026-05-18,NQM6,29419.75,28926.00,493.75,28960.75,28960.25,29114.00,28814.75,29076.00,326651,-212.75,29173.00,,,57,0,-1,29074.00,28859.25,214.75,259,60,256.98
2026-05-19,NQM6,29188.50,28663.00,525.50,28770.75,28770.50,29126.50,28757.75,28899.25,265300,-305.50,29076.00,103,,,0,0,28922.75,28757.75,165.00,60,,263.29
2026-05-20,NQM6,29395.50,28797.25,598.25,29292.25,29293.50,29397.50,29210.00,29278.50,220860,394.25,28899.25,,270,,0,1,29358.75,29210.00,148.75,249,,263.73
2026-05-21,NQM6,29464.50,29113.00,351.50,29234.75,29234.50,29554.00,29175.50,29455.50,249361,-44.00,29278.50,16,112,,0,1,29310.50,29175.50,135.00,100,,258.95
2026-05-22,NQM6,29715.50,29436.00,279.50,29708.50,29708.00,29749.00,29502.25,29520.75,197176,252.50,29455.50,,118,,0,1,29713.75,29640.25,73.50,118,66,263.54
2026-05-25,NQM6,29995.00,29676.25,318.75,29934.25,29933.75,29966.75,29913.00,29962.50,10122,413.00,29520.75,,,,0,0,29941.00,29913.00,28.00,79,,260.25
2026-05-26,NQM6,30118.75,29744.00,374.75,29999.25,29999.00,30112.00,29886.00,30044.25,227719,36.50,29962.50,7,,,0,0,30007.50,29886.00,121.50,65,,260.80
2026-05-27,NQM6,30379.00,29877.50,501.50,29951.50,29952.00,30129.50,29882.50,30125.25,227129,-92.25,30044.25,76,,,0,0,30017.00,29882.50,134.50,68,,257.15
2026-05-28,NQM6,30274.75,29763.00,511.75,30262.50,30262.50,30344.50,30238.50,30313.00,188199,137.25,30125.25,,2,,0,1,30318.25,30238.50,79.75,78,,247.91
2026-05-29,NQM6,30536.00,30216.50,319.50,30397.50,30398.00,30447.75,30291.00,30389.50,222674,85.00,30313.00,147,,,0,0,30447.75,30352.50,95.25,,122,247.69
2026-06-01,NQM6,30595.25,30291.50,303.75,30479.50,30479.25,30693.00,30450.00,30522.50,239310,89.75,30389.50,,120,,0,1,30554.25,30450.00,104.25,83,,249.55
2026-06-02,NQM6,30676.50,30317.75,358.75,30665.50,30666.00,30763.25,30598.50,30743.00,207585,143.50,30522.50,,6,,0,1,30713.25,30650.00,63.25,268,65,249.95
2026-06-03,NQM6,30807.75,30496.00,311.75,30668.75,30668.50,30694.75,30478.25,30495.00,264739,-74.50,30743.00,,,320,0,-1,30692.25,30531.25,161.00,258,66,246.39
2026-06-04,NQM6,30544.50,30151.00,393.50,30442.00,30442.00,30603.25,30363.00,30399.50,247014,-53.00,30495.00,100,140,,0,1,30486.25,30363.00,123.25,73,,241.18
2026-06-05,NQM6,30422.00,29695.50,726.50,29717.25,29717.25,29739.75,28781.25,28829.25,540249,-682.25,30399.50,,,4,0,-1,29739.75,29536.00,203.75,,60,277.43
2026-06-08,NQM6,29743.00,28822.25,920.75,29630.00,29630.25,29710.75,29377.00,29435.25,306940,801.00,28829.25,,,,0,0,29710.75,29559.00,151.75,,68,285.85
2026-06-09,NQM6,29848.25,28848.50,999.75,28859.25,28861.25,29196.25,28227.75,29140.50,574146,-574.00,29435.25,,,1,0,-1,28972.00,28404.25,567.75,175,68,311.96
2026-06-10,NQM6,29250.00,28610.00,640.00,28790.50,28790.75,28896.50,28409.00,28472.00,302736,-349.75,29140.50,,,200,0,-1,28896.50,28627.00,269.50,,122,322.27
2026-06-11,NQM6,29049.50,28265.75,783.75,28757.75,28757.75,29544.25,28678.50,29433.25,317849,285.75,28472.00,,120,,0,1,28975.25,28741.00,234.25,119,93,356.23
2026-06-12,NQM6,29760.00,29230.00,530.00,29745.25,29745.50,29752.25,29409.00,29677.75,168311,312.25,29433.25,29,,,0,0,29749.00,29409.00,340.00,96,,354.60
2026-06-15,NQU6,30852.50,30191.00,661.50,30847.75,30847.50,30915.00,30802.25,30832.00,142984,1169.75,29677.75,,3,,0,1,30912.75,30802.25,110.50,60,,345.27
