tradeDate,sym,nBars,sessOpen,sessHigh,sessLow,sessClose,sessVol,globexOpenO,globexOpenH,globexOpenL,globexOpenC,globexOpenV,globexOpenN,overnightO,overnightH,overnightL,overnightC,overnightV,overnightN,euroO,euroH,euroL,euroC,euroV,euroN,preOpenO,preOpenH,preOpenL,preOpenC,preOpenV,preOpenN,open60O,open60H,open60L,open60C,open60V,open60N,morningO,morningH,morningL,morningC,morningV,morningN,middayO,middayH,middayL,middayC,middayV,middayN,aftO,aftH,aftL,aftC,aftV,aftN,precloseO,precloseH,precloseL,precloseC,precloseV,precloseN,last30O,last30H,last30L,last30C,last30V,last30N,postSettleO,postSettleH,postSettleL,postSettleC,postSettleV,postSettleN,rthO,rthH,rthL,rthC,rthV,rthN
2021-01-18,NQH1,21762,12774.25,12816.75,12727.00,12814.00,66738,12774.25,12796.00,12733.00,12744.75,6639,1663,12774.25,12816.75,12727.00,12800.25,46898,16576,12777.00,12816.75,12770.00,12799.00,14780,5192,12803.50,12808.50,12792.25,12800.25,2643,1082,12800.00,12815.00,12784.25,12797.50,9536,2011,12800.00,12815.25,12784.25,12808.75,16517,4118,12808.75,12815.00,12799.25,12814.00,3323,1068,,,,,0,0,,,,,0,0,,,,,0,0,,,,,0,0,12800.00,12815.25,12784.25,12814.00,19840,5186
2021-01-19,NQH1,45628,12812.00,13032.75,12810.75,13032.75,411121,12812.00,12835.50,12810.75,12833.25,3200,1018,12812.00,12949.00,12810.75,12898.75,74417,21991,12938.50,12938.50,12893.50,12906.75,24569,7430,12897.75,12908.50,12891.50,12898.75,8041,2061,12898.25,12930.25,12857.75,12877.50,111289,3596,12898.25,12930.25,12849.25,12903.00,185757,8910,12903.00,12991.50,12896.25,12987.50,66329,6687,12987.75,12995.50,12971.50,12986.75,26138,3182,12986.00,13006.50,12981.75,12986.25,40227,3371,12989.00,12999.00,12981.75,12986.25,24250,1732,12985.75,13032.25,12965.00,13031.25,18184,1466,12898.25,13006.50,12849.25,12986.25,318451,22150
2021-01-20,NQH1,45363,13030.00,13327.00,13017.00,13290.50,430922,13030.00,13054.50,13028.50,13048.25,5037,1357,13030.00,13138.50,13017.00,13134.50,78279,21407,13055.75,13105.75,13046.00,13105.50,29959,8096,13105.50,13138.50,13103.75,13134.50,14763,2486,13134.75,13238.00,13121.00,13230.75,113311,3591,13134.75,13255.00,13121.00,13249.00,187133,8890,13248.75,13294.50,13242.00,13278.75,62990,6704,13278.50,13316.75,13266.50,13308.25,34612,3335,13308.50,13327.00,13292.00,13302.75,46974,3433,13310.75,13327.00,13292.00,13302.75,30454,1755,13302.50,13310.50,13277.00,13290.50,20901,1580,13134.75,13327.00,13121.00,13302.75,331709,22362
2021-01-21,NQH1,44729,13288.50,13423.50,13283.25,13397.00,418512,13288.50,13322.75,13288.00,13315.00,3478,1099,13288.50,13392.00,13288.00,13338.50,85305,21159,13364.25,13373.25,13335.00,13352.75,23885,6659,13357.75,13367.50,13305.00,13338.50,20236,2739,13338.50,13377.50,13283.25,13363.75,110627,3600,13338.50,13392.75,13283.25,13370.75,183269,8908,13370.50,13386.25,13315.75,13363.50,67410,6737,13363.50,13405.00,13363.00,13404.50,28521,3281,13404.50,13423.50,13391.75,13400.75,42742,3421,13405.50,13423.50,13395.00,13400.75,28897,1748,13400.75,13405.25,13390.50,13397.25,11223,1216,13338.50,13423.50,13283.25,13400.75,321942,22347
2021-01-22,NQH1,45810,13394.00,13402.25,13300.25,13355.25,403927,13394.00,13402.25,13377.75,13382.75,3069,1009,13394.00,13402.25,13300.25,13347.50,82589,22301,13344.75,13353.25,13300.25,13319.25,36353,9132,13314.25,13348.00,13305.25,13347.50,12803,2308,13347.75,13391.75,13327.75,13349.00,101175,3594,13347.75,13391.75,13323.00,13367.00,184738,8920,13367.25,13378.00,13339.50,13361.50,57300,6676,13360.25,13390.25,13350.25,13390.00,25964,3220,13390.25,13397.00,13364.00,13367.00,39051,3427,13384.75,13397.00,13366.00,13367.00,24175,1734,13367.25,13368.50,13343.50,13355.75,14200,1248,13347.75,13397.00,13323.00,13367.00,307053,22243
2021-01-25,NQH1,46925,13370.00,13554.50,13189.00,13464.25,657980,13370.00,13408.50,13368.75,13398.00,5067,1335,13370.00,13508.00,13368.75,13496.75,94513,22624,13472.75,13508.00,13463.25,13478.00,39898,9042,13494.75,13498.75,13479.50,13496.75,13993,2597,13497.00,13554.50,13495.75,13519.00,111311,3597,13497.00,13554.50,13189.00,13394.25,327900,8972,13394.25,13448.50,13313.00,13434.00,119478,7046,13433.50,13452.50,13404.50,13440.25,41959,3473,13440.75,13478.75,13375.50,13465.50,62121,3541,13402.25,13478.75,13390.00,13465.50,34896,1781,13465.50,13483.75,13458.00,13464.25,11965,1253,13497.00,13554.50,13189.00,13465.50,551458,23032
2021-01-26,NQH1,45559,13459.75,13599.75,13380.25,13552.25,496447,13459.75,13476.25,13451.00,13466.25,2753,852,13459.75,13497.00,13380.25,13495.50,80876,21260,13404.25,13488.75,13402.00,13468.50,35840,8732,13463.50,13497.00,13462.75,13495.50,12721,2366,13495.50,13509.25,13426.75,13487.75,135686,3598,13495.50,13533.00,13426.75,13456.25,248236,8959,13456.00,13513.25,13455.25,13499.75,59567,6720,13500.25,13511.00,13480.50,13495.00,29976,3325,13495.00,13507.75,13469.00,13487.50,47228,3476,13507.25,13507.75,13469.00,13487.50,30869,1772,13487.25,13599.75,13481.25,13553.50,30510,1803,13495.50,13533.00,13426.75,13487.50,385007,22480
2021-01-27,NQH1,51051,13551.00,13586.50,12884.75,13061.75,777205,13551.00,13586.50,13548.75,13557.50,5251,1460,13551.00,13586.50,13352.00,13396.00,136093,25538,13552.50,13566.50,13362.00,13375.25,69883,11320,13376.00,13403.25,13357.25,13396.00,21748,3086,13396.25,13396.75,13171.25,13359.25,171781,3600,13396.25,13396.75,13171.25,13222.50,291157,8997,13222.00,13331.75,13203.50,13272.75,113025,7113,13270.75,13303.50,13104.75,13126.00,87570,3560,13125.75,13149.25,13021.00,13092.25,105337,3595,13061.00,13129.50,13021.00,13092.25,60823,1800,13092.25,13158.50,12884.75,13059.75,43976,2231,13396.25,13396.75,13021.00,13092.25,597089,23265
2021-01-28,NQH1,61914,13052.50,13394.00,12906.25,13151.75,615791,13052.50,13054.25,12955.00,12980.75,14045,2512,13052.50,13189.25,12906.25,13162.00,200737,37161,13001.50,13070.50,12906.25,13045.50,69608,13380,13008.00,13189.25,12991.75,13162.00,36814,3352,13160.75,13279.00,13128.25,13239.50,112900,3593,13160.75,13318.75,13128.25,13307.25,208130,8952,13306.75,13394.00,13303.00,13376.25,76012,6933,13375.75,13385.25,13295.75,13332.00,40626,3487,13333.00,13334.25,13193.25,13197.25,69515,3566,13264.75,13281.25,13193.25,13197.25,43863,1797,13197.25,13199.25,13123.00,13156.00,20669,1793,13160.75,13394.00,13128.25,13197.25,394283,22938
2021-01-29,NQH1,58812,13156.00,13188.00,12829.00,12870.50,728579,13156.00,13188.00,13128.75,13136.75,8362,1772,13156.00,13188.00,12933.50,13110.25,186113,33845,13003.00,13099.75,12933.50,13047.00,70859,13029,13066.75,13167.00,13066.00,13110.25,25748,2997,13109.25,13157.00,12998.00,13139.50,113755,3599,13109.25,13157.25,12962.50,13030.00,228687,8988,13029.75,13045.75,12829.00,12885.25,153748,7177,12884.50,12957.25,12870.50,12913.75,51578,3562,12914.00,13021.00,12907.75,12919.25,79504,3592,12980.50,13021.00,12918.00,12919.25,44943,1795,12918.25,12944.75,12863.50,12875.25,28861,1629,13109.25,13157.25,12829.00,12919.25,513517,23319
2021-02-01,NQH1,56436,12849.00,13271.50,12727.25,13235.25,543230,12849.00,12861.50,12727.25,12786.75,16874,2541,12849.00,13084.00,12727.25,13052.00,152438,32134,13010.00,13084.00,12983.00,13046.75,57253,11712,13042.25,13059.00,13029.00,13052.00,11631,2381,13052.00,13104.00,12970.25,13091.50,114171,3595,13052.00,13197.50,12970.25,13179.25,220281,8981,13179.50,13271.50,13174.00,13258.25,75998,6966,13258.00,13269.00,13234.25,13247.00,27101,3379,13247.25,13269.25,13233.00,13251.00,48259,3496,13250.25,13269.25,13233.00,13251.00,30843,1777,13250.75,13251.75,13206.25,13235.00,19033,1458,13052.00,13271.50,12970.25,13251.00,371639,22822
2021-02-02,NQH1,51872,13232.50,13509.75,13230.50,13498.00,483687,13232.50,13276.25,13230.50,13260.50,7823,1455,13232.50,13378.50,13230.50,13351.25,118176,27425,13309.25,13378.50,13301.75,13335.75,40031,9847,13339.75,13360.25,13329.50,13351.25,19138,2496,13350.50,13437.50,13345.00,13400.00,106298,3598,13350.50,13458.75,13345.00,13457.25,186684,8930,13457.00,13485.00,13426.25,13473.25,69723,6826,13473.00,13493.50,13460.50,13489.50,27585,3322,13489.50,13489.75,13441.25,13454.50,50579,3512,13479.75,13487.50,13441.25,13454.50,33157,1782,13454.50,13509.75,13408.00,13497.00,30864,1840,13350.50,13493.50,13345.00,13454.50,334571,22590
2021-02-03,NQH1,47749,13506.00,13584.50,13386.75,13416.00,494279,13506.00,13510.00,13480.50,13484.75,4739,1324,13506.00,13584.50,13475.75,13533.50,91971,23703,13578.25,13584.50,13513.50,13529.50,34377,8878,13537.25,13546.50,13513.25,13533.50,12763,2284,13534.25,13547.75,13396.25,13416.75,127056,3597,13534.25,13547.75,13391.00,13469.00,220436,8959,13469.00,13497.00,13454.50,13485.00,72810,6784,13484.75,13493.00,13455.50,13458.00,29253,3297,13458.25,13459.50,13398.25,13400.75,63240,3553,13409.75,13442.25,13398.25,13400.75,35836,1786,13400.50,13416.50,13386.75,13415.75,16526,1439,13534.25,13547.75,13391.00,13400.75,385739,22593
2021-02-04,NQH1,46858,13429.50,13568.75,13345.25,13563.25,404863,13429.50,13452.25,13429.50,13444.00,4722,1183,13429.50,13463.50,13345.25,13451.00,90838,23416,13417.50,13457.25,13414.00,13447.00,27387,7850,13456.25,13461.75,13430.00,13451.00,15167,2343,13451.00,13480.25,13391.75,13413.25,112590,3592,13451.00,13480.25,13391.75,13457.75,186322,8899,13457.25,13504.50,13455.25,13498.00,52120,6538,13497.75,13510.75,13487.75,13508.00,20043,3042,13508.00,13539.50,13500.00,13539.50,35775,3343,13514.50,13539.50,13506.75,13539.50,23739,1726,13539.50,13568.75,13538.50,13565.25,19694,1600,13451.00,13539.50,13391.75,13539.50,294260,21822
2021-02-05,NQH1,45573,13560.00,13638.50,13519.50,13603.50,425642,13560.00,13565.50,13540.50,13554.25,4269,1194,13560.00,13618.75,13528.25,13593.75,80033,21608,13595.25,13604.75,13566.00,13593.75,25588,7238,13581.25,13608.50,13570.00,13593.75,13093,2444,13593.25,13594.25,13519.50,13546.75,105269,3592,13593.25,13594.25,13519.50,13564.25,179744,8917,13563.75,13638.50,13559.25,13587.00,77642,6814,13587.25,13614.50,13579.25,13595.50,31965,3354,13595.75,13604.00,13568.50,13598.25,44133,3465,13571.50,13604.00,13568.50,13598.25,25996,1772,13598.25,13611.50,13588.75,13604.75,12085,1398,13593.25,13638.50,13519.50,13598.25,333484,22550
2021-02-08,NQH1,43697,13623.75,13693.00,13596.00,13685.50,390481,13623.75,13647.75,13605.25,13637.25,5279,1339,13623.75,13687.25,13605.25,13668.75,74773,20426,13661.75,13670.75,13628.00,13648.25,25912,7459,13657.50,13674.00,13650.25,13668.75,9976,2144,13668.75,13693.00,13632.75,13647.75,99756,3598,13668.75,13693.00,13596.00,13627.75,186501,8927,13627.75,13651.50,13616.75,13626.50,57396,6607,13626.25,13641.25,13620.50,13638.50,25225,3169,13638.25,13679.25,13637.25,13676.50,35391,3269,13645.75,13679.25,13643.25,13676.50,23524,1711,13676.50,13690.00,13675.75,13686.00,11156,1285,13668.75,13693.00,13596.00,13676.50,304513,21972
2021-02-09,NQH1,41061,13683.50,13735.25,13634.00,13697.50,363942,13683.50,13698.00,13674.00,13679.75,3225,904,13683.50,13698.00,13634.00,13645.75,60164,17944,13671.25,13678.25,13651.00,13668.00,20532,6289,13661.50,13665.00,13634.00,13645.75,10979,2123,13645.75,13727.75,13644.00,13716.50,91509,3593,13645.75,13735.25,13644.00,13692.50,171884,8888,13693.00,13705.75,13661.75,13670.50,57560,6586,13670.50,13707.75,13670.50,13705.00,22262,3075,13705.00,13710.75,13664.25,13682.75,40872,3336,13692.25,13710.75,13664.25,13682.75,28069,1732,13682.75,13699.50,13676.00,13697.50,11175,1217,13645.75,13735.25,13644.00,13682.75,292578,21885
2021-02-10,NQH1,44111,13698.00,13769.25,13516.75,13664.25,548433,13698.00,13703.75,13685.75,13688.75,2205,787,13698.00,13769.25,13679.00,13743.00,84378,20150,13758.75,13762.25,13717.50,13726.25,26335,7463,13717.75,13751.75,13717.50,13743.00,18357,2420,13742.75,13762.00,13562.25,13612.50,137896,3599,13742.75,13762.00,13516.75,13615.50,289895,8981,13615.75,13643.00,13583.00,13621.50,72052,6750,13622.00,13688.75,13618.00,13680.75,40043,3396,13680.25,13694.50,13618.25,13645.25,51004,3488,13657.75,13673.00,13618.25,13645.25,31374,1778,13645.50,13671.50,13632.25,13664.25,10996,1325,13742.75,13762.00,13516.75,13645.25,452994,22615
2021-02-11,NQH1,41108,13662.00,13743.75,13612.50,13710.25,491500,13662.00,13668.00,13648.50,13653.50,2767,918,13662.00,13724.75,13612.50,13719.75,63484,16797,13662.25,13720.00,13660.25,13708.25,22626,6421,13719.00,13724.75,13708.00,13719.75,8590,1911,13719.50,13738.75,13682.00,13698.50,99051,3595,13719.50,13743.75,13682.00,13723.00,188364,8876,13723.25,13735.00,13624.50,13697.75,125716,7025,13698.25,13698.50,13640.00,13690.75,50692,3522,13690.50,13726.25,13682.50,13719.25,49834,3485,13702.75,13726.25,13684.75,13719.25,31625,1769,13719.25,13735.25,13705.25,13711.25,13376,1389,13719.50,13743.75,13624.50,13719.25,414606,22908
2021-02-12,NQH1,40079,13711.25,13820.75,13646.00,13820.75,388705,13711.25,13731.75,13696.50,13730.25,3257,1015,13711.25,13742.00,13663.25,13691.00,61366,16548,13699.50,13719.00,13663.25,13710.75,22541,6551,13708.75,13709.00,13681.50,13691.00,10422,2103,13691.00,13709.50,13646.00,13690.00,97739,3590,13691.00,13750.50,13646.00,13738.75,180157,8849,13739.00,13754.50,13711.50,13720.25,56536,6519,13720.75,13745.75,13709.50,13742.75,29147,3293,13742.75,13806.75,13735.00,13804.00,46909,3347,13750.25,13806.75,13748.75,13804.00,35132,1765,13803.50,13820.00,13799.25,13819.25,14464,1501,13691.00,13806.75,13646.00,13804.00,312749,22008
2021-02-15,NQH1,18117,13829.50,13878.25,13810.00,13872.00,60606,13829.50,13844.00,13810.00,13827.00,3506,974,13829.50,13866.75,13810.00,13851.50,39042,12928,13843.25,13849.50,13832.50,13838.00,12245,4099,13844.00,13853.25,13842.00,13851.50,2317,723,13851.25,13862.50,13848.25,13855.25,9254,1967,13851.25,13864.25,13848.25,13860.50,17001,4166,13860.50,13878.25,13857.00,13872.00,4563,1023,,,,,0,0,,,,,0,0,,,,,0,0,,,,,0,0,13851.25,13878.25,13848.25,13872.00,21564,5189
2021-02-16,NQH1,44208,13872.50,13900.50,13716.00,13755.25,535885,13872.50,13876.00,13857.00,13857.50,3176,965,13872.50,13900.50,13831.25,13835.75,76832,20250,13867.50,13881.25,13846.00,13878.50,24762,7022,13871.00,13874.50,13831.25,13835.75,18510,2666,13836.00,13868.50,13811.50,13855.00,117409,3592,13836.00,13875.50,13744.25,13758.25,251685,8974,13758.25,13803.25,13716.00,13754.50,104159,6952,13754.25,13797.50,13753.00,13774.00,31417,3298,13774.25,13786.50,13746.25,13767.50,57794,3493,13765.00,13779.00,13746.25,13767.50,35882,1778,13767.75,13772.50,13745.50,13754.00,13951,1227,13836.00,13875.50,13716.00,13767.50,445055,22717
2021-02-17,NQH1,48077,13758.25,13785.00,13543.00,13699.25,574282,13758.25,13765.75,13725.00,13731.25,5218,1243,13758.25,13785.00,13626.25,13638.75,129453,24228,13757.50,13785.00,13728.75,13748.50,34768,8281,13718.50,13727.75,13626.25,13638.75,41948,3313,13638.50,13692.50,13585.25,13606.00,141347,3600,13638.50,13692.50,13543.00,13597.75,276992,8989,13597.50,13671.25,13591.50,13656.00,76131,6856,13655.25,13689.50,13638.75,13666.75,38373,3423,13666.25,13710.50,13657.25,13693.00,42800,3416,13684.00,13710.50,13681.25,13693.00,26360,1750,13693.00,13703.25,13689.50,13700.00,10491,1153,13638.50,13710.50,13543.00,13693.00,434296,22684
2021-02-18,NQH1,50134,13699.50,13723.25,13468.00,13640.00,563596,13699.50,13709.50,13682.00,13701.25,2905,976,13699.50,13723.25,13526.25,13546.25,129537,26242,13622.75,13654.50,13570.50,13600.25,38121,9264,13588.50,13595.75,13526.25,13546.25,29842,3124,13545.25,13583.50,13471.50,13490.50,127623,3599,13545.25,13583.50,13468.00,13528.50,235308,8956,13528.75,13614.00,13496.25,13601.50,91218,6906,13601.25,13648.00,13598.75,13646.00,39659,3372,13645.50,13669.50,13629.75,13635.75,56588,3489,13654.75,13669.50,13629.75,13635.75,33388,1769,13636.00,13649.75,13627.75,13640.50,11263,1158,13545.25,13669.50,13468.00,13635.75,422773,22723
2021-02-19,NQH1,49398,13638.25,13729.00,13534.75,13573.00,523110,13638.25,13656.25,13606.25,13615.00,4692,1298,13638.25,13729.00,13550.00,13699.75,108834,25085,13629.75,13714.75,13619.50,13707.00,40806,9188,13718.00,13729.00,13698.75,13699.75,16959,2542,13700.25,13701.75,13629.50,13657.25,101098,3596,13700.25,13701.75,13629.50,13663.25,176157,8888,13663.50,13671.00,13534.75,13589.25,124695,7094,13589.50,13605.00,13552.50,13585.25,42517,3417,13585.00,13610.50,13561.25,13579.00,54210,3499,13594.75,13605.00,13561.25,13579.00,32207,1759,13578.25,13585.00,13563.00,13570.25,16626,1398,13700.25,13701.75,13534.75,13579.00,397579,22898
2021-02-22,NQH1,56581,13585.00,13629.00,13215.00,13221.00,633615,13585.00,13619.25,13548.00,13589.75,8984,1977,13585.00,13629.00,13364.50,13387.50,166540,32178,13431.50,13437.75,13364.50,13390.25,64788,11801,13385.25,13426.75,13372.75,13387.50,18163,2726,13387.75,13446.00,13338.50,13357.00,119389,3597,13387.75,13446.00,13281.75,13323.25,241653,8983,13323.25,13385.75,13280.75,13370.50,83884,6942,13370.75,13373.75,13322.00,13330.50,32600,3369,13331.00,13332.50,13220.00,13227.00,88995,3578,13261.25,13276.50,13220.00,13227.00,58418,1799,13226.75,13243.50,13215.00,13218.75,19821,1512,13387.75,13446.00,13220.00,13227.00,447132,22872
2021-02-23,NQH1,58606,13227.00,13335.75,12757.25,13157.50,849721,13227.00,13256.00,13221.75,13226.75,6212,1534,13227.00,13335.75,12946.50,13001.50,217419,33744,13311.75,13314.25,12946.50,13030.50,118190,14895,13002.75,13023.25,12969.75,13001.50,24006,3121,13001.25,13028.00,12757.25,13015.25,208130,3599,13001.25,13119.25,12757.25,12977.75,347040,8984,12978.00,13062.75,12885.00,13048.75,133383,7133,13049.00,13127.00,13031.75,13125.00,46749,3508,13124.50,13257.25,13117.50,13204.25,85767,3591,13245.00,13257.25,13178.00,13204.25,45687,1798,13204.25,13207.25,13150.50,13158.00,19302,1631,13001.25,13257.25,12757.25,13204.25,612939,23216
2021-02-24,NQH1,60943,13170.75,13334.00,12958.00,13314.00,656398,13170.75,13188.50,13136.00,13170.00,8067,1698,13170.75,13295.50,13027.00,13068.00,236912,36735,13134.50,13295.50,13121.00,13282.75,69730,12596,13229.75,13232.75,13035.25,13068.00,58155,3468,13068.75,13121.25,12958.00,13079.75,145646,3600,13068.75,13197.25,12958.00,13183.25,241074,8969,13183.00,13267.00,13171.25,13246.00,84018,6975,13246.00,13261.00,13208.25,13233.75,34005,3389,13233.00,13306.50,13225.25,13305.75,45794,3462,13272.00,13306.50,13261.00,13305.75,31263,1769,13306.25,13334.00,13287.50,13313.25,14534,1401,13068.75,13306.50,12958.00,13305.75,404891,22795
2021-02-25,NQH1,56759,13304.75,13353.75,12764.00,12788.00,874287,13304.75,13340.25,13285.00,13333.00,6471,1403,13304.75,13353.75,13146.00,13176.25,182331,31701,13290.25,13302.25,13146.00,13175.25,80570,13212,13162.00,13223.25,13155.25,13176.25,28089,3144,13176.25,13290.00,13121.50,13147.25,130214,3600,13176.25,13290.00,12984.25,12988.00,288261,8994,12988.00,13016.75,12800.25,12900.50,204326,7191,12901.00,13020.00,12894.00,12912.50,66129,3580,12913.00,12926.00,12764.00,12838.00,109012,3599,12833.25,12900.50,12764.00,12838.00,69673,1800,12837.75,12880.00,12778.50,12782.25,24158,1675,13176.25,13290.00,12764.00,12838.00,667728,23364
2021-02-26,NQH1,66595,12802.50,13089.50,12662.25,12905.75,827028,12802.50,12848.75,12756.75,12783.25,12803,2176,12802.50,12980.75,12662.25,12948.75,274771,41599,12794.00,12915.75,12717.50,12845.75,96644,14517,12864.75,12980.75,12860.75,12948.75,39720,3381,12947.75,13032.00,12754.75,12774.50,153617,3597,12947.75,13032.00,12752.00,13001.50,283084,8973,13001.00,13089.50,12938.75,12970.00,118112,7132,12969.75,13013.50,12912.75,12984.00,48050,3533,12985.25,13064.75,12923.50,12925.00,71101,3562,12965.25,13064.75,12923.50,12925.00,46717,1792,12924.75,12926.25,12856.50,12906.25,31871,1783,12947.75,13089.50,12752.00,12925.00,520347,23200
2021-03-01,NQH1,55323,12957.50,13318.00,12946.25,13314.00,505368,12957.50,13008.00,12946.25,13003.25,10764,2190,12957.50,13133.00,12946.25,13098.25,148552,31343,13106.50,13128.00,13045.00,13068.00,46454,10778,13052.75,13105.25,13034.75,13098.25,24709,2859,13098.50,13148.75,13040.50,13140.50,113140,3600,13098.50,13229.50,13040.50,13224.25,196162,8941,13224.25,13228.75,13177.75,13205.00,61764,6726,13204.75,13281.00,13202.50,13278.00,32045,3308,13278.25,13283.75,13242.50,13282.00,49780,3436,13271.25,13283.75,13242.50,13282.00,36135,1766,13281.75,13318.00,13256.00,13311.25,17023,1556,13098.50,13283.75,13040.50,13282.00,339751,22411
2021-03-02,NQH1,54802,13312.25,13328.25,13048.25,13054.75,556858,13312.25,13328.25,13303.50,13317.75,4548,1216,13312.25,13328.25,13161.75,13295.50,135958,30602,13194.00,13272.75,13161.75,13271.25,51172,11101,13266.25,13302.00,13233.25,13295.50,16876,2813,13295.50,13303.00,13177.00,13178.75,113422,3594,13295.50,13303.00,13098.25,13147.25,227100,8968,13147.25,13212.25,13121.50,13182.25,77449,6885,13182.50,13206.25,13129.75,13166.00,42835,3463,13165.75,13186.25,13057.50,13065.75,58841,3515,13119.75,13134.00,13057.50,13065.75,36367,1785,13066.00,13083.00,13048.25,13054.75,14626,1351,13295.50,13303.00,13057.50,13065.75,406225,22831
2021-03-03,NQH1,53512,13061.25,13192.00,12663.25,12677.50,742319,13061.25,13105.25,13056.50,13093.00,5397,1465,13061.25,13192.00,12964.25,13007.25,152304,28630,13170.00,13192.00,13103.25,13113.50,44703,9951,13089.50,13089.50,12964.25,13007.25,43915,3416,13007.50,13052.00,12822.75,12856.75,145253,3599,13007.50,13052.00,12821.25,12891.00,271347,8965,12891.00,12906.75,12754.50,12766.25,118387,7088,12766.00,12774.50,12675.25,12761.75,92741,3590,12761.75,12774.75,12683.25,12686.75,87085,3579,12716.00,12757.75,12683.25,12686.75,49876,1788,12686.50,12697.75,12663.25,12678.50,20365,1642,13007.50,13052.00,12675.25,12686.75,569560,23222
2021-03-04,NQH1,63411,12682.00,12797.00,12306.50,12432.00,1041713,12682.00,12698.00,12601.75,12607.75,13346,2283,12682.00,12708.75,12511.25,12663.00,219515,38372,12663.75,12708.75,12554.00,12656.00,83738,13904,12676.50,12707.50,12636.50,12663.00,28030,3219,12663.25,12765.00,12508.75,12602.00,172943,3599,12663.25,12797.00,12508.75,12738.25,342071,8996,12738.50,12783.50,12310.00,12315.50,278426,7199,12316.00,12534.50,12306.50,12514.50,102350,3598,12513.75,12531.25,12400.75,12453.00,80832,3584,12466.50,12504.75,12423.00,12453.00,42256,1794,12451.75,12494.00,12432.75,12433.00,18443,1641,12663.25,12797.00,12306.50,12453.00,803679,23377
2021-03-05,NQH1,61771,12435.00,12697.75,12207.25,12652.50,1003149,12435.00,12459.25,12406.25,12409.25,7828,1770,12435.00,12632.50,12304.50,12589.50,244537,37073,12404.00,12507.50,12352.00,12495.00,70329,12508,12507.00,12632.50,12371.25,12589.50,70596,3534,12590.25,12606.00,12345.25,12372.50,196372,3600,12590.25,12606.00,12207.25,12357.50,415010,8998,12356.75,12625.75,12314.50,12573.50,183946,7195,12574.00,12676.50,12510.25,12671.25,67247,3576,12671.50,12697.75,12628.75,12667.25,77269,3587,12651.00,12697.75,12638.25,12667.25,44574,1796,12667.25,12672.50,12646.00,12655.00,15021,1324,12590.25,12697.75,12207.25,12667.25,743472,23356
2021-03-08,NQH1,61393,12715.00,12761.25,12281.75,12333.50,735091,12715.00,12761.25,12656.75,12673.50,13925,2265,12715.00,12761.25,12376.00,12632.75,216157,36834,12473.25,12520.00,12376.00,12485.00,71506,12028,12573.00,12637.00,12549.25,12632.75,28471,3096,12633.50,12698.75,12526.75,12686.50,149060,3598,12633.50,12715.75,12510.50,12513.75,265946,8976,12514.25,12588.75,12417.00,12425.00,103573,7000,12426.00,12495.75,12394.00,12414.25,53428,3534,12414.00,12421.50,12309.25,12315.75,73700,3579,12352.00,12397.25,12309.25,12315.75,41198,1790,12315.75,12350.50,12281.75,12337.00,22210,1449,12633.50,12715.75,12309.25,12315.75,496647,23089
2021-03-09,NQH1,59371,12345.75,12867.50,12326.00,12788.00,629547,12345.75,12385.00,12335.00,12371.00,6921,1460,12345.75,12617.25,12326.00,12612.75,187371,35293,12485.25,12612.25,12469.25,12537.25,75413,13301,12571.75,12617.25,12551.00,12612.75,22891,2941,12613.25,12767.75,12587.00,12759.50,138620,3598,12613.25,12767.75,12587.00,12745.25,237135,8909,12745.75,12858.50,12735.00,12854.25,83053,6803,12854.50,12858.00,12806.75,12829.50,34368,3355,12829.25,12867.50,12775.50,12804.00,66879,3445,12851.75,12863.00,12775.50,12804.00,49658,1778,12804.25,12805.25,12768.25,12790.25,20698,1552,12613.25,12867.50,12587.00,12804.00,421435,22512
2021-03-10,NQH1,55552,12812.00,12993.25,12703.00,12788.25,703746,12812.00,12827.75,12792.50,12811.75,5079,1357,12812.00,12993.25,12703.00,12970.50,200367,31601,12761.50,12818.50,12703.00,12762.00,59416,11053,12746.75,12993.25,12744.50,12970.50,71040,3506,12971.50,12979.50,12793.25,12799.25,142189,3597,12971.50,12979.50,12754.00,12842.00,275348,8957,12842.00,12846.25,12720.00,12755.75,128027,7034,12756.00,12841.75,12735.75,12819.25,42645,3350,12819.50,12836.50,12746.25,12748.75,44342,3388,12771.75,12801.00,12746.25,12748.75,23581,1723,12749.00,12789.75,12744.00,12789.75,12963,1203,12971.50,12979.50,12720.00,12748.75,490362,22729
2021-03-11,NQH1,52887,12795.25,13119.25,12724.25,13043.50,479084,12795.25,12799.75,12763.50,12769.50,3432,944,12795.25,13014.00,12724.25,12954.50,154870,30224,12929.75,13014.00,12896.25,12989.50,61334,11528,12979.75,12987.00,12933.50,12954.50,27504,3249,12955.00,13007.00,12912.50,12959.50,105941,3593,12955.00,13086.50,12912.50,13069.00,188388,8846,13069.50,13119.25,13054.25,13070.25,64348,6490,13069.50,13093.25,13059.75,13059.75,20437,2864,13059.25,13087.75,13039.25,13051.75,37374,3208,13086.50,13087.50,13039.25,13051.75,24825,1649,13051.50,13069.00,13038.75,13041.75,13591,1239,12955.00,13119.25,12912.50,13051.75,310547,21408
2021-03-12,NQH1,53002,13055.00,13095.00,12768.25,12936.25,389008,13055.00,13086.00,13046.75,13073.50,3436,1147,13055.00,13095.00,12785.75,12863.25,144078,31470,12904.75,12904.75,12785.75,12894.75,56131,11722,12879.00,12898.00,12820.50,12863.25,18568,2915,12864.00,12905.50,12774.25,12797.00,81512,3584,12864.00,12905.50,12768.25,12859.00,150564,8729,12857.50,12926.25,12842.50,12886.75,44348,6102,12885.25,12923.50,12869.75,12910.75,16339,2682,12910.75,12943.75,12877.75,12937.25,25359,3045,12907.50,12943.75,12906.75,12937.25,14347,1593,12937.00,12946.25,12927.50,12935.25,8294,964,12864.00,12943.75,12768.25,12937.25,236610,20558
2021-03-15,NQM1,45445,12933.50,13089.25,12871.25,13072.50,320936,12933.50,12965.50,12915.00,12938.25,3627,971,12933.50,13009.50,12872.00,12943.25,85121,23444,12903.50,12997.25,12872.00,12941.00,31595,8938,12918.75,12948.75,12910.00,12943.25,10311,2190,12943.50,12987.25,12887.50,12923.75,63445,3565,12943.50,12987.25,12871.25,12927.00,130330,8752,12927.50,12976.50,12915.00,12971.50,39962,5956,12971.50,13022.25,12971.00,13015.25,20938,2895,13015.25,13073.25,12991.25,13071.25,32840,3252,12996.00,13073.25,12992.00,13071.25,20652,1705,13071.50,13089.25,13061.50,13074.25,11724,1136,12943.50,13073.25,12871.25,13071.25,224070,20855
2021-03-16,NQM1,43459,13073.00,13287.25,13048.25,13153.25,466749,13073.00,13080.25,13055.75,13062.25,2538,806,13073.00,13168.00,13048.25,13158.00,74202,19425,13153.00,13168.00,13091.25,13142.25,27334,6823,13146.00,13166.00,13122.75,13158.00,12115,2089,13158.50,13251.75,13132.25,13247.00,84403,3589,13158.50,13287.25,13132.25,13246.50,156772,8865,13246.50,13256.50,13161.00,13183.75,99785,6951,13183.25,13196.00,13077.25,13125.50,71026,3563,13125.25,13187.50,13100.25,13144.75,54906,3527,13143.75,13187.50,13133.75,13144.75,32080,1774,13144.75,13162.75,13135.00,13152.50,10011,1116,13158.50,13287.25,13077.25,13144.75,382489,22906
2021-03-17,NQM1,47412,13159.50,13271.00,12934.25,13170.00,596475,13159.50,13173.75,13154.25,13167.75,2401,761,13159.50,13173.75,12967.50,13008.50,111116,23182,13119.75,13132.50,12976.75,12992.75,46281,8417,12992.50,13013.25,12977.00,13008.50,18352,2721,13008.50,13073.00,12934.25,13051.00,112077,3591,13008.50,13073.25,12934.25,12968.00,210235,8942,12967.75,13020.25,12938.75,12990.25,82241,6774,12989.25,13226.75,12983.00,13222.50,107119,3566,13222.25,13271.00,13155.50,13188.25,73696,3583,13220.25,13239.75,13155.50,13188.25,38405,1793,13188.00,13197.75,13165.25,13168.00,12026,1346,13008.50,13271.00,12934.25,13188.25,473291,22865
2021-03-18,NQM1,55041,13187.00,13267.00,12762.00,12790.00,664816,13187.00,13210.75,13175.75,13188.00,4462,1188,13187.00,13267.00,12944.25,12975.25,166053,30331,13212.00,13217.75,12950.50,12981.00,86853,13002,12979.50,12985.75,12944.25,12975.25,24336,2985,12974.75,13022.25,12914.75,12968.25,122649,3599,12974.75,13022.25,12914.75,12952.25,225311,8968,12952.00,13008.50,12896.00,12975.25,103055,7037,12974.25,12976.25,12822.00,12848.00,72729,3553,12848.25,12860.00,12762.00,12785.00,77445,3581,12829.25,12852.25,12762.00,12785.00,43330,1792,12785.75,12825.50,12773.00,12793.50,20163,1550,12974.75,13022.25,12762.00,12785.00,478540,23139
2021-03-19,NQM1,54801,12793.50,12898.25,12681.75,12825.50,628009,12793.50,12822.50,12782.00,12785.00,5248,1419,12793.50,12898.25,12713.50,12777.25,174129,30241,12801.00,12898.25,12798.50,12847.50,58762,11216,12853.50,12871.25,12741.75,12777.25,45084,3116,12777.00,12837.50,12681.75,12778.75,138141,3599,12777.00,12860.00,12681.75,12848.50,255041,8979,12849.00,12891.25,12828.50,12869.50,87256,6987,12868.75,12880.75,12825.25,12872.50,38031,3426,12872.75,12881.75,12823.75,12854.00,54835,3499,12847.25,12876.25,12832.75,12854.00,32870,1766,12854.00,12857.75,12823.00,12829.00,18682,1657,12777.00,12891.25,12681.75,12854.00,435163,22891
2021-03-22,NQM1,50410,12807.00,13157.00,12788.50,13062.00,467284,12807.00,12845.75,12788.50,12841.00,7765,1809,12807.00,12963.50,12788.50,12933.75,111530,26588,12908.75,12963.50,12870.00,12953.75,40105,9472,12934.25,12950.00,12926.00,12933.75,11362,2153,12934.25,13031.00,12927.75,13017.50,112264,3594,12934.25,13095.25,12927.75,13073.25,180420,8869,13073.50,13157.00,13072.00,13139.50,78452,6850,13140.00,13149.50,13125.00,13141.75,27114,3283,13142.50,13155.00,13067.00,13068.75,57020,3491,13097.75,13110.75,13067.00,13068.75,35438,1782,13069.00,13083.50,13062.00,13066.00,12574,1311,12934.25,13157.00,12927.75,13068.75,343006,22493
2021-03-23,NQM1,51616,13069.00,13172.00,12979.00,13030.25,596405,13069.00,13087.75,13065.25,13079.00,3624,1087,13069.00,13120.75,13002.50,13114.00,109268,27233,13032.25,13091.75,13008.50,13080.00,46141,10867,13078.75,13120.75,13076.50,13114.00,15287,2670,13113.75,13134.50,13050.50,13114.25,112566,3592,13113.75,13172.00,13050.50,13108.00,225987,8972,13108.25,13149.00,13069.25,13082.00,104920,7033,13082.75,13124.00,13047.25,13048.25,54493,3542,13048.00,13061.75,12979.00,13008.75,89686,3595,13011.75,13032.00,12979.00,13008.75,50798,1800,13009.50,13039.00,12998.75,13031.00,12023,1230,13113.75,13172.00,12979.00,13008.75,475086,23142
2021-03-24,NQM1,50815,13050.25,13145.25,12784.00,12796.00,621341,13050.25,13052.25,13025.75,13038.00,3062,949,13050.25,13145.25,13016.25,13070.25,110408,26246,13040.25,13145.25,13020.50,13092.75,48435,10284,13093.25,13106.50,13067.50,13070.25,12989,2447,13070.00,13073.50,12910.75,12944.75,126907,3599,13070.00,13073.50,12910.75,12963.00,240024,8979,12963.00,12987.25,12875.25,12945.25,118725,7121,12945.00,12951.25,12864.25,12871.25,57162,3535,12871.50,12889.00,12793.25,12798.75,76918,3571,12868.75,12869.00,12793.25,12798.75,48303,1792,12799.50,12805.50,12784.00,12796.50,18058,1349,13070.00,13073.50,12793.25,12798.75,492829,23206
2021-03-25,NQM1,52466,12803.00,12859.50,12609.75,12792.00,737777,12803.00,12815.25,12781.25,12805.50,5684,1497,12803.00,12859.50,12693.00,12712.50,137599,27859,12821.00,12859.50,12730.00,12739.75,49058,9913,12728.00,12747.75,12693.00,12712.50,30004,3263,12712.75,12837.00,12688.75,12751.50,131031,3600,12712.75,12837.00,12609.75,12697.50,297774,8991,12697.75,12786.75,12685.25,12700.75,151894,7148,12701.25,12784.25,12655.00,12775.75,61897,3572,12776.00,12821.50,12757.25,12773.25,74223,3578,12774.50,12821.50,12761.75,12773.25,42459,1790,12773.00,12796.50,12767.00,12790.00,14352,1305,12712.75,12837.00,12609.75,12773.25,585788,23289
2021-03-26,NQM1,51451,12799.75,12988.50,12676.25,12959.00,613847,12799.75,12799.75,12761.50,12784.25,3036,958,12799.75,12881.00,12676.25,12761.00,128296,26746,12861.75,12868.50,12713.00,12738.00,54982,10869,12697.00,12770.50,12692.25,12761.00,22248,2935,12760.75,12855.75,12753.75,12820.75,102490,3590,12760.75,12864.25,12753.75,12828.75,204901,8954,12828.50,12872.25,12781.00,12796.00,99387,7046,12796.50,12812.75,12701.00,12789.00,82503,3563,12789.00,12958.50,12781.25,12957.00,72377,3572,12844.75,12958.50,12842.25,12957.00,42870,1794,12957.25,12988.50,12932.25,12960.00,26315,1548,12760.75,12958.50,12701.00,12957.00,459168,23135
2021-03-29,NQM1,53964,12975.75,13003.00,12807.50,12964.25,568559,12975.75,12975.75,12928.25,12944.25,5521,1399,12975.75,12975.75,12807.50,12937.25,133549,29741,12883.00,12969.50,12851.50,12949.00,45588,10260,12947.75,12954.75,12893.50,12937.25,16512,2680,12937.75,12978.00,12815.50,12851.25,119426,3598,12937.75,12978.00,12815.50,12899.50,222162,8962,12899.25,13003.00,12854.75,12950.50,96465,6992,12950.50,12960.00,12885.50,12891.50,51976,3549,12891.00,12971.25,12890.75,12944.25,53443,3534,12954.00,12971.25,12926.50,12944.25,28519,1776,12944.00,12978.25,12931.00,12963.00,10945,1176,12937.75,13003.00,12815.50,12944.25,424046,23037
2021-03-30,NQM1,49474,12975.00,12984.00,12776.50,12890.25,508996,12975.00,12984.00,12969.00,12972.75,2163,786,12975.00,12984.00,12835.00,12876.25,104339,25719,12894.75,12924.25,12838.25,12849.25,44833,10219,12864.75,12885.00,12840.75,12876.25,14440,2530,12876.50,12888.25,12776.50,12812.25,117610,3595,12876.50,12916.25,12776.50,12855.50,220178,8955,12855.50,12880.00,12825.50,12856.75,76699,6832,12856.50,12899.00,12835.00,12894.25,42908,3416,12894.75,12914.50,12839.75,12857.00,52621,3490,12896.50,12914.50,12839.75,12857.00,33657,1753,12857.00,12901.50,12853.50,12889.00,12213,1043,12876.50,12916.25,12776.50,12857.00,392406,22693
2021-03-31,NQM1,47389,12894.75,13158.00,12858.25,13089.00,470169,12894.75,12894.75,12858.25,12871.25,2624,893,12894.75,12980.50,12858.25,12966.00,84932,23089,12879.75,12970.00,12870.00,12952.25,34413,9029,12963.00,12980.50,12957.00,12966.00,11179,2324,12965.75,13101.75,12953.00,13076.25,104795,3597,12965.75,13126.75,12953.00,13120.00,190342,8945,13120.25,13152.75,13119.75,13126.25,63260,6706,13126.00,13131.00,13090.00,13119.75,40571,3535,13119.50,13158.00,13070.00,13096.50,71956,3553,13129.75,13140.00,13070.00,13096.50,47321,1780,13096.75,13104.00,13080.00,13088.50,19033,1538,12965.75,13158.00,12953.00,13096.50,366129,22739
2021-04-01,NQM1,46703,13094.50,13332.50,13090.25,13327.25,422683,13094.50,13109.50,13090.25,13106.75,2942,939,13094.50,13261.00,13090.25,13255.50,92434,22901,13167.75,13236.25,13160.00,13223.00,38441,9198,13233.75,13261.00,13228.25,13255.50,15093,2453,13255.25,13319.25,13241.75,13308.50,101130,3580,13255.25,13321.50,13241.75,13281.00,181020,8886,13281.00,13303.50,13260.00,13280.75,62634,6737,13280.75,13309.50,13275.25,13304.75,24620,3179,13304.50,13319.75,13277.00,13318.75,45471,3436,13285.75,13319.75,13284.75,13318.75,29818,1743,13319.00,13332.50,13313.00,13327.50,16469,1551,13255.25,13321.50,13241.75,13318.75,313745,22238
2021-04-02,NQM1,12646,13330.50,13393.00,13325.50,13344.25,41583,13330.50,13336.00,13325.50,13331.00,1682,513,13330.50,13393.00,13325.50,13344.25,41583,12646,13351.50,13369.75,13345.00,13359.00,7562,2993,13365.00,13393.00,13342.50,13344.25,10614,1847,,,,,0,0,,,,,0,0,,,,,0,0,,,,,0,0,,,,,0,0,,,,,0,0,,,,,0,0,,,,,0,0
2021-04-05,NQM1,41153,13339.00,13615.00,13304.25,13600.50,349179,13339.00,13350.00,13304.25,13322.25,8507,1500,13339.00,13433.25,13304.25,13421.50,72343,18584,13325.50,13385.25,13311.25,13384.00,22597,6326,13380.50,13433.25,13377.50,13421.50,15043,2495,13421.50,13517.50,13409.25,13511.25,83387,3572,13421.50,13557.75,13409.25,13540.75,143079,8681,13540.75,13600.00,13539.00,13597.00,49101,6035,13597.00,13615.00,13592.25,13596.75,23762,2918,13596.75,13604.50,13564.00,13585.50,46744,3380,13578.75,13604.50,13564.00,13585.50,29731,1737,13585.25,13603.00,13574.00,13599.25,14105,1540,13421.50,13615.00,13409.25,13585.50,262686,21014
2021-04-06,NQM1,46577,13603.75,13655.00,13524.25,13583.25,451748,13603.75,13620.50,13594.50,13612.50,2977,889,13603.75,13622.25,13524.25,13567.75,87846,23005,13567.25,13577.00,13524.25,13574.75,35171,9026,13588.50,13605.75,13566.50,13567.75,13755,2572,13568.75,13612.75,13538.75,13592.75,95959,3599,13568.75,13650.50,13538.75,13648.50,183667,8917,13648.50,13655.00,13546.00,13590.75,82385,6844,13590.75,13617.00,13584.50,13606.00,34155,3312,13606.50,13612.25,13545.25,13570.50,54129,3488,13597.25,13603.75,13545.25,13570.50,32391,1766,13570.25,13584.50,13565.50,13583.75,9522,1000,13568.75,13655.00,13538.75,13570.50,354336,22561
2021-04-07,NQM1,44272,13580.50,13641.00,13512.50,13621.00,427722,13580.50,13596.25,13575.50,13591.50,2034,730,13580.50,13607.75,13530.00,13552.25,76559,20620,13596.75,13607.75,13558.00,13564.25,27971,7979,13561.00,13564.75,13530.00,13552.25,16746,2673,13552.00,13617.00,13512.50,13615.00,89792,3587,13552.00,13631.00,13512.50,13593.75,173545,8923,13594.00,13610.00,13560.75,13595.75,73215,6739,13596.75,13641.00,13594.00,13614.25,38490,3383,13613.75,13635.25,13573.25,13604.50,55886,3519,13583.75,13614.75,13573.25,13604.50,30950,1775,13604.50,13624.00,13601.75,13621.50,10006,1078,13552.00,13641.00,13512.50,13604.50,341136,22564
2021-04-08,NQM1,44847,13620.75,13789.75,13615.50,13788.75,430200,13620.75,13629.25,13618.25,13624.25,1722,544,13620.75,13743.75,13615.50,13727.75,83140,21507,13715.50,13743.75,13684.00,13719.50,28984,7965,13714.00,13732.50,13702.00,13727.75,14403,2367,13727.75,13755.00,13691.50,13704.00,116409,3597,13727.75,13755.00,13691.50,13731.50,204555,8898,13731.75,13746.75,13713.25,13727.50,58538,6504,13727.50,13750.25,13727.00,13737.00,25499,3153,13736.75,13743.50,13726.25,13742.75,41072,3343,13728.25,13743.00,13726.25,13742.75,26542,1731,13742.50,13789.75,13741.50,13787.25,17348,1423,13727.75,13755.00,13691.50,13742.75,329664,21898
2021-04-09,NQM1,49346,13786.50,13841.75,13648.25,13811.00,487137,13786.50,13790.25,13773.50,13784.50,2746,884,13786.50,13841.75,13648.25,13686.25,121367,25726,13720.75,13754.75,13706.75,13727.25,34592,8766,13712.25,13717.00,13648.25,13686.25,32163,3197,13686.25,13747.00,13658.25,13720.00,101870,3589,13686.25,13771.00,13658.25,13768.25,197618,8917,13768.25,13789.75,13751.00,13779.75,63718,6658,13779.50,13791.25,13764.25,13775.00,28006,3195,13775.00,13839.75,13756.25,13831.50,60372,3485,13795.00,13839.75,13794.25,13831.50,38711,1773,13831.50,13838.00,13802.50,13808.50,16021,1352,13686.25,13839.75,13658.25,13831.50,349714,22255
2021-04-12,NQM1,46260,13817.75,13832.25,13732.00,13824.75,448752,13817.75,13832.25,13791.75,13800.00,4416,1118,13817.75,13832.25,13767.75,13789.00,85831,22505,13810.75,13826.25,13776.25,13790.00,30055,7802,13793.25,13810.25,13780.25,13789.00,10573,2028,13788.75,13809.50,13742.50,13773.75,104285,3596,13788.75,13809.50,13732.00,13779.00,191492,8912,13779.25,13828.75,13761.75,13784.00,72464,6860,13783.75,13808.50,13775.25,13784.50,33738,3386,13784.25,13826.75,13768.00,13810.50,55705,3533,13790.50,13826.75,13780.75,13810.50,35628,1785,13810.75,13826.00,13804.25,13824.25,9494,1051,13788.75,13828.75,13732.00,13810.50,353399,22691
2021-04-13,NQM1,45424,13825.00,13994.00,13772.75,13975.50,484035,13825.00,13833.75,13812.75,13815.00,2706,770,13825.00,13896.00,13772.75,13874.00,100076,21250,13782.00,13821.25,13775.00,13799.50,31715,7421,13817.75,13896.00,13800.50,13874.00,33169,3169,13874.25,13948.75,13866.75,13919.75,109725,3596,13874.25,13948.75,13866.75,13900.00,200337,8946,13899.50,13948.50,13897.00,13934.25,67813,6745,13934.75,13970.00,13926.25,13969.75,38884,3456,13969.75,13994.00,13964.50,13979.75,65734,3539,13991.75,13993.50,13964.75,13979.75,36848,1769,13979.50,13982.50,13968.50,13973.00,11112,1471,13874.25,13994.00,13866.75,13979.75,372768,22686
2021-04-14,NQM1,44339,13977.75,14029.00,13772.75,13827.25,656291,13977.75,13980.00,13967.25,13972.75,2377,777,13977.75,14029.00,13957.50,13983.75,74286,20020,13972.50,14029.00,13967.75,14027.00,30043,8013,14018.75,14024.75,13982.50,13983.75,15849,2618,13983.50,13988.50,13916.25,13923.75,127255,3600,13983.50,13988.50,13854.25,13905.75,253989,8979,13905.50,13917.75,13821.25,13823.25,109292,6988,13823.00,13859.50,13783.50,13803.25,97577,3572,13803.25,13837.00,13772.75,13786.75,105703,3590,13827.50,13837.00,13772.75,13786.75,57948,1796,13787.00,13827.00,13785.50,13825.00,15361,1172,13983.50,13988.50,13772.75,13786.75,566561,23129
2021-04-15,NQM1,46259,13827.00,14034.25,13789.25,13999.00,514829,13827.00,13836.75,13816.75,13822.50,3076,902,13827.00,13945.00,13789.25,13926.25,86860,21816,13853.00,13912.25,13851.50,13912.25,30570,8255,13924.50,13945.00,13915.25,13926.25,19004,2790,13926.50,13986.00,13923.00,13984.50,114439,3596,13926.50,14012.25,13923.00,13960.50,209072,8938,13960.75,14022.50,13943.25,14016.75,90418,6975,14017.00,14024.25,13990.25,13997.50,39392,3445,13997.75,14034.25,13978.00,14013.00,74213,3535,13984.00,14034.25,13982.00,14013.00,48901,1789,14013.25,14021.75,13991.25,13996.25,14803,1535,13926.50,14034.25,13923.00,14013.00,413095,22893
2021-04-16,NQM1,45720,14002.00,14059.50,13952.75,14024.00,489856,14002.00,14010.00,13988.75,14004.50,2344,767,14002.00,14059.50,13952.75,14041.50,93227,22022,13978.25,14031.25,13965.25,14028.50,32329,8460,14045.75,14054.25,14022.00,14041.50,21247,2777,14042.00,14043.25,13953.75,14007.50,128704,3599,14042.00,14043.25,13953.75,14005.00,226503,8954,14004.75,14036.75,13998.50,13999.25,73820,6778,13999.25,14032.75,13996.25,14027.50,30478,3262,14027.50,14041.00,14018.75,14034.25,50963,3435,14028.00,14041.00,14020.75,14034.25,34320,1754,14034.25,14034.25,14013.75,14028.00,14719,1252,14042.00,14043.25,13953.75,14034.25,381764,22429
2021-04-19,NQM1,47302,13989.00,14052.25,13821.00,13894.00,608573,13989.00,13998.00,13973.25,13993.25,4751,1171,13989.00,14052.25,13946.00,13965.50,90044,22987,14031.75,14047.25,13975.00,13983.75,28921,7774,13970.75,13975.50,13946.00,13965.50,16549,2707,13965.25,14013.25,13890.50,13936.25,132614,3599,13965.25,14013.25,13855.00,13876.50,278138,8994,13876.25,13899.25,13821.00,13875.25,122803,7092,13875.00,13896.25,13855.00,13883.25,43800,3510,13883.25,13891.25,13850.50,13888.50,59458,3536,13860.75,13891.25,13850.50,13888.50,34623,1774,13888.25,13907.75,13887.50,13892.50,14301,1171,13965.25,14013.25,13821.00,13888.50,504199,23132
2021-04-20,NQM1,48728,13900.00,13933.75,13719.25,13735.00,603200,13900.00,13914.00,13896.50,13907.50,2321,724,13900.00,13933.75,13814.00,13873.75,103402,24402,13893.00,13933.75,13814.00,13860.75,57721,11355,13854.00,13878.00,13844.75,13873.75,10591,2387,13873.75,13929.75,13852.00,13889.00,129315,3594,13873.75,13929.75,13719.25,13772.00,294463,8986,13771.75,13806.50,13740.50,13795.75,98143,7030,13795.50,13801.75,13733.75,13741.25,39058,3435,13741.00,13817.00,13741.00,13798.50,43260,3391,13786.50,13817.00,13780.75,13798.50,24488,1748,13798.25,13807.75,13730.00,13732.50,24848,1477,13873.75,13929.75,13719.25,13798.50,474924,22842
2021-04-21,NQM1,47490,13740.00,13926.50,13700.50,13891.25,500065,13740.00,13754.75,13738.50,13750.50,3305,937,13740.00,13788.50,13709.75,13749.50,92546,23803,13766.50,13788.50,13743.25,13763.50,35820,9039,13740.25,13757.75,13723.75,13749.50,16676,2699,13748.75,13821.50,13700.50,13814.25,141580,3598,13748.75,13876.50,13700.50,13871.75,246897,8966,13872.00,13874.50,13832.75,13859.75,63652,6696,13859.75,13873.00,13847.00,13855.25,28128,3273,13855.50,13926.50,13846.25,13920.25,53798,3431,13872.25,13926.50,13871.25,13920.25,38964,1785,13920.00,13921.75,13887.75,13892.00,14988,1304,13748.75,13926.50,13700.50,13920.25,392475,22366
2021-04-22,NQM1,46155,13896.50,13944.75,13701.75,13761.50,615655,13896.50,13900.50,13882.00,13890.25,2794,858,13896.50,13938.00,13878.00,13902.00,77309,21835,13916.25,13937.25,13883.00,13890.00,26731,7859,13894.50,13915.75,13890.75,13902.00,13956,2583,13902.00,13919.50,13855.50,13916.00,114078,3598,13902.00,13944.75,13855.50,13903.25,201288,8930,13903.75,13941.75,13715.75,13731.75,169702,6959,13731.75,13791.75,13701.75,13761.00,82411,3579,13761.25,13785.50,13722.75,13744.75,69887,3563,13726.00,13772.75,13725.75,13744.75,39882,1787,13744.50,13763.50,13733.00,13761.50,15025,1277,13902.00,13944.75,13701.75,13744.75,523288,23031
2021-04-23,NQM1,44454,13757.00,13981.00,13737.00,13903.50,439942,13757.00,13771.50,13748.25,13769.75,3762,1115,13757.00,13791.00,13737.00,13778.50,73343,20623,13742.00,13791.00,13738.75,13771.50,26545,7492,13772.50,13779.50,13764.50,13778.50,9168,2132,13778.75,13853.00,13776.00,13830.75,95612,3593,13778.75,13937.75,13776.00,13925.75,199074,8953,13926.00,13963.50,13920.75,13952.50,67135,6704,13952.25,13969.50,13938.75,13961.25,30594,3255,13961.25,13981.00,13928.50,13931.00,53330,3426,13964.50,13981.00,13928.50,13931.00,36840,1772,13930.75,13932.25,13904.00,13906.50,16397,1476,13778.75,13981.00,13776.00,13931.00,350133,22338
2021-04-26,NQM1,43061,13919.75,14039.25,13865.50,14021.75,396138,13919.75,13927.50,13906.50,13920.75,3617,993,13919.75,13944.25,13865.50,13932.00,68569,19550,13917.25,13936.75,13865.50,13896.00,27755,7716,13898.00,13933.25,13892.75,13932.00,12190,2415,13932.25,13966.75,13902.25,13950.75,97660,3593,13932.25,13989.50,13902.25,13969.00,160232,8771,13968.75,13996.50,13954.50,13993.50,64644,6649,13993.50,14021.75,13992.50,14020.00,30102,3266,14020.25,14026.25,13983.25,14008.00,52390,3397,14006.75,14012.25,13983.25,14008.00,38243,1787,14008.25,14039.25,13993.00,14021.50,20158,1414,13932.25,14026.25,13902.25,14008.00,307368,22083
2021-04-27,NQM1,40755,14024.75,14050.00,13912.50,13950.50,406657,14024.75,14026.75,14013.75,14017.25,2289,766,14024.75,14050.00,14007.75,14026.25,56936,17458,14028.75,14039.50,14007.75,14031.50,23627,6993,14034.25,14040.00,14023.50,14026.25,8339,1985,14025.75,14034.75,13918.00,13951.00,122147,3596,14025.75,14034.75,13912.50,13966.00,203680,8870,13966.00,13984.00,13953.50,13957.50,56829,6469,13957.50,13969.50,13939.25,13961.50,27499,3152,13962.00,13976.25,13946.50,13963.50,41570,3379,13960.25,13976.25,13954.00,13963.50,24747,1730,13963.50,13985.75,13941.50,13951.00,20107,1411,14025.75,14034.75,13912.50,13963.50,329578,21870
2021-04-28,NQM1,42600,13955.50,13993.50,13878.00,13968.75,497518,13955.50,13969.25,13951.50,13966.25,2943,847,13955.50,13979.25,13904.75,13939.00,68939,18163,13963.00,13966.50,13904.75,13925.50,34221,7855,13931.00,13939.25,13922.75,13939.00,9642,2028,13938.50,13981.00,13885.50,13950.00,103938,3597,13938.50,13981.00,13885.50,13896.25,203191,8937,13896.25,13925.75,13878.00,13903.50,61004,6475,13903.50,13982.25,13882.25,13952.75,73205,3529,13953.00,13960.00,13885.00,13894.00,65387,3538,13934.25,13934.50,13885.00,13894.00,31599,1770,13894.00,13993.50,13886.75,13968.75,25719,1939,13938.50,13982.25,13878.00,13894.00,402787,22479
2021-04-29,NQM1,45285,13973.50,14064.00,13818.50,13945.25,588090,13973.50,13973.50,13952.50,13961.50,3288,940,13973.50,14064.00,13952.50,14043.50,89205,20826,14008.75,14047.50,13992.50,14031.50,31026,8117,14035.00,14064.00,14031.25,14043.50,22634,2888,14043.25,14060.75,13921.50,13939.50,141572,3600,14043.25,14060.75,13847.75,13865.25,270539,8970,13864.75,13926.75,13818.50,13923.75,122470,7065,13924.25,13976.25,13914.25,13966.50,41086,3410,13966.50,13980.75,13942.25,13952.50,46054,3478,13947.00,13966.00,13942.25,13952.50,25906,1752,13952.00,13978.25,13937.50,13944.50,18688,1520,14043.25,14060.75,13818.50,13952.50,480149,22923
2021-04-30,NQM1,46580,13948.25,13956.75,13819.75,13865.25,547890,13948.25,13948.50,13925.25,13931.50,2922,895,13948.25,13948.50,13819.75,13852.00,92424,22141,13913.25,13923.50,13833.25,13867.00,35061,8182,13862.00,13863.00,13819.75,13852.00,19786,2792,13852.00,13943.50,13840.50,13943.25,108045,3599,13852.00,13956.75,13840.50,13909.00,226660,8972,13908.50,13919.50,13825.00,13830.75,89149,6963,13831.25,13874.25,13829.50,13864.25,46720,3492,13864.25,13877.00,13827.00,13844.00,74451,3581,13868.50,13872.75,13827.00,13844.00,43280,1795,13844.25,13882.00,13839.75,13867.75,18409,1409,13852.00,13956.75,13825.00,13844.00,436980,23008
2021-05-03,NQM1,43051,13880.25,13947.50,13772.00,13785.00,468868,13880.25,13888.75,13870.00,13881.25,4813,1277,13880.25,13915.00,13844.50,13911.00,73755,19374,13875.75,13914.50,13844.50,13889.75,35187,8453,13897.00,13915.00,13895.00,13911.00,12491,2268,13911.00,13947.50,13851.00,13922.75,104433,3594,13911.00,13947.50,13775.75,13813.25,233521,8981,13813.00,13821.50,13772.00,13793.50,74927,6893,13793.00,13820.50,13791.50,13811.75,30591,3256,13811.50,13819.25,13774.00,13785.25,45664,3436,13797.50,13800.75,13774.00,13785.25,27202,1746,13785.75,13796.75,13779.00,13784.50,10302,1096,13911.00,13947.50,13772.00,13785.25,384703,22566
2021-05-04,NQM1,45477,13785.00,13792.50,13380.75,13521.75,655748,13785.00,13792.50,13778.25,13784.50,2130,717,13785.00,13792.50,13650.25,13676.00,100807,20933,13765.75,13777.50,13650.25,13689.50,47200,8812,13663.00,13688.25,13661.50,13676.00,16224,2730,13676.75,13696.50,13493.00,13545.25,163611,3599,13676.75,13696.50,13380.75,13400.75,312845,8991,13400.75,13462.75,13394.25,13439.00,101949,7030,13438.50,13491.00,13422.50,13483.50,52953,3522,13483.50,13530.50,13453.25,13529.25,69159,3533,13468.00,13530.50,13459.75,13529.25,44232,1786,13529.00,13552.75,13514.75,13522.25,17990,1452,13676.75,13696.50,13380.75,13529.25,536906,23076
2021-05-05,NQM1,45947,13525.75,13665.50,13462.75,13483.50,515251,13525.75,13529.75,13507.75,13520.75,3165,934,13525.75,13653.25,13507.75,13631.75,98707,22060,13541.00,13630.75,13539.00,13619.25,33157,8234,13634.00,13642.75,13593.25,13631.75,21968,2891,13631.75,13665.50,13529.25,13583.50,129911,3598,13631.75,13665.50,13529.25,13626.25,217882,8917,13626.50,13631.50,13549.00,13571.75,70916,6710,13571.25,13576.50,13539.75,13542.25,38309,3427,13542.00,13548.75,13462.75,13494.00,78160,3585,13483.75,13519.50,13471.00,13494.00,36973,1792,13494.00,13502.00,13476.00,13485.00,11240,1237,13631.75,13665.50,13462.75,13494.00,405267,22639
2021-05-06,NQM1,48559,13484.00,13611.50,13388.75,13605.75,562330,13484.00,13496.25,13471.50,13474.50,3214,974,13484.00,13570.50,13451.00,13485.25,101969,24375,13520.25,13570.50,13490.75,13505.00,42496,9676,13485.75,13491.25,13461.00,13485.25,13558,2522,13484.75,13509.00,13388.75,13424.50,131602,3599,13484.75,13564.00,13388.75,13548.75,248894,8985,13549.00,13591.25,13488.50,13492.75,79744,6907,13492.50,13525.50,13466.25,13492.00,51820,3527,13492.50,13594.00,13476.00,13592.50,64699,3539,13528.75,13594.00,13515.75,13592.50,41049,1789,13593.00,13611.50,13591.75,13604.50,15170,1213,13484.75,13594.00,13388.75,13592.50,445157,22958
2021-05-07,NQM1,45416,13614.50,13818.00,13588.25,13715.50,540112,13614.50,13621.25,13607.00,13609.25,2364,778,13614.50,13818.00,13588.25,13711.75,136061,21320,13609.25,13648.75,13588.25,13632.00,26918,7484,13641.25,13818.00,13631.00,13711.75,75604,3522,13711.75,13810.50,13661.50,13775.50,136070,3598,13711.75,13810.50,13661.50,13791.50,210363,8950,13791.75,13792.00,13682.00,13687.75,84848,7004,13687.75,13724.50,13662.25,13721.75,39791,3430,13721.25,13747.75,13710.25,13712.25,56394,3523,13731.75,13742.00,13710.25,13712.25,33316,1774,13712.25,13724.25,13702.25,13717.00,12598,1173,13711.75,13810.50,13661.50,13712.25,391396,22907
2021-05-10,NQM1,46588,13718.00,13752.00,13305.50,13311.50,591916,13718.00,13742.00,13711.00,13737.00,3713,1030,13718.00,13752.00,13636.50,13651.50,82385,21894,13675.50,13689.50,13636.50,13646.50,31254,8529,13659.75,13681.25,13638.00,13651.50,12290,2348,13651.00,13657.75,13502.25,13515.50,125481,3589,13651.00,13657.75,13453.25,13514.50,239155,8956,13514.50,13543.25,13461.75,13475.75,82492,6911,13475.75,13476.50,13361.75,13376.75,94507,3579,13376.75,13414.00,13353.25,13355.25,70544,3543,13394.50,13414.00,13353.25,13355.25,43273,1775,13355.25,13368.00,13305.50,13311.75,22719,1687,13651.00,13657.75,13353.25,13355.25,486698,22989
2021-05-11,NQM1,56083,13316.50,13375.75,13065.25,13317.00,782105,13316.50,13338.50,13307.00,13335.75,6251,1498,13316.50,13344.50,13065.25,13108.00,186478,31589,13264.50,13270.25,13120.25,13121.25,69096,11797,13093.50,13117.50,13065.25,13108.00,30030,3232,13108.25,13279.00,13084.75,13166.25,171043,3599,13108.25,13326.00,13084.75,13309.25,332971,8989,13309.75,13370.00,13247.75,13327.00,115341,7090,13327.00,13375.75,13298.25,13336.25,59138,3542,13335.75,13375.00,13290.50,13341.75,73719,3554,13361.50,13362.50,13290.50,13341.75,48220,1793,13342.00,13353.25,13310.00,13315.75,14423,1305,13108.25,13375.75,13084.75,13341.75,581169,23175
2021-05-12,NQM1,55260,13321.25,13351.75,12959.75,12965.25,747500,13321.25,13335.25,13314.25,13326.00,2876,932,13321.25,13351.75,13090.25,13135.75,181161,30374,13280.75,13338.00,13250.00,13275.75,46094,10562,13278.25,13279.50,13090.25,13135.75,68552,3483,13135.25,13231.50,13102.25,13127.00,124930,3599,13135.25,13231.50,13007.50,13011.50,258775,8986,13011.50,13089.25,12980.00,13016.50,128695,7107,13016.25,13072.50,12986.50,13046.50,55622,3534,13046.75,13047.00,12959.75,13000.50,97913,3589,13002.50,13034.50,12959.75,13000.50,62808,1798,13000.50,13023.00,12961.50,12964.00,25226,1653,13135.25,13231.50,12959.75,13000.50,541005,23216
2021-05-13,NQM1,55934,12968.75,13223.75,12915.00,13091.25,716426,12968.75,13015.75,12968.75,13009.00,5872,1477,12968.75,13135.50,12915.00,13119.00,167983,31307,13026.00,13083.75,12915.00,13055.25,76144,12875,13068.00,13135.50,13030.75,13119.00,29984,3147,13119.00,13213.75,13086.75,13177.25,127425,3600,13119.00,13223.75,13058.00,13068.00,263998,8989,13068.00,13147.00,12997.25,13043.00,134818,7134,13042.50,13156.25,13037.50,13131.75,66808,3563,13132.00,13169.50,13097.25,13101.00,65252,3575,13139.25,13169.50,13097.25,13101.00,37970,1792,13101.50,13108.50,13066.00,13089.75,17465,1341,13119.00,13223.75,12997.25,13101.00,530876,23261
2021-05-14,NQM1,50947,13095.00,13426.25,13071.00,13398.00,464835,13095.00,13109.25,13086.25,13093.50,3663,1004,13095.00,13260.50,13071.00,13228.50,118330,27444,13214.50,13260.50,13166.25,13232.75,38536,9219,13254.25,13254.25,13202.00,13228.50,21672,2829,13229.00,13309.00,13208.75,13300.00,98719,3596,13229.00,13346.75,13208.75,13332.50,169281,8847,13332.50,13373.00,13326.00,13366.50,55791,6446,13366.50,13426.25,13362.50,13414.75,40316,3321,13414.75,13422.75,13382.25,13397.50,62009,3503,13401.50,13422.75,13382.25,13397.50,41048,1763,13397.50,13402.50,13374.75,13399.00,19072,1371,13229.00,13426.25,13208.75,13397.50,327397,22117
2021-05-17,NQM1,49342,13380.25,13448.50,13182.75,13312.00,479943,13380.25,13448.50,13377.00,13407.75,7203,1429,13380.25,13448.50,13301.00,13315.25,99469,25386,13366.00,13393.00,13307.00,13311.50,33237,8697,13308.00,13327.75,13304.75,13315.25,11156,2290,13315.25,13343.00,13237.50,13293.50,105894,3592,13315.25,13343.00,13228.25,13240.75,197200,8919,13240.75,13268.00,13182.75,13209.75,78061,6881,13209.75,13259.75,13200.25,13259.00,38649,3441,13259.00,13304.50,13246.75,13304.00,54755,3550,13253.75,13304.50,13250.75,13304.00,30888,1782,13304.50,13316.75,13293.25,13312.25,11773,1155,13315.25,13343.00,13182.75,13304.00,368665,22791
2021-05-18,NQM1,45575,13308.50,13432.25,13178.50,13188.75,434380,13308.50,13319.75,13292.25,13295.50,3285,975,13308.50,13432.25,13290.00,13346.00,84206,21557,13418.25,13432.25,13366.00,13375.25,30833,7946,13377.25,13386.00,13336.75,13346.00,13655,2453,13345.75,13378.00,13300.00,13377.75,97633,3591,13345.75,13396.50,13300.00,13332.25,169068,8864,13332.00,13375.25,13326.25,13333.00,55329,6574,13332.75,13338.50,13240.00,13265.50,52962,3464,13265.75,13312.50,13217.25,13223.25,55146,3491,13293.75,13312.50,13217.25,13223.25,35887,1760,13223.25,13224.00,13178.50,13189.25,17544,1611,13345.75,13396.50,13217.25,13223.25,332505,22393
2021-05-19,NQM1,55263,13182.00,13243.00,12954.25,13218.75,659707,13182.00,13212.75,13181.50,13205.25,4285,1269,13182.00,13223.00,12954.25,12984.25,164497,31027,13145.00,13146.75,12994.50,13007.00,71591,12261,13018.00,13025.00,12954.25,12984.25,28872,3177,12983.75,13098.75,12969.50,13090.00,129224,3599,12983.75,13149.75,12969.50,13124.00,235324,8957,13124.00,13198.00,13115.00,13171.50,87375,6902,13170.50,13243.00,13103.25,13160.00,85807,3563,13160.25,13231.25,13124.25,13229.25,69539,3554,13209.75,13231.25,13149.25,13229.25,39006,1783,13229.25,13239.00,13198.50,13216.25,17138,1248,12983.75,13243.00,12969.50,13229.25,478045,22976
2021-05-20,NQM1,47959,13220.50,13522.75,13150.75,13489.25,459605,13220.50,13227.00,13185.25,13186.25,3562,976,13220.50,13297.50,13150.75,13292.50,104996,24324,13204.25,13259.75,13150.75,13229.00,42589,9485,13235.25,13297.50,13231.25,13292.50,19636,2721,13292.00,13422.00,13281.25,13419.75,96122,3585,13292.00,13503.75,13281.25,13488.00,179004,8839,13488.00,13497.75,13444.00,13477.50,75662,6669,13477.50,13512.00,13470.50,13504.50,26368,3228,13504.75,13522.75,13481.00,13490.25,56991,3470,13518.50,13522.75,13481.00,13490.25,38789,1769,13490.50,13506.00,13479.25,13490.75,16536,1416,13292.00,13522.75,13281.25,13490.25,338025,22206
2021-05-21,NQM1,45695,13492.50,13570.00,13395.75,13414.00,447710,13492.50,13503.50,13486.25,13497.25,2327,774,13492.50,13563.25,13486.25,13555.50,86376,22164,13521.25,13548.75,13500.50,13542.75,28426,7976,13538.50,13563.25,13515.00,13555.50,17705,2480,13555.50,13570.00,13476.00,13489.25,101433,3595,13555.50,13570.00,13414.75,13423.00,198340,8939,13423.25,13453.50,13398.25,13443.25,75645,6748,13443.00,13462.75,13413.25,13443.25,28813,3252,13443.25,13456.25,13395.75,13412.00,46206,3402,13449.25,13449.25,13395.75,13412.00,30691,1763,13411.75,13421.00,13399.50,13413.25,12239,1172,13555.50,13570.00,13395.75,13412.00,349004,22341
2021-05-24,NQM1,44056,13383.25,13686.00,13356.50,13649.50,360738,13383.25,13393.00,13356.50,13371.75,5889,1354,13383.25,13520.25,13356.50,13506.50,80163,21163,13430.75,13498.75,13425.75,13497.50,25711,6921,13506.25,13520.25,13502.50,13506.50,10379,2112,13506.75,13638.25,13493.50,13632.25,92278,3592,13506.75,13659.50,13493.50,13651.00,147720,8739,13651.50,13665.75,13629.00,13656.50,46871,6288,13656.50,13686.00,13656.25,13680.75,23312,3164,13680.50,13684.00,13632.50,13633.75,47594,3414,13669.50,13671.75,13632.50,13633.75,32724,1781,13633.75,13656.25,13631.25,13649.00,15016,1276,13506.75,13686.00,13493.50,13633.75,265497,21605
2021-05-25,NQM1,44601,13656.50,13738.75,13606.75,13668.25,432579,13656.50,13665.50,13636.25,13665.00,2598,830,13656.50,13738.75,13632.00,13702.25,79428,20933,13731.00,13736.00,13675.75,13712.50,28098,7301,13711.50,13717.50,13693.25,13702.25,9016,2070,13702.25,13732.50,13644.50,13668.00,95411,3587,13702.25,13732.50,13606.75,13643.25,193299,8950,13643.50,13662.50,13616.25,13646.25,66865,6693,13646.50,13654.50,13625.00,13643.25,33296,3328,13643.50,13658.50,13620.00,13658.25,50941,3506,13651.00,13658.50,13631.00,13658.25,30003,1777,13658.25,13667.50,13650.50,13667.50,8655,1170,13702.25,13732.50,13606.75,13658.25,344401,22477
2021-05-26,NQM1,42868,13670.25,13728.50,13656.00,13702.75,338625,13670.25,13701.75,13663.50,13696.00,4451,1087,13670.25,13728.50,13663.50,13684.00,75324,20054,13711.75,13728.50,13672.50,13713.00,29408,7705,13723.00,13724.00,13677.75,13684.00,11952,2139,13684.25,13708.75,13656.00,13697.50,76417,3585,13684.25,13718.00,13656.00,13714.50,137682,8766,13714.25,13724.75,13675.75,13685.25,57609,6484,13685.00,13711.50,13683.25,13702.75,21940,3117,13702.75,13708.75,13677.75,13696.00,36377,3321,13702.50,13704.75,13677.75,13696.00,23189,1715,13696.00,13709.25,13694.00,13705.00,9600,1112,13684.25,13724.75,13656.00,13696.00,253608,21688
2021-05-27,NQM1,45090,13702.50,13720.75,13620.25,13692.75,385903,13702.50,13717.25,13698.25,13705.25,3080,905,13702.50,13717.25,13620.25,13686.00,87586,21879,13653.50,13663.50,13620.25,13660.50,28873,7827,13639.75,13698.75,13622.00,13686.00,19869,2740,13685.75,13702.25,13644.00,13695.50,88536,3591,13685.75,13720.75,13644.00,13710.75,163775,8863,13710.25,13713.50,13679.00,13686.25,47444,6222,13685.75,13688.25,13650.25,13663.75,31013,3291,13664.00,13676.75,13646.75,13676.00,40637,3429,13657.25,13676.75,13647.50,13676.00,26362,1753,13675.75,13693.50,13650.00,13692.75,15406,1393,13685.75,13720.75,13644.00,13676.00,282869,21805
2021-05-28,NQM1,41457,13694.75,13763.50,13662.75,13686.50,362307,13694.75,13697.75,13685.25,13692.00,1831,623,13694.75,13726.00,13662.75,13701.00,66647,18633,13674.75,13726.00,13666.75,13712.50,23824,6738,13694.00,13706.50,13680.00,13701.00,12708,2266,13701.00,13739.75,13694.50,13697.50,86066,3587,13701.00,13750.00,13694.50,13749.00,143478,8730,13749.00,13763.50,13706.75,13713.75,62937,6428,13714.00,13738.50,13707.25,13733.00,24625,3096,13733.00,13733.50,13684.25,13690.00,50082,3358,13726.00,13730.75,13684.25,13690.00,36139,1750,13690.00,13699.50,13682.00,13687.50,14484,1197,13701.00,13763.50,13684.25,13690.00,281122,21612
2021-05-31,NQM1,15839,13699.00,13719.50,13651.50,13654.75,48323,13699.00,13716.50,13695.50,13712.25,2249,728,13699.00,13719.50,13657.00,13678.25,35601,11765,13697.50,13712.00,13657.00,13672.25,13193,4359,13674.00,13683.50,13670.50,13678.25,2840,955,13677.75,13680.00,13663.75,13669.25,4929,1496,13677.75,13680.00,13661.50,13671.25,9375,3113,13671.25,13674.50,13651.50,13654.75,3347,961,,,,,0,0,,,,,0,0,,,,,0,0,,,,,0,0,13677.75,13680.00,13651.50,13654.75,12722,4074
2021-06-01,NQM1,42488,13660.50,13773.00,13592.25,13647.50,395687,13660.50,13684.00,13655.00,13682.25,2947,821,13660.50,13756.75,13655.00,13750.75,69220,19730,13707.50,13756.75,13696.00,13740.75,31102,8154,13746.00,13751.50,13729.75,13750.75,9905,2153,13751.25,13773.00,13628.75,13660.50,109937,3596,13751.25,13773.00,13592.25,13659.00,194487,8860,13659.00,13675.50,13636.00,13661.75,58323,6397,13661.75,13693.25,13653.00,13688.50,25777,3138,13688.25,13690.50,13646.25,13648.25,37690,3296,13670.50,13671.00,13646.25,13648.25,25320,1732,13648.25,13656.50,13642.50,13648.00,10161,1057,13751.25,13773.00,13592.25,13648.25,316277,21691
2021-06-02,NQM1,41909,13653.25,13712.75,13603.25,13677.00,369647,13653.25,13653.25,13623.00,13625.50,3513,992,13653.25,13676.50,13616.75,13667.50,64275,18591,13642.00,13658.00,13616.75,13652.00,24519,7087,13669.75,13676.50,13662.00,13667.50,10601,2071,13667.25,13708.50,13651.75,13697.00,89591,3588,13667.25,13712.75,13651.75,13694.25,153706,8762,13694.00,13699.00,13613.25,13626.00,71276,6648,13625.50,13640.75,13603.25,13637.75,31790,3297,13637.25,13671.75,13626.00,13671.00,37471,3321,13639.00,13671.75,13632.00,13671.00,26823,1733,13670.50,13678.50,13663.00,13677.75,11013,1270,13667.25,13712.75,13603.25,13671.00,294243,22028
2021-06-03,NQM1,45547,13679.50,13707.75,13462.25,13530.25,546891,13679.50,13687.00,13676.00,13680.00,2050,707,13679.50,13707.75,13511.00,13556.75,108836,21867,13663.25,13668.75,13518.25,13533.25,55990,9768,13531.25,13564.00,13523.25,13556.75,17520,2737,13556.50,13569.75,13462.25,13520.25,130212,3596,13556.50,13609.50,13462.25,13547.25,262833,8942,13547.25,13594.00,13532.75,13565.25,87694,6802,13566.00,13574.25,13532.00,13533.25,30203,3310,13533.25,13554.00,13519.50,13530.25,46160,3433,13543.25,13554.00,13519.50,13530.25,29520,1760,13530.50,13536.00,13517.25,13530.50,11113,1179,13556.50,13609.50,13462.25,13530.25,426890,22487
2021-06-04,NQM1,46928,13531.75,13783.75,13467.75,13763.25,435765,13531.75,13541.75,13516.00,13524.25,3128,948,13531.75,13617.25,13467.75,13610.50,130447,24315,13515.00,13556.50,13500.00,13555.00,35503,8351,13549.50,13617.25,13526.75,13610.50,46439,3179,13609.50,13750.75,13605.50,13730.00,108242,3590,13609.50,13769.50,13605.50,13755.50,175077,8802,13755.50,13778.00,13746.50,13774.50,44145,6069,13774.50,13783.75,13771.25,13774.50,25094,3024,13774.25,13783.50,13756.25,13767.75,46153,3315,13766.75,13783.50,13756.25,13767.75,33510,1739,13767.50,13769.50,13756.25,13764.25,14811,1386,13609.50,13783.75,13605.50,13767.75,290469,21210
2021-06-07,NQM1,44682,13773.25,13824.00,13691.50,13822.75,386471,13773.25,13784.75,13768.00,13774.00,3871,1060,13773.25,13784.75,13691.50,13738.50,89843,21908,13740.00,13759.75,13691.50,13753.25,42921,9434,13749.75,13769.25,13731.25,13738.50,14862,2431,13739.00,13764.50,13712.50,13735.25,90535,3589,13739.00,13764.50,13712.50,13739.75,168770,8857,13740.25,13766.00,13732.75,13740.25,50171,6201,13740.00,13785.75,13737.50,13776.75,24346,3042,13776.75,13808.50,13776.00,13805.50,43286,3417,13801.50,13807.00,13780.50,13805.50,26033,1740,13805.25,13823.25,13801.00,13821.75,9974,1242,13739.00,13808.50,13712.50,13805.50,286573,21517
2021-06-08,NQM1,47018,13823.00,13917.25,13741.75,13812.75,475550,13823.00,13826.25,13812.00,13814.50,2408,776,13823.00,13896.75,13785.50,13883.25,120073,24030,13824.75,13878.00,13785.50,13876.00,60881,10360,13890.00,13895.50,13870.25,13883.25,15839,2451,13883.25,13917.25,13822.75,13830.75,111025,3598,13883.25,13917.25,13741.75,13786.75,225910,8957,13786.75,13824.50,13777.50,13802.25,60058,6612,13802.00,13833.00,13794.25,13829.50,23793,3107,13829.25,13838.00,13806.50,13813.75,38165,3317,13819.25,13826.75,13806.50,13813.75,22675,1714,13813.75,13818.50,13806.25,13812.50,7520,986,13883.25,13917.25,13741.75,13813.75,347926,21993
2021-06-09,NQM1,42925,13813.00,13904.25,13803.50,13811.50,370476,13813.00,13822.50,13803.50,13822.00,1943,710,13813.00,13877.50,13803.50,13870.75,76553,20362,13823.50,13864.00,13813.25,13857.25,36738,9160,13850.25,13877.50,13846.75,13870.75,13021,2158,13871.00,13904.25,13825.25,13852.25,105340,3592,13871.00,13904.25,13817.25,13831.00,162961,8746,13831.00,13876.25,13825.25,13859.00,51092,6326,13859.25,13870.50,13839.25,13841.00,26121,3075,13841.00,13844.50,13808.50,13819.25,43689,3328,13826.00,13829.75,13808.50,13819.25,27058,1731,13819.50,13820.75,13809.25,13812.50,10015,1079,13871.00,13904.25,13808.50,13819.25,283863,21475
2021-06-10,NQM1,44521,13817.00,13976.50,13726.00,13973.50,463041,13817.00,13824.00,13814.25,13817.75,1779,617,13817.00,13851.50,13726.00,13829.50,125153,21549,13801.75,13806.75,13746.00,13775.25,45097,9230,13785.75,13851.50,13726.00,13829.50,49529,3254,13829.50,13964.75,13811.25,13931.50,104836,3585,13829.50,13964.75,13811.25,13921.25,208269,8888,13921.25,13959.00,13913.25,13958.25,60780,6519,13958.00,13959.75,13935.25,13955.50,22836,3105,13955.50,13963.00,13930.50,13961.75,34462,3330,13947.00,13963.00,13930.50,13961.75,20774,1695,13962.00,13976.50,13956.00,13972.00,11500,1116,13829.50,13964.75,13811.25,13961.75,326347,21842
2021-06-11,NQM1,36999,13975.50,13997.75,13932.25,13992.75,208722,13975.50,13978.50,13965.50,13968.25,1836,664,13975.50,13997.75,13947.50,13963.00,57268,17849,13969.50,13997.75,13947.50,13977.25,25703,7404,13978.00,13982.25,13958.50,13963.00,8806,2056,13963.25,13985.50,13941.25,13978.00,52785,3531,13963.25,13985.50,13932.25,13958.25,93588,8367,13958.50,13961.75,13938.25,13956.50,22635,4900,13956.50,13983.50,13956.25,13976.25,10623,2284,13976.25,13985.00,13953.25,13984.25,18765,2801,13961.00,13985.00,13955.00,13984.25,11433,1449,13984.50,13996.75,13983.25,13991.25,5792,784,13963.25,13985.50,13932.25,13984.25,145611,18352
2021-06-14,NQU1,35507,13991.00,14126.00,13957.00,14109.75,292887,13991.00,14015.25,13990.00,14010.00,2233,611,13991.00,14043.25,13990.00,14006.75,44962,13419,14010.25,14043.25,14003.25,14029.00,19923,5959,14019.25,14022.25,13997.75,14006.75,8181,1794,14006.50,14037.50,13957.00,13998.00,77209,3572,14006.50,14037.50,13957.00,14032.25,128618,8681,14033.00,14064.75,14028.75,14057.75,45658,6018,14057.50,14064.75,14048.25,14056.75,16757,2852,14057.00,14111.50,14044.50,14111.50,44032,3329,14063.00,14111.50,14059.25,14111.50,32531,1760,14111.50,14126.00,14107.75,14109.75,12808,1197,14006.50,14111.50,13957.00,14111.50,235065,20880
2021-06-15,NQU1,39464,14111.00,14155.25,14000.75,14037.75,374718,14111.00,14115.50,14103.25,14109.25,1918,567,14111.00,14155.25,14097.25,14109.50,63852,16626,14138.75,14154.25,14120.75,14140.50,19219,5787,14141.75,14141.75,14097.25,14109.50,14705,2460,14110.00,14122.50,14055.50,14060.25,101272,3595,14110.00,14122.50,14027.50,14053.75,168276,8818,14053.75,14065.25,14022.00,14038.75,50271,6363,14039.00,14046.75,14007.50,14024.00,30117,3169,14023.75,14045.25,14000.75,14018.25,53987,3449,14013.25,14045.25,14000.75,14018.25,37392,1784,14018.25,14041.00,14014.50,14036.25,8181,1031,14110.00,14122.50,14000.75,14018.25,302651,21799
2021-06-16,NQU1,38693,14039.00,14095.75,13830.25,13930.75,527438,14039.00,14042.25,14032.00,14034.75,1388,506,14039.00,14055.75,14018.50,14052.00,47215,14502,14040.50,14048.75,14024.00,14031.25,19197,5933,14037.50,14055.75,14037.25,14052.00,8849,1874,14051.50,14095.75,14042.50,14082.00,77475,3572,14051.50,14095.75,14023.75,14024.75,140311,8756,14024.75,14039.50,13975.75,14018.25,79237,6631,14018.00,14019.00,13830.25,13914.75,160349,3596,13914.75,14030.75,13907.00,13975.50,86249,3594,13996.00,14030.75,13972.00,13975.50,41842,1794,13975.75,13983.75,13933.75,13934.00,13915,1588,14051.50,14095.75,13830.25,13975.50,466146,22577
2021-06-17,NQU1,50627,13941.00,14199.00,13841.75,14177.00,626407,13941.00,13941.00,13914.00,13917.75,6574,1418,13941.00,13941.00,13841.75,13936.00,112794,26107,13902.50,13933.25,13867.50,13903.25,39676,9260,13895.75,13939.00,13893.00,13936.00,15785,2625,13936.25,14096.50,13932.00,14093.00,123685,3597,13936.25,14191.50,13932.00,14136.25,257815,8974,14136.25,14188.00,14060.00,14167.75,137596,7097,14168.00,14181.50,14151.50,14168.25,36173,3412,14167.75,14199.00,14153.50,14163.25,64890,3513,14184.50,14199.00,14162.50,14163.25,42490,1783,14163.25,14183.50,14149.00,14175.00,17083,1507,13936.25,14199.00,13932.00,14163.25,496474,22996
2021-06-18,NQU1,46953,14180.00,14204.75,14010.00,14017.75,559139,14180.00,14190.00,14170.00,14188.00,2398,667,14180.00,14204.75,14051.00,14086.25,114533,22645,14192.25,14197.25,14134.50,14156.75,33858,8943,14071.50,14110.00,14061.50,14086.25,28412,3208,14086.25,14131.50,14044.50,14106.75,133238,3598,14086.25,14131.50,14010.00,14045.00,247696,8948,14045.25,14109.25,14044.00,14075.75,72424,6728,14075.25,14099.75,14035.00,14037.00,36748,3331,14037.00,14092.75,14023.50,14034.50,62180,3543,14079.25,14092.75,14033.50,14034.50,34472,1769,14034.75,14049.00,14015.00,14017.25,25477,1742,14086.25,14131.50,14010.00,14034.50,419048,22550
2021-06-21,NQU1,52714,14022.75,14144.00,13958.50,14137.50,497728,14022.75,14047.25,14010.00,14042.00,5785,1551,14022.75,14126.75,13983.75,14054.00,131406,29332,14054.00,14126.75,14037.50,14076.50,59513,11708,14058.25,14074.50,14048.00,14054.00,13321,2516,14054.25,14079.25,13958.50,14042.50,139458,3599,14054.25,14133.00,13958.50,14116.00,225599,8902,14115.50,14144.00,14097.00,14134.75,57241,6568,14135.00,14138.50,14112.00,14123.00,26208,3266,14122.75,14136.00,14097.25,14132.75,45126,3454,14108.25,14136.00,14105.00,14132.75,27026,1748,14132.75,14141.00,14123.50,14136.25,12118,1182,14054.25,14144.00,13958.50,14132.75,354174,22190
2021-06-22,NQU1,45093,14136.75,14279.25,14066.50,14268.50,416591,14136.75,14141.75,14128.50,14131.75,1841,555,14136.75,14179.00,14066.50,14117.25,84174,21891,14122.00,14179.00,14066.50,14169.25,39185,9868,14151.25,14157.00,14112.00,14117.25,15125,2647,14117.00,14176.75,14107.50,14167.25,109342,3595,14117.00,14215.00,14107.50,14197.50,182169,8829,14197.25,14233.00,14196.50,14222.50,50545,6295,14222.25,14239.75,14209.25,14238.00,27339,3175,14238.00,14279.25,14235.25,14258.50,59985,3520,14275.75,14279.25,14253.00,14258.50,31269,1763,14258.50,14278.50,14254.50,14269.00,12314,1366,14117.00,14279.25,14107.50,14258.50,320038,21819
2021-06-23,NQU1,43010,14274.00,14315.75,14231.75,14274.25,360210,14274.00,14274.00,14264.25,14267.75,1961,660,14274.00,14313.75,14239.00,14258.00,72622,20293,14291.75,14297.25,14239.00,14263.25,32287,8671,14271.25,14275.50,14252.25,14258.00,9248,1964,14258.50,14315.75,14254.00,14299.50,85958,3585,14258.50,14315.75,14250.25,14282.25,159701,8830,14282.50,14290.25,14231.75,14281.50,54603,6298,14281.75,14287.00,14262.50,14277.00,23062,3084,14277.25,14293.75,14253.50,14261.00,40602,3414,14292.50,14293.75,14253.50,14261.00,26234,1764,14260.75,14277.25,14259.75,14273.75,9566,1077,14258.50,14315.75,14231.75,14261.00,277968,21626
2021-06-24,NQU1,42148,14275.25,14422.00,14270.00,14359.00,405545,14275.25,14282.00,14270.00,14279.00,1435,523,14275.25,14358.75,14270.00,14350.50,65519,18465,14298.50,14358.75,14295.50,14346.75,31800,8218,14354.50,14356.00,14336.50,14350.50,9754,2114,14351.00,14399.50,14344.00,14398.00,89431,3587,14351.00,14411.75,14344.00,14397.00,149209,8755,14397.00,14422.00,14327.25,14354.50,94093,6880,14354.75,14380.00,14351.75,14368.50,31648,3243,14368.25,14372.25,14332.00,14353.00,52971,3460,14342.25,14359.00,14332.00,14353.00,34020,1779,14353.50,14361.75,14348.75,14357.50,12031,1328,14351.00,14422.00,14327.25,14353.00,327921,22338
2021-06-25,NQU1,41528,14365.75,14394.25,14313.25,14331.00,375514,14365.75,14367.00,14350.75,14364.00,2176,727,14365.75,14394.25,14332.00,14377.75,67405,18307,14360.75,14392.00,14344.50,14362.50,23266,6785,14358.25,14394.25,14351.00,14377.75,16917,2485,14378.00,14390.50,14313.25,14371.00,103308,3590,14378.00,14390.50,14313.25,14356.00,167049,8756,14356.50,14357.25,14317.75,14327.50,52400,6419,14327.00,14354.50,14321.75,14352.00,27860,3188,14352.00,14358.50,14318.50,14339.25,46138,3386,14341.00,14353.25,14318.50,14339.25,31526,1741,14339.25,14345.00,14322.25,14331.00,14641,1462,14378.00,14390.50,14313.25,14339.25,293447,21749
2021-06-28,NQU1,41747,14350.00,14519.75,14333.25,14502.75,370578,14350.00,14366.75,14337.00,14363.75,3767,1160,14350.00,14396.50,14333.25,14391.25,60828,18355,14358.50,14389.00,14352.00,14381.25,27109,7776,14382.25,14396.50,14381.00,14391.25,8664,1873,14391.25,14482.00,14390.75,14464.50,99858,3589,14391.25,14488.00,14390.75,14473.25,159685,8749,14472.75,14495.00,14457.75,14464.25,55056,6455,14464.75,14503.75,14459.50,14501.75,27588,3062,14502.00,14519.75,14489.00,14514.75,52874,3486,14507.75,14519.75,14497.50,14514.75,27766,1753,14514.75,14515.00,14496.50,14501.50,14477,1627,14391.25,14519.75,14390.75,14514.75,295203,21752
2021-06-29,NQU1,42673,14504.50,14584.75,14468.75,14582.75,355298,14504.50,14504.50,14491.25,14492.75,2013,656,14504.50,14513.50,14468.75,14506.25,67487,19261,14480.00,14513.50,14468.75,14490.50,28126,8210,14487.75,14507.00,14476.50,14506.25,12145,2361,14506.50,14529.50,14470.50,14496.25,89853,3586,14506.50,14532.50,14470.50,14522.75,154551,8825,14522.75,14554.50,14514.75,14551.25,52376,6350,14551.50,14562.50,14530.25,14546.25,29368,3261,14546.25,14566.75,14540.50,14563.00,36849,3346,14556.50,14566.75,14551.50,14563.00,22589,1697,14563.25,14584.75,14560.50,14582.50,14589,1616,14506.50,14566.75,14470.50,14563.00,273144,21782
2021-06-30,NQU1,42790,14584.75,14598.50,14518.25,14555.50,378438,14584.75,14588.75,14575.00,14578.75,2205,636,14584.75,14598.50,14527.00,14558.00,70987,19693,14574.00,14590.75,14527.00,14561.50,36802,9334,14548.00,14563.50,14546.00,14558.00,8958,2004,14558.50,14572.50,14519.75,14554.25,96647,3585,14558.50,14576.75,14519.75,14558.00,164173,8820,14557.50,14560.00,14518.25,14549.25,51165,6137,14549.50,14551.75,14528.75,14545.00,25627,3163,14545.00,14570.00,14536.00,14550.50,50667,3422,14555.50,14570.00,14536.00,14550.50,36876,1765,14550.75,14561.00,14541.50,14556.00,15772,1542,14558.50,14576.75,14518.25,14550.50,291632,21542
2021-07-01,NQU1,44263,14558.50,14606.25,14471.00,14540.00,431440,14558.50,14562.75,14554.25,14560.00,1827,597,14558.50,14606.25,14498.25,14525.75,82791,20848,14550.75,14606.25,14498.25,14542.25,46813,10262,14537.00,14546.75,14525.00,14525.75,11539,2467,14525.75,14570.00,14508.00,14531.25,97760,3584,14525.75,14570.00,14471.00,14516.75,192504,8867,14517.00,14532.50,14488.00,14515.50,67716,6587,14515.25,14548.50,14510.75,14541.00,33997,3252,14540.75,14553.25,14528.00,14547.00,43489,3410,14535.50,14553.25,14528.00,14547.00,27195,1754,14546.75,14552.00,14533.50,14539.25,10898,1285,14525.75,14570.00,14471.00,14547.00,337706,22116
2021-07-02,NQU1,42384,14543.75,14729.00,14513.25,14701.00,384271,14543.75,14543.75,14532.00,14537.25,1461,518,14543.75,14648.75,14513.25,14631.75,97290,19509,14527.25,14601.75,14527.25,14595.00,35394,8231,14600.75,14648.75,14581.25,14631.75,36707,3163,14632.25,14665.25,14619.25,14649.00,83939,3577,14632.25,14677.00,14619.25,14667.75,151210,8775,14667.75,14694.00,14655.75,14691.50,55344,6294,14691.50,14698.00,14682.75,14689.50,21246,2885,14689.50,14729.00,14686.25,14713.00,44395,3280,14705.25,14729.00,14704.50,14713.00,30008,1703,14712.75,14717.50,14698.25,14701.50,14755,1629,14632.25,14729.00,14619.25,14713.00,272195,21234
2021-07-05,NQU1,17069,14704.25,14721.75,14674.50,14693.25,49177,14704.25,14721.75,14701.00,14714.25,2505,748,14704.25,14721.75,14674.50,14704.75,36114,13437,14692.75,14710.50,14674.50,14699.75,15394,5414,14704.00,14714.00,14699.75,14704.75,2890,1013,14704.75,14704.75,14692.50,14697.25,6362,1616,14704.75,14704.75,14692.50,14694.00,11230,3003,14694.50,14697.00,14689.25,14693.25,1833,629,,,,,0,0,,,,,0,0,,,,,0,0,,,,,0,0,14704.75,14704.75,14689.25,14693.25,13063,3632
2021-07-06,NQU1,44226,14694.75,14790.00,14625.25,14763.75,498391,14694.75,14714.00,14693.25,14708.00,2064,733,14694.75,14749.00,14671.00,14741.25,75473,20348,14700.25,14743.75,14671.00,14733.25,36343,8697,14735.75,14749.00,14732.00,14741.25,10534,2206,14741.25,14790.00,14738.00,14768.00,107475,3593,14741.25,14790.00,14701.75,14720.75,220701,8942,14720.25,14741.00,14625.25,14734.00,110709,6881,14734.00,14756.00,14727.50,14745.00,33400,3244,14745.00,14784.00,14742.25,14776.50,46227,3376,14774.75,14784.00,14765.75,14776.50,28995,1741,14776.75,14779.00,14759.00,14763.00,11799,1417,14741.25,14790.00,14625.25,14776.50,411037,22443
2021-07-07,NQU1,44847,14764.50,14883.75,14726.25,14810.25,467768,14764.50,14772.75,14760.50,14765.00,2360,783,14764.50,14878.00,14754.00,14870.75,85494,21198,14782.00,14867.25,14781.25,14858.00,44797,9391,14862.25,14878.00,14849.50,14870.75,11193,2339,14870.50,14883.75,14793.00,14799.50,114097,3594,14870.50,14883.75,14726.25,14813.50,235857,8970,14813.50,14827.25,14770.75,14793.75,58759,6593,14793.75,14827.75,14783.75,14814.75,43103,3423,14815.25,14822.25,14791.50,14801.00,35579,3432,14798.00,14815.75,14791.50,14801.00,22527,1754,14800.75,14811.75,14794.00,14810.50,8928,1217,14870.50,14883.75,14726.25,14801.00,373298,22418
2021-07-08,NQU1,52705,14812.00,14822.00,14540.50,14713.00,627177,14812.00,14813.50,14804.25,14812.25,1498,522,14812.00,14822.00,14544.00,14591.25,166622,28377,14765.25,14769.00,14569.50,14587.00,99049,14547,14585.75,14618.25,14574.50,14591.25,24046,3151,14591.25,14651.50,14540.50,14647.50,154295,3599,14591.25,14686.75,14540.50,14676.25,272397,8978,14676.00,14755.00,14662.25,14735.00,81680,6945,14735.25,14738.25,14686.25,14704.00,36950,3402,14704.25,14719.75,14659.50,14706.00,54045,3502,14693.75,14718.25,14659.50,14706.00,34547,1778,14706.00,14726.25,14697.00,14715.25,15385,1482,14591.25,14755.00,14540.50,14706.00,445072,22827
2021-07-09,NQU1,49077,14710.25,14832.00,14640.75,14814.25,418443,14710.25,14715.50,14691.25,14697.75,2716,837,14710.25,14742.75,14640.75,14691.50,102434,25929,14694.00,14742.75,14667.75,14725.50,44713,10468,14723.25,14726.00,14686.25,14691.50,12836,2486,14691.75,14734.75,14668.00,14718.50,103317,3592,14691.75,14810.75,14668.00,14798.00,185839,8890,14798.25,14832.00,14796.00,14808.25,59185,6507,14808.25,14823.75,14796.75,14821.75,21223,3017,14822.00,14828.00,14801.75,14812.00,36383,3289,14814.25,14828.00,14801.75,14812.00,25706,1726,14812.00,14815.00,14802.75,14813.75,13343,1433,14691.75,14832.00,14668.00,14812.00,302630,21703
2021-07-12,NQU1,42913,14824.00,14888.50,14785.00,14876.00,357788,14824.00,14843.00,14824.00,14831.25,3016,807,14824.00,14882.00,14785.00,14870.50,76661,20428,14819.25,14852.50,14785.00,14843.25,35540,8883,14866.50,14882.00,14862.25,14870.50,11499,2277,14870.25,14888.50,14802.25,14832.50,111369,3590,14870.25,14888.50,14802.25,14843.50,174318,8799,14843.50,14848.75,14822.25,14835.00,37005,6056,14835.00,14862.00,14834.50,14851.00,20571,2953,14851.25,14872.25,14847.00,14865.25,38040,3267,14861.00,14872.25,14855.00,14865.25,26457,1735,14865.75,14883.00,14865.75,14877.50,11133,1390,14870.25,14888.50,14802.25,14865.25,269934,21075
2021-07-13,NQU1,42613,14880.00,14994.75,14794.50,14865.00,502549,14880.00,14880.00,14868.00,14869.50,1609,562,14880.00,14927.50,14794.50,14854.00,107608,18742,14865.25,14927.50,14850.25,14913.75,32686,7724,14912.50,14913.25,14794.50,14854.00,53710,3390,14854.25,14955.50,14842.25,14952.50,100129,3592,14854.25,14994.75,14842.25,14986.75,165448,8764,14986.75,14990.50,14856.75,14891.25,100018,6651,14891.25,14909.25,14833.50,14902.50,61766,3525,14902.75,14904.25,14848.50,14859.75,55982,3494,14874.25,14892.25,14848.50,14859.75,35577,1773,14859.50,14874.50,14854.00,14865.75,11679,1420,14854.25,14994.75,14833.50,14859.75,383214,22434
2021-07-14,NQU1,45600,14869.75,14996.00,14841.25,14896.75,495642,14869.75,14877.50,14860.50,14870.75,2012,671,14869.75,14975.00,14841.25,14970.00,89194,21623,14860.50,14939.50,14855.75,14935.00,36003,8729,14927.50,14975.00,14922.75,14970.00,19089,2646,14969.75,14996.00,14935.00,14950.50,108485,3597,14969.75,14996.00,14862.00,14864.50,219825,8968,14864.50,14947.00,14862.50,14905.75,86149,6888,14906.25,14942.25,14905.00,14928.50,27867,3269,14928.75,14947.75,14881.50,14883.75,59264,3499,14906.00,14928.00,14881.50,14883.75,39352,1784,14884.25,14908.75,14883.25,14895.25,13295,1338,14969.75,14996.00,14862.00,14883.75,393105,22624
2021-07-15,NQU1,48136,14895.00,14962.75,14708.25,14776.50,621837,14895.00,14903.75,14892.25,14900.00,1865,623,14895.00,14962.75,14864.00,14893.50,102668,23632,14919.00,14962.75,14864.00,14894.00,54907,11144,14891.75,14907.75,14883.25,14893.50,15907,2603,14894.00,14902.25,14785.75,14805.50,137052,3597,14894.00,14902.25,14753.00,14773.00,259275,8960,14773.00,14798.75,14708.25,14710.50,125815,7108,14710.25,14781.50,14709.25,14772.50,52069,3508,14772.50,14801.50,14754.00,14784.75,68503,3536,14771.75,14801.50,14764.75,14784.75,46550,1778,14784.75,14794.50,14764.25,14776.00,13461,1381,14894.00,14902.25,14708.25,14784.75,505662,23112
2021-07-16,NQU1,46433,14778.50,14869.50,14656.00,14668.50,532082,14778.50,14780.00,14766.75,14776.25,1980,632,14778.50,14852.75,14736.00,14837.50,84959,21786,14784.75,14826.00,14767.50,14813.00,34542,8781,14828.00,14852.75,14816.50,14837.50,16290,2572,14837.75,14869.50,14739.50,14758.75,122571,3596,14837.75,14869.50,14695.75,14726.00,243287,8980,14726.50,14783.00,14724.00,14739.50,72439,6841,14739.75,14743.50,14702.25,14703.25,44530,3431,14703.00,14714.25,14656.00,14672.25,70781,3571,14685.50,14690.25,14656.00,14672.25,42686,1795,14672.00,14680.00,14659.00,14670.00,15905,1801,14837.75,14869.50,14656.00,14672.25,431037,22823
2021-07-19,NQU1,55519,14675.00,14682.50,14445.00,14592.25,708070,14675.00,14682.50,14651.50,14661.50,5630,1397,14675.00,14682.50,14503.75,14529.75,150584,30280,14656.00,14667.25,14523.50,14547.75,70198,12564,14530.75,14551.00,14522.25,14529.75,19405,2978,14530.00,14573.50,14456.25,14504.75,162302,3600,14530.00,14574.50,14445.00,14538.75,283670,8977,14538.75,14540.25,14447.25,14465.00,116107,7103,14464.75,14520.25,14462.25,14485.50,51272,3545,14486.00,14535.25,14455.25,14529.25,80857,3588,14472.25,14535.25,14455.25,14529.25,49140,1797,14529.50,14597.50,14527.75,14594.50,25506,2006,14530.00,14574.50,14445.00,14529.25,531906,23213
2021-07-20,NQU1,50708,14593.75,14782.50,14516.75,14726.75,521594,14593.75,14599.75,14578.25,14590.50,2821,869,14593.75,14644.50,14571.25,14590.50,107262,26299,14629.50,14643.00,14582.50,14609.50,44048,10336,14606.25,14609.75,14571.25,14590.50,14093,2493,14590.25,14615.50,14516.75,14596.00,124206,3597,14590.25,14704.75,14516.75,14703.00,213227,8932,14702.50,14745.00,14700.75,14724.00,80787,6910,14724.50,14767.00,14722.00,14754.25,36130,3393,14754.00,14782.50,14721.00,14725.25,58828,3434,14771.50,14781.50,14721.00,14725.25,39411,1754,14725.25,14731.00,14686.00,14724.25,25314,1723,14590.25,14782.50,14516.75,14725.25,388972,22669
2021-07-21,NQU1,48036,14729.75,14839.50,14668.25,14838.25,397617,14729.75,14744.00,14724.00,14732.50,3093,923,14729.75,14765.75,14668.25,14701.25,97969,24604,14730.50,14765.75,14668.25,14678.75,42729,10065,14701.50,14712.75,14688.00,14701.25,14465,2555,14701.25,14767.75,14692.25,14757.00,95725,3596,14701.25,14785.75,14692.25,14778.25,167253,8905,14778.50,14789.50,14735.00,14778.50,52948,6533,14778.50,14787.00,14766.50,14786.50,20690,3149,14786.50,14827.50,14777.00,14827.00,43656,3386,14793.00,14827.50,14777.00,14827.00,29131,1740,14826.75,14839.50,14820.75,14838.25,15075,1446,14701.25,14827.50,14692.25,14827.00,284547,21973
2021-07-22,NQU1,42516,14836.75,14982.75,14826.75,14977.00,417799,14836.75,14838.00,14826.75,14833.75,1963,703,14836.75,14879.25,14826.75,14842.25,59757,17966,14865.75,14879.25,14837.75,14850.00,24623,7169,14850.00,14854.25,14829.25,14842.25,11513,2540,14842.00,14908.50,14839.50,14902.50,104337,3596,14842.00,14923.25,14839.50,14905.50,182555,8942,14905.50,14912.25,14850.50,14907.75,82164,6752,14907.50,14926.50,14901.25,14922.25,31116,3297,14922.25,14929.75,14909.25,14928.50,40969,3398,14928.25,14929.75,14909.25,14928.50,27189,1755,14928.50,14982.75,14926.25,14978.75,21143,2145,14842.00,14929.75,14839.50,14928.50,336804,22389
2021-07-23,NQU1,43433,14979.50,15117.25,14934.25,15091.25,440826,14979.50,14984.75,14970.00,14977.00,3119,990,14979.50,15015.50,14964.50,14984.25,67540,19386,14980.75,15015.50,14965.50,14982.75,28944,7991,14982.00,14988.00,14966.25,14984.25,11459,2331,14984.00,15004.75,14934.25,14999.50,108666,3594,14984.00,15080.50,14934.25,15072.25,203555,8920,15071.75,15113.75,15058.75,15101.00,73069,6786,15101.00,15114.00,15094.50,15101.00,25793,3199,15101.00,15117.25,15082.75,15098.00,55697,3506,15093.50,15117.25,15092.25,15098.00,37904,1786,15098.25,15103.75,15086.75,15091.75,15110,1618,14984.00,15117.25,14934.25,15098.00,358114,22411
2021-07-26,NQU1,46309,15098.00,15134.00,15038.75,15124.50,387258,15098.00,15111.00,15092.50,15108.75,2891,865,15098.00,15126.25,15038.75,15076.25,85316,22930,15101.25,15106.50,15038.75,15084.00,37030,9106,15070.75,15081.75,15056.50,15076.25,8618,2092,15076.25,15117.25,15040.25,15092.50,105090,3591,15076.25,15129.00,15040.25,15128.50,173618,8853,15128.75,15134.00,15083.75,15107.50,55478,6595,15107.25,15121.75,15092.50,15119.25,23216,3127,15119.50,15124.50,15096.50,15116.75,36046,3356,15124.00,15124.50,15096.50,15116.75,24267,1767,15116.75,15128.75,15111.75,15122.50,13488,1432,15076.25,15134.00,15040.25,15116.75,288358,21931
2021-07-27,NQU1,45222,15125.25,15131.50,14774.25,14884.75,664412,15125.25,15126.00,15113.75,15121.00,1735,566,15125.25,15131.50,15052.00,15107.00,72369,19595,15099.75,15131.50,15052.00,15117.50,38907,9089,15115.75,15127.50,15099.75,15107.00,9865,2135,15107.00,15107.25,14951.25,14989.25,139880,3594,15107.00,15107.25,14818.25,14855.50,308720,8984,14855.50,14863.25,14774.25,14809.00,132071,7092,14808.50,14922.00,14805.00,14919.75,54296,3509,14919.50,14945.50,14893.25,14943.50,57205,3472,14912.75,14945.50,14893.25,14943.50,32639,1745,14943.75,14968.75,14861.50,14884.00,39686,2554,15107.00,15107.25,14774.25,14943.50,552292,23057
2021-07-28,NQU1,50967,14875.75,15074.50,14866.00,14984.75,573764,14875.75,14923.25,14866.00,14918.00,6123,1482,14875.75,15019.25,14866.00,15000.25,105169,26261,14926.50,14999.25,14922.00,14987.75,36989,9287,15008.25,15019.25,14995.50,15000.25,12957,2402,15000.00,15064.50,14901.50,15055.25,140395,3599,15000.00,15074.50,14901.50,15008.50,247489,8957,15008.25,15029.75,14948.75,14970.75,75900,6829,14971.75,15041.00,14921.75,15011.25,70936,3543,15011.50,15039.25,14996.50,15019.25,55167,3518,15030.50,15039.25,15006.75,15019.25,30976,1773,15019.50,15020.00,14972.00,14984.25,19026,1843,15000.00,15074.50,14901.50,15019.25,449492,22847
2021-07-29,NQU1,45594,14984.75,15084.00,14905.00,14909.75,410525,14984.75,14989.75,14978.50,14986.50,2442,741,14984.75,15024.75,14944.50,14986.00,79583,20814,15002.00,15024.75,14960.25,14997.25,30784,7782,15004.25,15019.25,14983.00,14986.00,13249,2437,14986.25,15079.50,14982.25,15057.00,102724,3594,14986.25,15084.00,14982.25,15054.75,177744,8901,15055.25,15079.00,15044.00,15064.50,59471,6594,15064.50,15069.75,15040.75,15052.75,25187,3209,15052.75,15055.50,15030.25,15039.50,38199,3431,15034.25,15053.00,15030.25,15039.50,22715,1736,15039.25,15046.50,14905.00,14909.75,30198,2620,14986.25,15084.00,14982.25,15039.50,300601,22135
2021-07-30,NQU1,52031,14905.25,14980.00,14811.25,14966.50,499644,14905.25,14937.00,14901.25,14921.25,6499,1510,14905.25,14937.00,14811.25,14869.25,124026,27945,14836.50,14903.25,14824.00,14871.25,40124,9423,14864.00,14887.25,14851.50,14869.25,14822,2516,14869.25,14980.00,14866.00,14946.75,117893,3595,14869.25,14980.00,14866.00,14933.50,204106,8910,14933.25,14979.00,14931.00,14965.25,65961,6626,14964.75,14968.00,14925.75,14955.50,33823,3326,14955.50,14965.50,14935.25,14952.25,54270,3510,14946.50,14965.25,14935.25,14952.25,35995,1790,14952.25,14972.25,14949.75,14966.50,17407,1697,14869.25,14980.00,14866.00,14952.25,358160,22372
2021-08-02,NQU1,44170,14972.75,15056.25,14932.25,14959.75,442644,14972.75,15008.75,14969.00,15005.00,4808,1204,14972.75,15056.25,14969.00,15027.75,71780,20402,15036.75,15056.25,14997.25,15029.75,24886,7287,15017.50,15034.75,15014.50,15027.75,10160,2062,15028.00,15044.50,14935.75,15008.00,121743,3594,15028.00,15051.50,14935.75,15002.25,205168,8926,15002.50,15014.25,14961.50,14986.75,81062,6820,14987.00,14999.75,14978.00,14987.75,24184,3191,14988.50,14998.75,14932.25,14950.75,49818,3478,14959.50,14963.50,14932.25,14950.75,31329,1774,14950.75,14966.50,14948.50,14960.00,10551,1335,15028.00,15051.50,14932.25,14950.75,360232,22415
2021-08-03,NQU1,43431,14962.25,15050.00,14849.00,15035.00,516355,14962.25,14973.50,14957.75,14966.75,2690,728,14962.25,14993.50,14942.00,14983.50,65881,19506,14986.50,14992.00,14957.75,14976.75,21416,6538,14967.25,14992.75,14965.25,14983.50,9693,2218,14983.25,15008.75,14862.50,14937.25,138740,3597,14983.25,15017.75,14849.00,15007.75,280823,8989,15008.00,15036.75,14979.75,15019.25,79771,6807,15019.75,15038.25,14994.50,15026.75,31932,3295,15026.75,15049.00,15018.50,15048.25,44902,3427,15037.50,15049.00,15026.25,15048.25,27070,1760,15047.75,15050.00,15031.00,15035.00,12987,1388,14983.25,15049.00,14849.00,15048.25,437428,22518
2021-08-04,NQU1,41929,15038.00,15108.00,14997.00,15081.50,439586,15038.00,15044.75,15035.00,15039.00,1981,688,15038.00,15073.75,15015.75,15041.50,67685,18069,15063.25,15069.25,15033.25,15037.50,19404,6274,15025.75,15043.75,15015.75,15041.50,14791,2441,15041.25,15069.50,15003.50,15018.00,122715,3593,15041.25,15069.50,14997.00,15053.75,210434,8937,15053.25,15103.25,15044.50,15081.00,73593,6742,15080.75,15108.00,15070.00,15077.25,35654,3304,15078.00,15093.75,15062.25,15078.00,41779,3419,15073.25,15093.75,15066.75,15078.00,25418,1761,15077.75,15081.50,15066.75,15080.00,10404,1443,15041.25,15108.00,14997.00,15078.00,361460,22402
2021-08-05,NQU1,38889,15081.75,15172.50,15069.25,15171.75,336931,15081.75,15088.50,15073.25,15088.25,2155,659,15081.75,15117.25,15069.25,15102.50,53525,16124,15075.50,15117.25,15075.00,15112.25,21007,6211,15103.50,15107.25,15092.00,15102.50,8738,1898,15102.50,15133.00,15073.00,15115.00,93047,3591,15102.50,15166.50,15073.00,15146.75,169122,8829,15146.75,15155.50,15135.50,15153.50,41373,6150,15153.50,15162.50,15148.75,15152.50,23203,3019,15152.50,15167.50,15139.75,15165.00,35910,3308,15144.00,15167.50,15139.75,15165.00,24449,1745,15165.25,15172.25,15155.25,15171.00,13704,1441,15102.50,15167.50,15073.00,15165.00,269608,21306
2021-08-06,NQU1,38952,15167.75,15169.75,15047.25,15092.75,413388,15167.75,15169.00,15160.75,15163.00,1852,610,15167.75,15169.75,15083.00,15109.00,76163,15714,15150.50,15159.75,15141.25,15149.25,15574,5371,15144.00,15152.00,15083.00,15109.00,40793,3256,15108.25,15150.00,15095.50,15117.00,108072,3588,15108.25,15150.00,15047.25,15099.75,201775,8902,15100.00,15109.50,15077.00,15092.50,59785,6532,15092.25,15106.00,15075.25,15082.00,26979,3187,15081.75,15100.50,15072.75,15096.75,38254,3359,15091.00,15100.50,15076.25,15096.75,24056,1734,15096.75,15098.50,15085.50,15093.75,10405,1246,15108.25,15150.00,15047.25,15096.75,326793,21980
2021-08-09,NQU1,42311,15090.25,15145.50,15003.25,15126.75,356032,15090.25,15095.25,15051.25,15056.00,4801,1378,15090.25,15126.75,15003.25,15115.50,73122,19916,15047.00,15126.75,15046.75,15115.75,28524,7420,15108.25,15116.50,15095.50,15115.50,9047,1965,15115.50,15138.75,15069.00,15122.00,96410,3582,15115.50,15138.75,15069.00,15119.25,166497,8790,15118.75,15127.00,15103.25,15122.25,43187,6062,15122.25,15145.50,15120.00,15134.75,27532,3032,15134.75,15136.25,15113.00,15127.25,35399,3221,15127.50,15132.25,15113.00,15127.25,22627,1690,15127.50,15133.00,15118.50,15126.00,10236,1279,15115.50,15145.50,15069.00,15127.25,272615,21105
2021-08-10,NQU1,39637,15128.75,15157.25,14994.50,15048.00,468981,15128.75,15130.50,15116.00,15119.75,1896,639,15128.75,15150.50,15092.75,15146.00,51919,16255,15121.00,15150.50,15116.75,15144.00,21121,6211,15144.25,15149.75,15136.50,15146.00,7183,1693,15146.00,15157.25,15101.00,15101.25,108904,3595,15146.00,15157.25,14994.50,15048.25,254517,8952,15047.75,15086.00,15036.25,15057.00,74076,6669,15056.75,15057.50,15020.50,15049.50,35570,3261,15050.25,15057.00,15025.00,15044.75,42349,3305,15049.25,15052.00,15025.00,15044.75,28833,1721,15045.00,15048.00,15037.00,15047.50,10486,1181,15146.00,15157.25,14994.50,15044.75,406512,22187
2021-08-11,NQU1,42583,15045.00,15119.00,14963.00,15008.50,474396,15045.00,15045.75,15034.00,15035.50,1877,689,15045.00,15112.75,14976.25,15101.25,95112,19163,15035.50,15042.00,14976.25,15015.00,32839,8123,15014.75,15112.75,15013.50,15101.25,39411,3141,15101.50,15119.00,15033.00,15051.25,110108,3594,15101.50,15119.00,14963.00,14986.00,228896,8962,14985.50,15032.25,14977.00,15004.75,73849,6672,15004.75,15021.25,14994.00,15008.25,26298,3141,15008.50,15029.00,15006.25,15017.75,39756,3298,15019.75,15029.00,15006.50,15017.75,26457,1725,15018.00,15023.00,15006.50,15008.50,10427,1331,15101.50,15119.00,14963.00,15017.75,368799,22073
2021-08-12,NQU1,38533,15008.50,15090.50,14941.25,15079.50,382289,15008.50,15008.50,14995.50,14999.00,2284,716,15008.50,15035.00,14983.00,14997.75,57734,15688,14988.25,15035.00,14983.00,15023.25,21361,6106,15020.25,15021.00,14984.75,14997.75,16840,2625,14997.75,15021.50,14941.25,15020.00,116026,3595,14997.75,15073.50,14941.25,15060.25,195089,8842,15060.25,15062.75,15033.00,15053.25,56137,6345,15053.75,15079.00,15049.50,15075.50,25777,3065,15075.25,15090.50,15072.25,15079.25,36992,3213,15081.00,15090.50,15072.25,15079.25,25005,1694,15079.00,15082.25,15071.25,15078.25,10509,1363,14997.75,15090.50,14941.25,15079.25,313995,21465
2021-08-13,NQU1,37202,15079.75,15141.75,15055.25,15122.00,361981,15079.75,15080.00,15068.75,15071.50,1529,544,15079.75,15096.50,15055.25,15088.50,48483,15151,15076.75,15096.50,15057.75,15060.00,19771,6027,15073.25,15093.00,15069.25,15088.50,8376,1953,15088.25,15141.75,15068.25,15116.00,114183,3591,15088.25,15141.75,15068.25,15101.25,182516,8714,15101.00,15119.75,15092.25,15114.00,52163,6046,15114.25,15117.00,15094.75,15107.25,24094,2762,15107.25,15123.00,15103.00,15123.00,41639,3205,15111.50,15123.00,15104.75,15123.00,28097,1705,15123.00,15130.00,15120.50,15121.75,13041,1310,15088.25,15141.75,15068.25,15123.00,300412,20727
2021-08-16,NQU1,43823,15119.25,15139.00,14917.25,15135.00,585649,15119.25,15123.00,15106.00,15119.00,3815,990,15119.25,15123.00,15061.00,15082.00,70716,19470,15095.00,15119.50,15061.00,15074.75,29027,7572,15067.50,15087.00,15066.00,15082.00,9755,2100,15081.75,15112.25,14942.00,14952.75,158959,3596,15081.75,15112.25,14917.25,14988.75,300598,8955,14988.50,15078.00,14984.25,15075.50,100220,6885,15075.50,15100.00,15066.50,15089.50,42550,3301,15089.50,15132.50,15087.50,15131.75,55611,3465,15117.25,15132.50,15099.00,15131.75,33442,1776,15132.00,15139.00,15123.00,15134.25,15844,1734,15081.75,15132.50,14917.25,15131.75,498979,22606
2021-08-17,NQU1,45250,15131.50,15133.75,14897.00,14969.25,680765,15131.50,15133.75,15123.75,15124.25,2532,767,15131.50,15133.75,15014.50,15018.00,87772,20602,15097.25,15100.25,15058.00,15080.00,33337,8374,15056.00,15061.75,15014.50,15018.00,24265,2993,15018.50,15042.25,14948.25,15013.50,160171,3599,15018.50,15058.00,14940.00,14943.25,287603,8958,14943.00,14975.00,14897.00,14939.50,154281,7111,14939.75,14982.75,14933.25,14980.75,59338,3483,14980.75,14997.00,14955.50,14993.50,76183,3519,14975.00,14997.00,14955.50,14993.50,44541,1779,14993.25,15003.50,14962.25,14969.25,15556,1567,15018.50,15058.00,14897.00,14993.50,577405,23071
2021-08-18,NQU1,46109,14970.25,15037.25,14806.50,14839.50,562340,14970.25,14977.50,14958.50,14967.25,2793,796,14970.25,15028.25,14951.50,14975.50,80152,21174,15007.75,15028.25,14978.50,15005.50,31439,7918,14994.25,14997.25,14967.75,14975.50,13489,2418,14975.50,15037.25,14965.00,15014.75,110148,3591,14975.50,15037.25,14957.75,14977.25,202352,8895,14977.25,14996.50,14967.75,14981.50,54586,6295,14981.50,15029.50,14925.00,14989.50,98091,3555,14989.00,14989.75,14845.00,14845.25,98622,3553,14950.25,14951.50,14845.00,14845.25,70133,1798,14845.25,14860.25,14806.50,14838.50,28476,2623,14975.50,15037.25,14845.00,14845.25,453651,22298
2021-08-19,NQU1,55339,14840.00,14999.00,14710.50,14943.75,721952,14840.00,14857.50,14835.00,14856.25,5529,1362,14840.00,14874.75,14710.50,14772.25,159395,30555,14744.00,14799.50,14710.50,14742.50,71660,12504,14765.25,14787.75,14738.50,14772.25,20407,2906,14772.25,14886.00,14763.75,14869.00,148655,3599,14772.25,14988.50,14763.75,14983.00,281399,8981,14983.50,14999.00,14930.25,14932.25,103045,7033,14932.25,14942.50,14857.25,14931.00,79028,3577,14931.50,14980.25,14913.50,14920.25,84576,3552,14973.75,14980.25,14913.50,14920.25,51014,1788,14920.50,14949.00,14918.75,14943.25,14439,1629,14772.25,14999.00,14763.75,14920.25,548048,23143
2021-08-20,NQU1,49759,14943.25,15100.00,14851.00,15095.00,496280,14943.25,14947.00,14924.00,14928.00,3184,955,14943.25,14987.75,14851.00,14979.25,109370,25947,14910.00,14920.00,14851.00,14899.75,42088,9757,14925.50,14987.75,14922.25,14979.25,21875,2861,14979.50,15091.50,14959.00,15072.00,119833,3597,14979.50,15098.00,14959.00,15013.75,215355,8936,15014.25,15077.00,15009.00,15054.00,72874,6669,15054.00,15070.75,15049.50,15064.50,27897,3275,15064.50,15100.00,15062.25,15089.25,54893,3464,15082.75,15100.00,15077.00,15089.25,35652,1773,15089.00,15096.50,15078.25,15094.75,15865,1455,14979.50,15100.00,14959.00,15089.25,371019,22344
2021-08-23,NQU1,44024,15090.00,15337.50,15086.50,15328.25,405392,15090.00,15120.50,15086.50,15116.50,5670,1273,15090.00,15153.50,15086.50,15125.00,70758,20724,15143.25,15144.25,15120.75,15131.50,24622,7394,15132.00,15133.50,15116.75,15125.00,9589,2104,15125.00,15254.00,15124.75,15241.50,98690,3582,15125.00,15313.75,15124.75,15309.75,169290,8754,15309.75,15327.25,15298.75,15313.50,66883,6346,15313.75,15337.50,15312.75,15333.75,31098,3101,15333.75,15335.00,15301.50,15304.00,51547,3369,15320.50,15328.50,15301.50,15304.00,33313,1745,15304.00,15328.75,15302.25,15327.00,15760,1715,15125.00,15337.50,15124.75,15304.00,318818,21570
2021-08-24,NQU1,40557,15327.00,15384.00,15309.50,15363.50,362586,15327.00,15332.50,15322.25,15327.25,2408,708,15327.00,15384.00,15309.50,15336.75,68722,18200,15381.00,15384.00,15329.25,15334.50,27768,7456,15322.25,15343.00,15309.50,15336.75,12937,2400,15336.50,15369.75,15313.00,15364.00,102327,3583,15336.50,15380.50,15313.00,15359.75,174209,8792,15359.50,15362.25,15330.25,15348.50,49627,6166,15348.50,15360.75,15341.50,15360.25,21113,2895,15360.50,15372.50,15345.25,15356.75,39769,3257,15367.75,15371.00,15345.25,15356.75,25390,1712,15356.25,15364.00,15350.75,15361.75,9085,1235,15336.50,15380.50,15313.00,15356.75,284718,21110
2021-08-25,NQU1,40753,15362.25,15397.00,15333.00,15367.25,402843,15362.25,15364.75,15357.25,15357.75,1430,509,15362.25,15389.50,15333.50,15364.00,60886,17769,15366.00,15389.50,15333.50,15351.25,27321,7239,15346.75,15370.75,15340.75,15364.00,11108,2272,15364.25,15397.00,15354.00,15357.25,104031,3591,15364.25,15397.00,15333.00,15355.25,189002,8804,15355.25,15371.25,15338.50,15351.50,60989,6375,15352.00,15369.00,15347.00,15366.00,30949,3222,15366.00,15383.50,15355.50,15365.75,49011,3346,15365.50,15383.50,15364.25,15365.75,33877,1766,15365.50,15367.25,15359.50,15367.00,11946,1220,15364.25,15397.00,15333.00,15365.75,329951,21747
2021-08-26,NQU1,42912,15367.25,15368.25,15255.25,15287.25,561658,15367.25,15368.25,15360.00,15366.00,1722,564,15367.25,15368.25,15295.50,15333.50,75734,18771,15315.75,15355.00,15295.50,15340.00,27693,7278,15344.25,15348.00,15316.25,15333.50,19323,2634,15333.25,15365.00,15268.25,15302.00,121295,3585,15333.25,15365.00,15255.25,15319.50,269193,8963,15320.25,15351.25,15307.75,15330.00,80114,6652,15329.75,15330.00,15292.25,15294.25,43558,3406,15294.00,15300.50,15265.75,15275.25,78167,3557,15289.50,15300.50,15273.00,15275.25,43457,1780,15275.50,15288.00,15263.25,15286.00,14820,1546,15333.25,15365.00,15255.25,15275.25,471032,22578
2021-08-27,NQU1,40699,15286.00,15443.75,15265.50,15428.25,435647,15286.00,15291.75,15280.50,15287.50,2141,689,15286.00,15336.75,15265.50,15304.50,62735,17563,15325.00,15334.75,15308.50,15314.75,20558,5785,15314.75,15333.50,15300.50,15304.50,12233,2229,15304.25,15428.75,15280.00,15387.50,130988,3595,15304.25,15428.75,15280.00,15415.50,215536,8889,15415.50,15438.25,15403.50,15435.50,58592,6379,15435.75,15436.50,15419.25,15435.75,26915,3066,15435.50,15443.75,15424.50,15427.25,55556,3333,15439.00,15441.25,15424.50,15427.25,38360,1752,15427.50,15433.00,15415.50,15427.00,16228,1457,15304.25,15443.75,15280.00,15427.25,356599,21667
2021-08-30,NQU1,39186,15432.75,15617.75,15420.00,15606.50,412522,15432.75,15442.25,15425.50,15438.50,3002,942,15432.75,15459.00,15420.00,15452.25,55504,15900,15435.75,15455.00,15431.00,15443.75,17846,5062,15442.25,15459.00,15437.00,15452.25,8630,1728,15452.50,15573.25,15452.25,15568.00,105494,3597,15452.50,15597.50,15452.25,15592.00,189823,8853,15591.75,15611.75,15566.50,15611.50,68705,6451,15611.50,15617.75,15603.75,15615.00,28910,3101,15615.00,15617.25,15597.00,15600.50,52931,3261,15608.00,15615.75,15597.00,15600.50,37496,1729,15600.50,15611.25,15593.50,15606.50,16569,1605,15452.50,15617.75,15452.25,15600.50,340369,21666
2021-08-31,NQU1,46678,15605.50,15677.25,15517.75,15599.50,514528,15605.50,15612.00,15601.25,15605.50,1947,604,15605.50,15677.25,15563.00,15607.75,105914,22790,15669.50,15670.50,15571.50,15596.25,42759,9008,15568.75,15614.75,15563.00,15607.75,18896,2756,15607.50,15609.25,15517.75,15549.00,125276,3593,15607.50,15609.25,15517.75,15580.25,214392,8891,15580.25,15598.25,15563.50,15584.50,74265,6624,15584.75,15600.50,15577.25,15599.00,34102,3240,15599.00,15603.75,15566.75,15584.25,65946,3515,15570.50,15592.50,15566.75,15584.25,42438,1786,15584.50,15604.00,15580.00,15599.75,19878,1604,15607.50,15609.25,15517.75,15584.25,388705,22270
2021-09-01,NQU1,43220,15599.50,15699.00,15578.50,15610.00,458595,15599.50,15602.75,15590.75,15592.75,2251,664,15599.50,15648.50,15578.50,15630.25,77968,19764,15639.75,15648.50,15586.00,15627.00,29405,7383,15640.75,15646.25,15620.50,15630.25,13194,2387,15630.00,15699.00,15622.00,15670.50,114906,3587,15630.00,15699.00,15622.00,15675.25,188529,8788,15675.25,15687.50,15671.00,15681.25,63640,6399,15681.25,15681.75,15629.00,15642.75,45680,3243,15642.75,15654.50,15603.00,15609.25,69308,3532,15643.75,15644.25,15603.00,15609.25,41612,1785,15609.25,15625.00,15604.25,15612.00,13400,1481,15630.00,15699.00,15603.00,15609.25,367157,21962
2021-09-02,NQU1,41329,15610.00,15682.00,15551.75,15600.75,458509,15610.00,15620.75,15607.75,15614.00,2208,661,15610.00,15665.50,15600.50,15665.25,61934,17327,15628.00,15657.75,15619.50,15649.50,23464,6366,15651.25,15665.50,15649.75,15665.25,10887,2081,15665.00,15682.00,15615.25,15634.25,103195,3596,15665.00,15682.00,15615.25,15632.50,181654,8845,15632.50,15634.00,15570.75,15578.50,89330,6737,15578.25,15601.50,15551.75,15599.00,55330,3479,15599.25,15605.00,15577.75,15600.25,57769,3480,15586.25,15605.00,15577.75,15600.25,33724,1765,15600.50,15606.50,15584.50,15600.50,12426,1446,15665.00,15682.00,15551.75,15600.25,384083,22541
2021-09-03,NQU1,40656,15601.00,15677.50,15552.25,15655.00,456436,15601.00,15607.25,15595.50,15606.75,1934,586,15601.00,15677.50,15557.75,15578.75,106939,17773,15617.25,15630.25,15607.00,15620.25,17540,5690,15625.75,15677.50,15557.75,15578.75,62826,3421,15578.50,15668.00,15552.25,15623.25,126657,3597,15578.50,15668.00,15552.25,15633.00,205969,8885,15633.00,15668.50,15628.50,15656.75,64265,6366,15656.75,15658.50,15644.25,15655.75,25209,3024,15655.75,15669.75,15640.00,15651.00,42549,3331,15656.00,15663.00,15640.00,15651.00,26024,1735,15651.00,15656.00,15645.25,15654.75,11484,1266,15578.50,15669.75,15552.25,15651.00,337992,21606
2021-09-06,NQU1,17022,15656.00,15708.75,15642.50,15701.25,56429,15656.00,15663.75,15655.00,15659.50,1656,591,15656.00,15708.75,15642.50,15687.75,40398,12979,15686.50,15708.75,15684.50,15692.25,16414,4870,15694.00,15694.75,15687.50,15687.75,2365,824,15687.75,15707.75,15686.75,15700.75,7349,1681,15687.75,15707.75,15686.75,15697.75,13786,3324,15697.75,15704.00,15693.50,15701.25,2245,719,,,,,0,0,,,,,0,0,,,,,0,0,,,,,0,0,15687.75,15707.75,15686.75,15701.25,16031,4043
2021-09-07,NQU1,42728,15702.00,15702.25,15606.75,15672.00,477808,15702.00,15702.25,15692.50,15694.00,1809,613,15702.00,15702.25,15621.75,15650.50,79402,19493,15689.00,15692.00,15621.75,15649.50,38562,8441,15660.50,15662.00,15637.00,15650.50,12736,2131,15650.75,15668.75,15606.75,15638.75,128583,3595,15650.75,15677.75,15606.75,15666.00,232910,8907,15666.00,15701.50,15665.75,15692.25,73341,6429,15692.00,15696.25,15676.00,15687.75,33107,3115,15688.00,15694.50,15668.50,15673.75,46316,3375,15680.50,15683.50,15668.50,15673.75,30108,1765,15674.00,15676.50,15656.25,15670.75,12649,1391,15650.75,15701.50,15606.75,15673.75,385674,21826
2021-09-08,NQU1,44396,15671.00,15691.00,15523.75,15609.75,550063,15671.00,15676.50,15669.00,15673.25,1401,543,15671.00,15691.00,15605.25,15664.75,86780,20804,15668.25,15679.00,15605.25,15671.75,48458,9774,15658.50,15672.50,15657.50,15664.75,9185,2088,15665.00,15667.25,15612.00,15631.25,101151,3580,15665.00,15667.25,15528.50,15538.25,264867,8961,15538.00,15613.25,15523.75,15591.75,106462,6831,15591.75,15625.75,15590.50,15604.00,38497,3237,15604.00,15619.50,15591.50,15618.25,42533,3295,15606.00,15619.50,15591.50,15618.25,30405,1760,15618.00,15624.00,15607.00,15608.75,10872,1254,15665.00,15667.25,15523.75,15618.25,452359,22324
2021-09-09,NQU1,45360,15610.00,15675.75,15545.75,15562.50,511866,15610.00,15613.25,15598.75,15600.50,1977,643,15610.00,15635.00,15546.75,15631.75,96332,21406,15571.00,15627.75,15546.75,15622.25,39940,8275,15612.50,15635.00,15605.00,15631.75,15662,2547,15631.50,15675.75,15622.00,15657.75,94918,3576,15631.50,15675.75,15611.00,15629.50,179676,8835,15629.25,15639.50,15558.00,15577.50,117284,6772,15577.50,15600.50,15563.50,15600.25,54162,3465,15600.00,15607.25,15557.25,15558.00,52880,3446,15591.50,15605.25,15557.25,15558.00,31847,1762,15558.25,15567.50,15545.75,15561.00,11503,1422,15631.50,15675.75,15557.25,15558.00,404002,22518
2021-09-10,NQU1,36515,15561.00,15660.00,15425.75,15447.75,339701,15561.00,15569.00,15553.50,15561.75,2466,713,15561.00,15638.50,15553.50,15632.75,49684,14786,15596.00,15633.25,15588.50,15628.75,19313,5638,15628.25,15633.00,15613.25,15632.75,6558,1562,15632.50,15660.00,15600.25,15610.25,71022,3569,15632.50,15660.00,15520.75,15537.75,163968,8800,15537.75,15599.75,15530.50,15567.25,39333,5433,15567.50,15573.25,15527.50,15536.75,19079,2669,15535.75,15536.25,15425.75,15430.75,55389,3417,15474.25,15485.75,15425.75,15430.75,31919,1753,15430.75,15457.75,15427.75,15447.00,12225,1400,15632.50,15660.00,15425.75,15430.75,277769,20319
2021-09-13,NQZ1,41604,15443.00,15557.50,15342.75,15445.25,473059,15443.00,15476.00,15438.50,15473.50,4401,1030,15443.00,15544.00,15405.75,15541.75,70887,17930,15475.00,15519.25,15472.50,15509.50,19177,5627,15521.25,15544.00,15516.50,15541.75,11532,1885,15541.50,15557.50,15357.50,15379.25,121293,3594,15541.50,15557.50,15346.00,15366.75,220035,8892,15367.25,15444.25,15356.75,15382.25,75124,6628,15382.50,15397.00,15348.25,15369.75,39430,3381,15369.50,15429.25,15342.75,15429.00,56712,3499,15416.00,15429.25,15392.25,15429.00,28003,1748,15429.50,15451.25,15427.75,15445.00,10825,1261,15541.50,15557.50,15342.75,15429.00,391301,22400
2021-09-14,NQZ1,40566,15444.00,15524.25,15344.50,15388.25,467456,15444.00,15452.50,15437.75,15447.25,2302,597,15444.00,15498.00,15391.25,15490.75,80803,17070,15426.50,15443.00,15391.25,15406.75,26837,6540,15408.75,15498.00,15408.50,15490.75,27691,2663,15491.25,15524.25,15404.75,15432.50,111375,3590,15491.25,15524.25,15386.25,15472.00,190083,8762,15472.25,15489.25,15386.50,15421.00,75562,6532,15421.25,15428.75,15348.75,15383.25,50664,3418,15383.50,15390.00,15344.50,15377.50,59046,3521,15351.25,15381.75,15344.50,15377.50,34840,1786,15377.25,15401.50,15374.00,15389.75,11266,1251,15491.25,15524.25,15344.50,15377.50,375355,22233
2021-09-15,NQZ1,41491,15390.00,15514.50,15307.75,15508.25,470956,15390.00,15398.00,15383.50,15396.50,2317,747,15390.00,15432.50,15369.25,15404.50,74968,17951,15408.00,15432.50,15392.50,15405.25,23710,5887,15392.75,15417.25,15391.50,15404.50,15803,2380,15404.75,15433.50,15307.75,15328.50,130841,3595,15404.75,15433.50,15307.75,15358.75,217066,8841,15358.50,15467.75,15352.50,15456.75,80697,6684,15456.75,15481.50,15450.50,15475.25,31495,3252,15475.75,15514.50,15472.75,15490.25,54061,3454,15498.00,15514.50,15487.75,15490.25,32488,1748,15490.50,15510.25,15490.25,15504.75,12483,1292,15404.75,15514.50,15307.75,15490.25,383319,22231
2021-09-16,NQZ1,41015,15509.75,15532.50,15358.75,15498.00,451069,15509.75,15512.00,15502.75,15505.25,1518,503,15509.75,15520.75,15433.00,15442.25,70996,17599,15474.00,15500.50,15446.75,15451.25,23363,6208,15442.75,15462.50,15434.75,15442.25,18028,2586,15442.25,15472.75,15363.25,15400.75,123291,3597,15442.25,15472.75,15358.75,15398.25,204847,8859,15398.00,15473.75,15397.50,15470.25,64512,6371,15470.00,15498.50,15461.00,15493.75,34492,3273,15493.75,15532.50,15490.50,15512.50,64032,3498,15499.25,15519.00,15496.25,15512.50,33207,1755,15512.25,15512.50,15490.75,15498.50,12143,1403,15442.25,15532.50,15358.75,15512.50,367883,22001
2021-09-17,NQZ1,44686,15497.75,15528.25,15276.25,15282.75,626460,15497.75,15500.75,15490.75,15494.50,1523,553,15497.75,15528.25,15458.25,15487.75,78369,19676,15518.25,15527.75,15458.25,15476.50,29897,7861,15504.75,15513.25,15481.00,15487.75,17322,2513,15487.00,15491.50,15363.00,15386.75,126359,3599,15487.00,15491.50,15289.75,15315.75,274078,8983,15315.50,15364.00,15276.50,15295.50,121413,6976,15295.25,15316.75,15276.25,15306.25,51508,3488,15306.00,15339.75,15288.00,15329.75,76548,3521,15298.75,15339.75,15297.25,15329.75,48742,1770,15329.75,15330.00,15280.25,15284.50,24404,2019,15487.00,15491.50,15276.25,15329.75,523547,22968
2021-09-20,NQZ1,54429,15284.00,15338.25,14807.50,14991.00,834097,15284.00,15324.75,15283.25,15321.00,5613,1326,15284.00,15338.25,15048.25,15075.50,171180,29225,15211.00,15227.00,15087.00,15097.25,75109,11939,15064.50,15101.25,15048.25,15075.50,27343,3140,15075.25,15151.25,15013.25,15035.50,157222,3598,15075.25,15151.25,14954.50,14959.00,305441,8984,14958.50,14962.00,14884.00,14928.75,121296,7052,14929.00,14937.25,14811.50,14843.50,82235,3565,14843.25,15008.50,14807.50,15008.25,123383,3600,14873.25,15008.50,14869.00,15008.25,75283,1800,15008.50,15015.75,14970.00,14990.75,30498,1990,15075.25,15151.25,14807.50,15008.25,632355,23201
2021-09-21,NQZ1,51003,14992.00,15163.25,14963.25,14992.75,656764,14992.00,15014.50,14989.75,15003.25,4139,1008,14992.00,15163.25,14981.75,15084.25,129370,25890,15075.50,15163.25,15068.00,15121.75,44171,9298,15103.50,15120.25,15062.25,15084.25,18746,2601,15084.00,15131.75,15003.25,15031.75,143564,3600,15084.00,15131.75,14974.50,15088.75,272842,8968,15088.75,15119.50,15002.50,15015.25,106073,6973,15015.25,15096.25,15001.50,15066.50,55779,3483,15066.00,15103.25,15031.75,15033.50,69281,3566,15077.75,15094.75,15031.75,15033.50,37531,1786,15033.50,15034.75,14963.25,14990.00,23344,2108,15084.00,15131.75,14974.50,15033.50,503975,22990
2021-09-22,NQZ1,48891,14992.75,15227.00,14930.50,15178.25,595615,14992.75,15002.25,14986.00,14988.25,3258,929,14992.75,15104.25,14930.50,15066.25,114024,24672,15087.75,15098.00,15044.50,15067.00,29403,7491,15080.50,15104.25,15056.50,15066.25,16144,2434,15066.25,15131.50,15014.75,15120.25,111188,3587,15066.25,15204.00,15014.75,15176.50,201899,8859,15177.00,15181.25,15113.50,15132.50,69902,6684,15132.25,15227.00,15090.25,15125.25,114345,3583,15125.75,15223.25,15103.25,15155.50,80967,3579,15196.75,15208.75,15152.00,15155.50,43682,1787,15155.75,15181.25,15154.75,15180.00,14445,1502,15066.25,15227.00,15014.75,15155.50,467113,22705
2021-09-23,NQZ1,46583,15178.25,15347.00,15175.25,15296.00,506874,15178.25,15188.00,15176.00,15186.50,2140,698,15178.25,15310.00,15175.25,15208.50,121559,23195,15217.25,15310.00,15199.25,15239.25,54812,9579,15247.50,15258.00,15175.25,15208.50,26643,3018,15208.50,15338.50,15182.00,15326.00,131807,3586,15208.50,15338.50,15182.00,15312.50,224419,8885,15312.75,15347.00,15276.75,15345.00,69293,6353,15345.00,15345.50,15316.25,15330.75,27531,3119,15330.50,15332.25,15299.50,15305.50,47378,3341,15320.00,15330.25,15299.50,15305.50,32362,1718,15305.75,15316.50,15287.00,15297.00,16632,1677,15208.50,15347.00,15182.00,15305.50,368621,21698
2021-09-24,NQZ1,45923,15300.25,15334.25,15176.75,15319.00,462323,15300.25,15311.50,15297.00,15307.75,1986,682,15300.25,15333.00,15176.75,15205.25,105863,22909,15248.50,15254.75,15196.75,15202.75,47690,9832,15201.25,15206.75,15176.75,15205.25,15774,2544,15205.25,15262.75,15189.75,15244.75,121975,3592,15205.25,15262.75,15189.75,15254.00,212537,8842,15254.00,15296.25,15244.50,15263.75,62751,6510,15263.50,15302.50,15259.25,15302.50,24754,3067,15302.50,15334.25,15278.75,15320.00,46231,3424,15307.25,15334.25,15306.50,15320.00,27759,1751,15320.00,15322.75,15311.00,15319.75,10171,1162,15205.25,15334.25,15189.75,15320.00,346273,21843
2021-09-27,NQZ1,47862,15319.00,15399.25,15084.00,15171.50,534952,15319.00,15330.00,15304.25,15307.75,5079,1338,15319.00,15399.25,15155.00,15183.50,130067,24300,15369.75,15375.25,15216.00,15231.00,46012,9285,15187.25,15212.75,15155.00,15183.50,33544,3211,15183.50,15214.50,15084.00,15184.00,143277,3595,15183.50,15222.75,15084.00,15152.25,244182,8936,15151.75,15200.50,15120.25,15196.00,74635,6633,15196.50,15220.00,15192.50,15196.00,29316,3251,15196.25,15230.75,15178.00,15194.75,44355,3394,15212.25,15224.50,15178.00,15194.75,26424,1727,15194.75,15198.75,15172.50,15173.00,12272,1331,15183.50,15230.75,15084.00,15194.75,392488,22214
2021-09-28,NQZ1,55790,15172.25,15192.25,14740.75,14768.00,822661,15172.25,15186.50,15155.00,15158.25,3266,944,15172.25,15192.25,14924.50,14993.50,178178,30438,15067.25,15084.25,14924.50,14983.25,91494,13553,14962.00,15021.75,14943.25,14993.50,26201,3039,14993.75,15029.00,14827.50,14862.00,162151,3599,14993.75,15029.00,14762.00,14804.25,326751,8994,14803.75,14842.25,14744.25,14771.25,124577,7079,14771.50,14862.25,14740.75,14851.75,71352,3565,14852.25,14874.75,14747.75,14761.00,94304,3585,14809.50,14826.75,14747.75,14761.00,55884,1794,14760.75,14787.00,14742.50,14767.75,27434,2111,14993.75,15029.00,14740.75,14761.00,616984,23223
2021-09-29,NQZ1,55796,14769.25,14926.00,14711.00,14762.50,643408,14769.25,14782.50,14762.00,14776.25,4469,1169,14769.25,14926.00,14759.75,14815.75,159725,30960,14860.25,14926.00,14842.25,14870.75,55327,10422,14851.50,14856.75,14808.00,14815.75,22763,2924,14815.50,14906.25,14787.50,14879.25,129532,3595,14815.50,14906.25,14757.25,14797.00,241391,8951,14796.50,14806.50,14711.00,14759.50,119072,7039,14759.00,14852.75,14755.50,14840.25,51618,3452,14839.50,14851.25,14717.50,14737.50,54639,3485,14814.25,14816.00,14717.50,14737.50,34984,1772,14737.50,14777.50,14734.75,14762.25,16910,1894,14815.50,14906.25,14711.00,14737.50,466720,22927
2021-09-30,NQZ1,51396,14769.75,14883.50,14670.25,14692.25,693549,14769.75,14782.00,14754.75,14764.50,3652,1007,14769.75,14883.50,14754.75,14806.25,118617,26054,14849.75,14883.50,14784.25,14807.50,48849,10447,14801.50,14823.50,14776.25,14806.25,19872,2833,14806.00,14878.75,14804.50,14829.50,131293,3595,14806.00,14878.75,14717.00,14752.00,258213,8969,14752.00,14772.00,14682.75,14756.00,136634,7050,14756.25,14829.00,14755.25,14785.25,65606,3523,14785.75,14821.25,14689.00,14704.75,86440,3547,14780.50,14807.00,14689.00,14704.75,57251,1791,14704.75,14706.50,14670.25,14691.75,27984,2239,14806.00,14878.75,14682.75,14704.75,546893,23089
2021-10-01,NQZ1,55907,14702.25,14818.00,14537.00,14777.25,656834,14702.25,14713.00,14687.25,14708.50,5103,1345,14702.25,14743.25,14552.25,14707.00,174198,31544,14575.00,14736.00,14556.25,14712.00,70507,11955,14733.50,14737.50,14679.25,14707.00,19678,2856,14706.75,14735.50,14542.25,14558.75,147264,3599,14706.75,14735.50,14537.00,14686.25,270141,8979,14686.50,14741.75,14645.75,14713.50,91280,6892,14714.00,14790.25,14713.25,14779.50,38473,3393,14779.50,14818.00,14763.25,14773.25,63680,3533,14781.75,14813.50,14763.25,14773.25,39050,1779,14772.75,14787.25,14753.75,14777.25,19036,1551,14706.75,14818.00,14537.00,14773.25,463574,22797
2021-10-04,NQZ1,54673,14785.00,14835.00,14367.75,14489.00,794012,14785.00,14832.00,14773.75,14821.75,7780,1709,14785.00,14835.00,14633.50,14703.25,131974,29586,14678.75,14719.00,14633.50,14686.75,48833,10274,14702.25,14735.50,14691.75,14703.25,13394,2511,14703.00,14720.00,14510.25,14518.25,157450,3598,14703.00,14720.00,14383.00,14451.00,351707,8993,14450.75,14452.50,14367.75,14403.50,129960,7055,14404.00,14466.00,14398.50,14453.25,62897,3537,14452.75,14495.50,14395.00,14459.00,92757,3576,14414.00,14463.00,14395.00,14459.00,57063,1794,14458.75,14494.00,14457.75,14487.50,24635,1904,14703.00,14720.00,14367.75,14459.00,637321,23161
2021-10-05,NQZ1,52531,14493.75,14754.75,14410.50,14661.50,566665,14493.75,14510.00,14479.00,14504.25,4821,1254,14493.75,14549.50,14410.50,14505.25,130981,28451,14493.75,14549.50,14465.50,14519.50,48543,9914,14515.50,14523.25,14495.50,14505.25,13922,2360,14505.25,14636.50,14497.50,14629.50,138373,3596,14505.25,14712.00,14497.50,14694.25,240677,8951,14694.50,14746.00,14687.00,14734.50,78816,6720,14735.00,14754.75,14722.50,14734.25,33046,3252,14734.50,14747.50,14657.50,14660.00,63589,3471,14710.75,14720.00,14657.50,14660.00,43549,1782,14659.75,14667.25,14645.25,14661.25,19519,1672,14505.25,14754.75,14497.50,14660.00,416128,22394
2021-10-06,NQZ1,56695,14662.00,14770.00,14422.50,14765.50,752582,14662.00,14674.75,14658.25,14672.00,2833,805,14662.00,14674.75,14422.50,14523.25,179376,32139,14581.00,14586.25,14422.50,14490.25,77376,12488,14509.75,14543.00,14495.75,14523.25,23653,2957,14522.75,14669.00,14483.75,14645.00,186220,3598,14522.75,14688.25,14483.75,14660.50,324614,8974,14660.75,14705.00,14567.50,14685.00,114213,6996,14685.25,14749.50,14671.75,14704.50,59631,3506,14705.00,14764.50,14683.25,14763.75,59316,3480,14720.00,14764.50,14683.25,14763.75,35827,1765,14763.50,14770.00,14748.00,14766.00,15367,1588,14522.75,14764.50,14483.75,14763.75,557774,22956
2021-10-07,NQZ1,50347,14768.00,15001.25,14767.00,14891.25,490219,14768.00,14813.00,14767.00,14810.50,5232,1205,14768.00,14951.00,14767.00,14881.25,130307,27006,14882.25,14951.00,14865.25,14937.25,48137,9759,14927.50,14933.75,14868.75,14881.25,20749,2831,14881.25,14994.00,14859.25,14981.00,117505,3597,14881.25,14999.75,14859.25,14999.00,185125,8783,14999.25,15001.25,14958.00,14964.75,52767,6211,14964.75,14967.50,14912.75,14927.00,40159,3359,14927.25,14949.25,14868.50,14884.00,64677,3460,14939.75,14939.75,14868.50,14884.00,43512,1776,14883.50,14901.75,14875.00,14889.75,17121,1513,14881.25,15001.25,14859.25,14884.00,342728,21813
2021-10-08,NQZ1,48823,14891.25,14996.00,14790.75,14805.50,547172,14891.25,14904.75,14887.00,14900.25,2768,826,14891.25,14996.00,14835.50,14936.50,148911,25214,14877.25,14913.75,14835.50,14901.50,39828,8664,14908.25,14996.00,14881.75,14936.50,60591,3384,14936.25,14943.00,14845.75,14894.50,126406,3592,14936.25,14943.00,14809.00,14821.75,227892,8902,14821.50,14858.75,14790.75,14825.75,79970,6674,14826.00,14870.50,14824.25,14851.25,31203,3224,14851.75,14861.25,14795.25,14812.50,47163,3349,14848.75,14850.25,14795.25,14812.50,30390,1716,14812.25,14814.75,14792.50,14805.75,11996,1443,14936.25,14943.00,14790.75,14812.50,386228,22149
2021-10-11,NQZ1,51733,14810.25,14897.25,14677.00,14685.00,508164,14810.25,14829.00,14751.25,14758.25,8822,1795,14810.25,14829.00,14681.25,14744.50,130253,27622,14750.25,14774.50,14685.75,14694.25,45926,9435,14709.50,14760.25,14705.25,14744.50,16506,2475,14744.25,14897.25,14722.00,14882.50,102158,3583,14744.25,14897.25,14722.00,14865.50,160419,8680,14865.75,14865.75,14758.25,14781.50,96980,6818,14781.00,14816.00,14770.50,14797.25,44168,3361,14797.75,14804.50,14703.00,14703.25,57868,3480,14756.50,14762.50,14703.00,14703.25,36608,1781,14703.25,14706.00,14677.00,14685.75,18402,1755,14744.25,14897.25,14703.00,14703.25,359435,22339
2021-10-12,NQZ1,51936,14688.50,14783.25,14585.50,14597.25,596259,14688.50,14695.75,14664.00,14665.00,4642,1104,14688.50,14783.25,14586.50,14761.75,130002,27527,14596.50,14758.75,14586.50,14732.75,48061,10032,14778.75,14783.25,14732.75,14761.75,19247,2763,14761.25,14779.00,14651.50,14687.75,154564,3598,14761.25,14779.00,14633.00,14699.50,258737,8911,14699.25,14732.25,14635.75,14659.00,84255,6741,14658.50,14720.25,14651.50,14675.75,42249,3284,14675.50,14681.00,14621.50,14667.25,58370,3506,14670.00,14681.00,14621.50,14667.25,35982,1773,14666.75,14666.75,14585.50,14597.00,22574,1949,14761.25,14779.00,14621.50,14667.25,443611,22442
2021-10-13,NQZ1,49459,14594.00,14795.75,14591.00,14767.75,544948,14594.00,14610.00,14591.00,14605.25,3304,912,14594.00,14754.75,14591.00,14744.75,141238,25849,14633.25,14745.00,14591.50,14711.75,54236,10518,14708.75,14754.75,14648.50,14744.75,45169,3341,14745.50,14778.75,14667.00,14684.75,149308,3599,14745.50,14778.75,14660.50,14723.25,236371,8926,14722.75,14770.50,14696.25,14752.50,60661,6495,14752.50,14795.75,14722.50,14743.25,51044,3383,14743.75,14768.00,14731.25,14758.00,42302,3350,14736.75,14768.00,14736.00,14758.00,24788,1722,14758.25,14772.50,14756.25,14767.75,13271,1442,14745.50,14795.75,14660.50,14758.00,390378,22154
2021-10-14,NQZ1,44681,14770.25,15071.50,14767.50,15065.00,418944,14770.25,14801.25,14767.50,14793.75,3885,980,14770.25,14948.50,14767.50,14920.00,100089,21850,14876.25,14915.75,14848.50,14911.75,35761,8513,14924.25,14948.50,14908.25,14920.00,20448,2666,14920.25,14994.00,14890.50,14969.50,114001,3590,14920.25,15017.25,14890.50,15016.75,181339,8819,15017.00,15044.75,15015.00,15035.75,50060,6139,15036.00,15044.25,15023.50,15039.25,18016,2764,15039.25,15048.75,15012.00,15034.50,51559,3337,15030.50,15048.75,15012.00,15034.50,37441,1747,15034.75,15071.50,15032.00,15065.00,17826,1758,14920.25,15048.75,14890.50,15034.50,300974,21059
2021-10-15,NQZ1,47496,15063.75,15145.00,15020.75,15144.25,430425,15063.75,15070.25,15055.50,15064.25,3118,963,15063.75,15112.75,15020.75,15091.75,109775,24442,15084.75,15097.25,15036.00,15088.50,33903,8501,15088.75,15106.00,15065.00,15091.75,25792,3059,15091.75,15099.25,15049.25,15055.25,97982,3583,15091.75,15121.00,15046.00,15065.00,178173,8878,15065.25,15102.75,15060.25,15098.50,56688,6281,15098.50,15119.00,15097.75,15117.25,24278,3018,15117.50,15137.75,15090.50,15136.75,46259,3423,15119.00,15137.75,15103.50,15136.75,26654,1728,15137.00,15144.00,15130.00,15143.75,15168,1441,15091.75,15137.75,15046.00,15136.75,305398,21600
2021-10-18,NQZ1,48172,15145.00,15297.25,15038.75,15288.75,419449,15145.00,15163.50,15104.50,15111.75,6847,1612,15145.00,15163.50,15038.75,15078.25,113355,25443,15068.50,15122.00,15038.75,15099.50,41614,9064,15082.50,15098.75,15049.00,15078.25,19517,2771,15077.75,15160.75,15052.00,15148.75,101186,3582,15077.75,15217.75,15052.00,15208.00,170057,8765,15208.50,15252.00,15203.00,15247.75,48342,6094,15247.75,15272.25,15240.25,15267.75,26008,3022,15268.00,15292.75,15261.50,15291.00,46647,3382,15279.25,15292.75,15268.00,15291.00,26905,1733,15291.00,15297.25,15282.75,15288.25,14947,1450,15077.75,15292.75,15052.00,15291.00,291054,21263
2021-10-19,NQZ1,43808,15289.75,15428.25,15269.00,15410.75,379360,15289.75,15294.00,15269.00,15272.75,3486,955,15289.75,15367.75,15269.00,15329.25,90957,21453,15327.50,15367.75,15297.25,15354.25,33524,7816,15341.75,15347.25,15318.00,15329.25,14455,2570,15329.75,15361.75,15302.00,15359.50,106607,3588,15329.75,15386.75,15302.00,15382.50,168939,8741,15382.25,15397.00,15374.25,15394.00,37818,5554,15394.00,15398.50,15362.50,15377.50,23178,2949,15377.50,15403.75,15372.00,15394.25,39971,3336,15393.25,15395.00,15375.00,15394.25,23331,1715,15394.25,15428.25,15394.00,15412.00,18456,1764,15329.75,15403.75,15302.00,15394.25,269906,20580
2021-10-20,NQZ1,45218,15411.00,15446.50,15319.00,15357.75,445283,15411.00,15412.75,15391.25,15403.25,3744,1058,15411.00,15421.25,15366.25,15418.25,82883,21644,15373.50,15413.25,15370.00,15391.50,31036,8003,15415.00,15421.25,15407.00,15418.25,14376,2465,15418.25,15439.00,15380.00,15434.50,109432,3595,15418.25,15446.50,15380.00,15420.50,192430,8873,15420.75,15421.00,15319.00,15354.75,81929,6708,15354.75,15378.75,15351.50,15370.75,29879,3158,15370.75,15386.00,15356.00,15376.00,42303,3341,15370.00,15378.00,15356.00,15376.00,26669,1729,15376.25,15388.50,15352.25,15359.00,15753,1481,15418.25,15446.50,15319.00,15376.00,346541,22080
2021-10-21,NQZ1,46547,15357.50,15483.75,15301.00,15381.25,433302,15357.50,15364.00,15344.75,15348.75,2323,717,15357.50,15367.00,15301.00,15346.75,89362,22091,15308.50,15361.75,15301.00,15317.50,32840,8159,15327.00,15354.75,15325.00,15346.75,16356,2689,15347.00,15427.50,15334.00,15425.75,99285,3593,15347.00,15445.75,15334.00,15418.25,178560,8894,15418.25,15439.75,15396.50,15418.25,60386,6342,15418.25,15438.50,15412.25,15438.50,23901,2909,15438.50,15483.75,15438.25,15479.75,46936,3377,15466.75,15483.75,15455.25,15479.75,23365,1695,15480.00,15483.50,15368.25,15383.25,34061,2915,15347.00,15483.75,15334.00,15479.75,309783,21522
2021-10-22,NQZ1,46786,15383.00,15463.50,15273.75,15324.00,540553,15383.00,15405.75,15370.50,15400.00,7041,1456,15383.00,15459.25,15370.50,15423.25,88323,22492,15412.00,15459.25,15396.50,15451.25,29875,7895,15448.00,15451.75,15416.25,15423.25,14678,2481,15423.50,15460.25,15385.50,15456.50,107421,3590,15423.50,15463.50,15273.75,15319.25,249391,8972,15319.00,15378.50,15298.00,15314.75,101897,6952,15314.25,15383.50,15311.50,15348.25,37504,3406,15348.00,15361.25,15330.00,15344.00,48328,3479,15333.75,15361.25,15330.50,15344.00,29488,1767,15344.00,15347.00,15318.00,15323.00,15071,1473,15423.50,15463.50,15273.75,15344.00,437120,22809
2021-10-25,NQZ1,44948,15324.25,15546.00,15295.75,15543.75,451858,15324.25,15337.25,15297.75,15315.50,6237,1404,15324.25,15404.75,15295.75,15403.50,77851,20478,15383.00,15393.00,15354.50,15389.25,25703,6874,15378.50,15404.75,15374.75,15403.50,12164,2157,15403.25,15434.00,15322.25,15411.50,117213,3597,15403.25,15440.50,15322.25,15437.25,186568,8865,15437.50,15507.00,15433.75,15492.00,67791,6533,15491.75,15541.25,15486.75,15515.00,46546,3469,15515.25,15521.75,15479.00,15490.75,46024,3409,15511.00,15516.00,15479.00,15490.75,28730,1739,15490.25,15546.00,15451.00,15540.50,27014,2179,15403.25,15541.25,15322.25,15490.75,346929,22276
2021-10-26,NQZ1,46116,15543.00,15701.00,15503.00,15522.75,575429,15543.00,15543.00,15524.25,15527.25,2940,797,15543.00,15612.25,15524.25,15597.75,85013,21154,15582.25,15612.25,15568.25,15587.25,38159,8752,15584.75,15598.75,15580.25,15597.75,10774,2127,15598.00,15698.25,15580.00,15683.25,129748,3593,15598.00,15701.00,15580.00,15588.75,238307,8955,15588.50,15601.75,15503.00,15565.50,138762,7097,15565.00,15582.50,15548.00,15574.00,36200,3388,15573.75,15594.25,15549.25,15550.50,53301,3500,15562.00,15594.25,15549.25,15550.50,31892,1775,15550.50,15556.50,15517.00,15526.50,23745,2000,15598.00,15701.00,15503.00,15550.50,466570,22940
2021-10-27,NQZ1,47822,15532.25,15717.50,15507.25,15593.00,529530,15532.25,15571.75,15529.75,15562.50,4910,1205,15532.25,15592.75,15507.25,15569.25,99579,23425,15567.25,15592.75,15507.25,15514.50,40538,9665,15547.00,15582.00,15546.00,15569.25,17840,2596,15568.50,15648.00,15558.75,15613.25,133683,3599,15568.50,15663.50,15558.75,15651.50,230068,8958,15651.25,15717.50,15651.00,15709.75,77395,6807,15709.50,15715.25,15683.50,15684.75,27415,3199,15684.75,15688.00,15583.25,15590.25,78923,3560,15638.50,15646.75,15583.25,15590.25,41496,1784,15590.00,15602.50,15581.50,15590.75,16016,1853,15568.50,15717.50,15558.75,15590.25,413801,22524
2021-10-28,NQZ1,46973,15595.00,15777.00,15591.75,15670.00,493609,15595.00,15618.00,15595.00,15615.75,3758,998,15595.00,15689.00,15591.75,15664.75,88615,22135,15597.50,15689.00,15591.75,15671.00,35887,8982,15677.25,15683.25,15651.50,15664.75,19744,2941,15665.25,15710.00,15635.50,15699.25,124745,3595,15665.25,15753.50,15635.50,15720.00,216752,8919,15720.00,15751.50,15687.00,15726.25,68408,6664,15725.75,15759.00,15725.25,15741.25,30409,3251,15741.00,15763.75,15715.75,15763.00,52785,3463,15738.50,15763.75,15715.75,15763.00,35354,1771,15762.50,15777.00,15625.75,15672.25,36551,2519,15665.25,15763.75,15635.50,15763.00,368354,22297
2021-10-29,NQZ1,49921,15679.75,15864.75,15595.50,15864.00,480246,15679.75,15692.00,15667.00,15672.00,5291,1390,15679.75,15692.00,15595.50,15628.25,111442,25631,15641.00,15661.75,15595.50,15634.00,41153,9781,15648.00,15654.75,15608.75,15628.25,25211,3071,15628.00,15707.00,15615.75,15682.75,104988,3596,15628.00,15746.75,15615.75,15743.25,182824,8905,15743.50,15808.75,15733.00,15785.00,71743,6640,15784.00,15796.50,15758.75,15785.00,34992,3333,15785.25,15846.75,15771.50,15844.25,58743,3525,15785.50,15846.75,15779.50,15844.25,39423,1779,15844.50,15863.75,15833.50,15862.75,20383,1861,15628.00,15846.75,15615.75,15844.25,348302,22403
2021-11-01,NQZ1,41934,15885.25,15914.75,15768.50,15887.75,406825,15885.25,15898.25,15871.00,15873.50,5997,1364,15885.25,15914.75,15850.50,15860.75,66592,18051,15870.25,15914.75,15869.00,15898.50,20256,6090,15888.50,15889.00,15850.50,15860.75,15072,2524,15861.00,15868.50,15768.50,15820.25,117477,3597,15861.00,15868.50,15768.50,15858.50,191600,8911,15858.50,15871.75,15807.25,15818.75,60623,6678,15819.00,15830.00,15789.00,15827.50,33690,3349,15828.00,15892.25,15821.50,15892.25,41269,3417,15851.00,15892.25,15849.25,15892.25,26088,1755,15892.00,15899.00,15873.75,15887.00,13012,1513,15861.00,15892.25,15768.50,15892.25,327182,22355
2021-11-02,NQZ1,40864,15891.00,15980.25,15849.50,15959.25,416144,15891.00,15894.25,15875.50,15891.75,2628,885,15891.00,15897.00,15849.50,15868.50,58908,17201,15892.50,15895.50,15851.75,15865.00,22642,6426,15869.50,15885.00,15865.50,15868.50,8439,1816,15868.75,15968.25,15864.00,15943.25,115604,3592,15868.75,15980.25,15864.00,15939.50,195892,8878,15939.50,15959.25,15912.00,15937.75,69246,6741,15937.50,15950.50,15905.25,15949.00,35157,3371,15949.00,15978.75,15941.25,15960.75,46669,3418,15952.00,15978.75,15942.25,15960.75,30943,1757,15960.50,15965.00,15952.25,15959.50,10207,1239,15868.75,15980.25,15864.00,15960.75,346964,22408
2021-11-03,NQZ1,38142,15957.75,16145.75,15935.25,16130.50,444077,15957.75,15957.75,15941.00,15943.25,2323,761,15957.75,15989.75,15937.75,15980.25,47597,14396,15958.50,15987.25,15953.00,15982.00,19768,5634,15976.50,15987.75,15968.00,15980.25,8109,2014,15980.25,15997.25,15935.25,15959.25,104415,3591,15980.25,15997.25,15935.25,15981.75,167851,8839,15981.75,15989.25,15964.50,15967.25,44843,6163,15966.50,16089.00,15955.50,16087.00,103217,3580,16085.50,16145.75,16071.25,16133.00,66401,3559,16099.25,16145.75,16095.75,16133.00,37205,1783,16133.25,16133.50,16122.00,16132.00,14047,1585,15980.25,16145.75,15935.25,16133.00,382312,22141
2021-11-04,NQZ1,41645,16129.50,16376.00,16129.50,16338.25,516507,16129.50,16159.00,16129.50,16157.25,3474,987,16129.50,16216.00,16129.50,16177.50,63997,17005,16168.00,16216.00,16166.50,16189.75,24515,6179,16192.75,16195.25,16171.50,16177.50,10978,2310,16177.50,16297.25,16157.00,16289.75,109319,3596,16177.50,16331.50,16157.00,16295.75,224347,8967,16296.25,16354.00,16284.00,16350.75,90521,6999,16350.50,16376.00,16315.00,16335.00,47907,3499,16334.50,16346.75,16293.25,16324.50,74197,3571,16327.50,16342.00,16293.25,16324.50,44314,1796,16324.25,16344.00,16321.50,16338.00,15470,1583,16177.50,16376.00,16157.00,16324.50,436972,23036
2021-11-05,NQZ1,43543,16335.00,16448.50,16292.00,16344.75,520157,16335.00,16352.25,16319.50,16341.50,2946,870,16335.00,16423.75,16302.00,16405.50,88425,19137,16332.25,16423.75,16302.00,16363.50,37298,8507,16360.00,16420.75,16330.00,16405.50,28279,3045,16405.75,16448.50,16374.75,16425.50,121041,3598,16405.75,16448.50,16374.75,16434.75,196167,8924,16435.00,16439.50,16292.00,16355.50,122144,7068,16356.00,16377.75,16338.75,16368.50,41435,3435,16368.75,16378.25,16330.50,16354.50,59122,3553,16350.50,16378.25,16336.00,16354.50,35244,1786,16354.50,16357.75,16334.25,16345.00,12837,1416,16405.75,16448.50,16292.00,16354.50,418868,22980
2021-11-08,NQZ1,42836,16293.00,16394.00,16256.00,16322.75,411968,16293.00,16334.75,16256.00,16311.50,8692,1533,16293.00,16374.50,16256.00,16353.75,75985,19322,16298.75,16362.50,16298.00,16341.75,24682,6668,16357.50,16374.50,16344.75,16353.75,13174,2222,16353.75,16394.00,16317.25,16345.25,102451,3592,16353.75,16394.00,16302.50,16335.25,191194,8909,16335.00,16366.75,16312.00,16359.50,60810,6667,16359.75,16383.50,16340.75,16368.00,28306,3196,16367.75,16368.25,16306.00,16326.75,42407,3365,16350.75,16357.50,16306.00,16326.75,29234,1753,16326.75,16332.75,16302.50,16322.75,13228,1363,16353.75,16394.00,16302.50,16326.75,322717,22137
2021-11-09,NQZ1,41386,16315.50,16391.75,16160.00,16197.25,554796,16315.50,16323.00,16304.00,16310.25,3134,905,16315.50,16387.75,16282.50,16377.25,63427,17198,16314.00,16373.00,16302.00,16342.00,23563,6590,16360.25,16387.75,16359.75,16377.25,14742,2586,16376.50,16391.75,16189.50,16246.50,160827,3597,16376.50,16391.75,16189.50,16236.00,268073,8963,16236.25,16244.75,16160.00,16170.50,112890,7039,16170.75,16233.25,16162.75,16218.00,45800,3498,16218.00,16227.00,16185.25,16210.75,52731,3484,16200.75,16227.00,16187.50,16210.75,33371,1768,16211.00,16223.50,16193.75,16198.00,11854,1193,16376.50,16391.75,16160.00,16210.75,479494,22984
2021-11-10,NQZ1,47282,16201.25,16243.00,15896.50,15986.25,651868,16201.25,16201.25,16180.00,16185.25,2234,831,16201.25,16243.00,16081.50,16100.00,116102,22697,16234.25,16242.00,16112.25,16135.00,38809,8681,16147.00,16149.50,16081.50,16100.00,36458,3165,16100.00,16221.00,16041.75,16183.25,134815,3598,16100.00,16221.00,16041.75,16150.75,227203,8936,16150.50,16162.75,16006.00,16030.25,123312,7010,16030.50,16031.75,15896.50,15936.50,89948,3592,15936.25,16007.75,15916.50,15983.25,79113,3586,15975.50,16007.75,15947.75,15983.25,42785,1793,15984.00,15990.00,15958.50,15985.50,16122,1448,16100.00,16221.00,15896.50,15983.25,519576,23124
2021-11-11,NQZ1,45701,15989.00,16114.00,15976.00,16036.25,431255,15989.00,15996.25,15976.00,15991.25,4671,1278,15989.00,16114.00,15976.00,16099.25,91108,22374,16028.75,16095.50,15996.50,16087.50,35129,8198,16098.25,16114.00,16091.50,16099.25,11820,2214,16099.50,16110.50,16041.25,16053.25,112115,3595,16099.50,16110.50,16038.50,16077.00,189557,8827,16077.00,16079.50,16023.50,16051.25,66567,6654,16051.25,16078.75,16035.25,16040.50,26619,3272,16040.75,16046.50,16004.25,16024.00,47082,3474,16029.75,16045.50,16017.75,16024.00,24077,1743,16024.00,16038.25,16019.00,16038.00,10281,1088,16099.50,16110.50,16004.25,16024.00,329825,22227
2021-11-12,NQZ1,40992,16043.75,16213.25,16001.75,16200.00,416321,16043.75,16064.00,16036.25,16063.75,2194,758,16043.75,16093.75,16032.00,16072.25,62332,17610,16044.75,16078.50,16037.25,16054.00,21797,6423,16065.75,16089.50,16060.00,16072.25,9656,2007,16072.50,16078.00,16001.75,16062.00,106625,3592,16072.50,16199.00,16001.75,16193.25,207321,8905,16193.00,16200.00,16156.00,16186.50,54841,6356,16186.50,16194.00,16157.25,16176.50,22509,3053,16176.50,16213.25,16168.00,16193.50,52768,3457,16194.50,16213.25,16181.00,16193.50,38193,1783,16193.25,16208.75,16188.50,16203.00,16473,1593,16072.50,16213.25,16001.75,16193.50,337439,21771
2021-11-15,NQZ1,40555,16212.25,16276.50,16082.25,16196.25,478866,16212.25,16241.00,16210.25,16225.50,5949,1372,16212.25,16276.50,16205.50,16239.75,65760,16843,16220.00,16239.00,16209.25,16232.00,19352,5629,16271.00,16275.00,16237.25,16239.75,11811,2160,16240.25,16254.25,16158.25,16163.25,120539,3598,16240.25,16254.25,16093.00,16120.75,226772,8855,16120.25,16161.75,16082.25,16133.25,82603,6729,16132.75,16179.75,16120.50,16173.75,35502,3310,16173.50,16195.00,16158.25,16181.50,54533,3519,16189.75,16195.00,16158.25,16181.50,33366,1782,16181.50,16199.25,16181.50,16195.50,13675,1292,16240.25,16254.25,16082.25,16181.50,399410,22413
2021-11-16,NQZ1,42050,16198.50,16323.75,16142.00,16294.25,420500,16198.50,16199.75,16185.00,16190.50,2259,752,16198.50,16225.75,16142.00,16158.00,82823,19099,16196.75,16205.25,16151.25,16186.25,27738,7228,16190.00,16214.75,16142.00,16158.00,25358,2982,16157.75,16260.00,16149.25,16213.75,121035,3588,16157.75,16309.25,16149.25,16289.25,201422,8857,16289.25,16314.00,16277.75,16311.25,51001,6288,16310.75,16323.75,16301.00,16309.25,24845,3081,16309.00,16323.50,16284.75,16297.25,46512,3333,16305.50,16323.50,16296.50,16297.25,30767,1719,16297.25,16306.50,16291.00,16294.00,13863,1381,16157.75,16323.75,16149.25,16297.25,323780,21559
2021-11-17,NQZ1,40500,16297.75,16396.50,16270.00,16322.25,452811,16297.75,16310.75,16292.25,16305.00,3056,976,16297.75,16332.50,16273.25,16312.25,57438,16056,16307.25,16332.50,16302.00,16316.00,20110,5606,16308.00,16316.00,16301.50,16312.25,9292,1952,16312.50,16327.00,16270.00,16318.50,104238,3588,16312.50,16390.75,16270.00,16390.00,189228,8868,16390.25,16396.50,16288.25,16348.00,107715,6988,16348.25,16349.75,16317.25,16341.50,30989,3313,16341.25,16344.50,16303.50,16308.25,51104,3496,16320.00,16339.00,16304.00,16308.25,31171,1766,16308.50,16322.75,16283.75,16321.50,16315,1768,16312.50,16396.50,16270.00,16308.25,379036,22665
2021-11-18,NQZ1,41895,16322.50,16508.00,16303.50,16505.50,593482,16322.50,16332.00,16320.25,16329.25,2858,825,16322.50,16410.25,16320.25,16397.75,66106,17257,16369.00,16410.25,16364.75,16394.75,29630,7097,16391.50,16408.00,16390.00,16397.75,11936,2280,16397.75,16421.00,16303.50,16333.00,159201,3597,16397.75,16479.00,16303.50,16455.25,282872,8963,16455.50,16490.00,16423.50,16436.25,98323,7005,16436.50,16457.75,16406.00,16449.50,44679,3487,16449.50,16503.25,16440.00,16479.25,85060,3564,16471.75,16503.25,16467.75,16479.25,62066,1797,16479.25,16508.00,16477.25,16505.25,16360,1604,16397.75,16503.25,16303.50,16479.25,510934,23019
2021-11-19,NQZ1,48136,16503.25,16628.50,16490.25,16588.25,539481,16503.25,16505.00,16490.25,16496.75,3351,971,16503.25,16590.00,16490.25,16555.00,128141,23968,16563.50,16574.25,16508.00,16548.25,54900,10433,16552.25,16569.50,16530.25,16555.00,27663,2854,16555.50,16617.00,16516.25,16557.00,123996,3599,16555.50,16626.25,16516.25,16605.75,215562,8941,16605.25,16628.50,16533.50,16579.50,96773,6913,16579.50,16592.00,16565.75,16580.75,33560,3357,16580.25,16587.75,16558.50,16578.25,51106,3502,16577.75,16581.50,16558.50,16578.25,32908,1790,16578.50,16590.75,16568.50,16586.75,14303,1440,16555.50,16628.50,16516.25,16578.25,397001,22713
2021-11-22,NQZ1,43656,16600.25,16767.50,16364.50,16398.50,760753,16600.25,16619.25,16590.00,16590.25,4468,1147,16600.25,16662.00,16582.75,16639.25,78903,18225,16625.25,16649.50,16614.50,16634.50,28461,6969,16639.50,16662.00,16633.75,16639.25,19962,2540,16639.50,16767.50,16636.00,16739.00,139394,3598,16639.50,16767.50,16455.25,16502.75,327109,8990,16502.50,16561.00,16465.75,16514.75,174257,7120,16515.00,16578.50,16508.00,16569.75,45524,3487,16569.75,16598.75,16379.75,16384.25,104220,3578,16552.25,16560.00,16379.75,16384.25,69202,1797,16384.00,16406.75,16364.50,16398.00,30659,2235,16639.50,16767.50,16379.75,16384.25,651110,23175
2021-11-23,NQZ1,51674,16399.00,16418.75,16118.50,16298.00,892466,16399.00,16414.50,16392.25,16397.75,4424,1177,16399.00,16414.50,16274.00,16333.25,142774,26801,16340.75,16375.00,16274.00,16332.50,62028,10931,16360.75,16378.25,16332.00,16333.25,19845,2681,16333.50,16418.75,16236.75,16243.00,184472,3600,16333.50,16418.75,16140.75,16208.25,387376,8999,16208.50,16241.50,16118.50,16186.25,165392,7163,16186.00,16259.00,16138.25,16245.50,81473,3579,16246.25,16318.75,16220.75,16310.00,98594,3597,16251.75,16318.75,16242.75,16310.00,51803,1798,16309.75,16317.00,16271.25,16297.75,16823,1522,16333.50,16418.75,16118.50,16310.00,732835,23338
2021-11-24,NQZ1,48415,16300.25,16368.50,16102.00,16354.75,649567,16300.25,16307.25,16283.00,16285.00,3124,933,16300.25,16356.00,16173.00,16200.50,124778,24141,16324.75,16328.50,16226.75,16238.00,50612,10595,16250.75,16275.25,16173.00,16200.50,36591,3257,16200.75,16255.75,16102.00,16251.00,176562,3600,16200.75,16337.75,16102.00,16303.50,307393,8983,16303.00,16336.50,16271.75,16304.00,87976,6795,16304.00,16337.50,16251.00,16332.00,65293,3479,16331.50,16368.00,16312.00,16363.75,50856,3487,16355.25,16368.00,16333.50,16363.75,28948,1765,16363.75,16368.50,16346.50,16354.00,13216,1514,16200.75,16368.00,16102.00,16363.75,511518,22744
2021-11-25,NQZ1,19207,16360.00,16436.00,16352.25,16404.50,69045,16360.00,16364.50,16352.25,16360.25,2181,672,16360.00,16436.00,16352.25,16385.75,47826,14131,16410.50,16436.00,16375.75,16393.00,19073,5290,16396.25,16399.25,16370.50,16385.75,3833,1161,16385.50,16418.00,16379.25,16413.25,11152,2160,16385.50,16418.00,16379.25,16406.25,18767,4245,16406.50,16414.75,16399.25,16404.50,2452,831,,,,,0,0,,,,,0,0,,,,,0,0,,,,,0,0,16385.50,16418.00,16379.25,16404.50,21219,5076
2021-11-26,NQZ1,48575,16405.75,16413.00,15988.00,16043.50,600201,16405.75,16413.00,16359.00,16370.00,5566,1361,16405.75,16413.00,16123.00,16246.00,210936,35129,16211.00,16256.75,16123.00,16196.00,90924,13741,16206.50,16251.50,16182.00,16246.00,18141,2735,16246.00,16307.50,16116.00,16170.00,147626,3600,16246.00,16307.50,16027.75,16079.25,285844,8997,16079.50,16137.25,15988.00,16043.50,103421,4449,,,,,0,0,,,,,0,0,,,,,0,0,,,,,0,0,16246.00,16307.50,15988.00,16043.50,389265,13446
2021-11-29,NQZ1,54419,16046.50,16437.75,16038.00,16413.75,591322,16046.50,16178.50,16038.00,16167.75,21570,2683,16046.50,16258.00,16038.00,16238.00,151203,30331,16208.25,16228.75,16166.50,16206.75,49251,10373,16196.25,16258.00,16193.50,16238.00,18902,2661,16238.00,16314.25,16208.50,16263.50,135649,3597,16238.00,16358.00,16208.50,16353.50,244449,8942,16353.75,16419.00,16347.50,16410.50,84774,6854,16410.75,16417.25,16376.00,16399.50,30772,3156,16399.00,16437.75,16387.25,16403.25,57091,3422,16415.00,16424.75,16391.50,16403.25,33995,1743,16403.50,16415.00,16378.00,16413.75,22976,1701,16238.00,16437.75,16208.50,16403.25,417086,22374
2021-11-30,NQZ1,56098,16419.00,16456.25,16068.75,16238.25,842287,16419.00,16441.00,16413.00,16430.50,5332,1376,16419.00,16441.00,16238.50,16357.50,159995,30802,16322.75,16341.75,16265.25,16312.75,56778,11752,16305.00,16377.00,16289.00,16357.50,22782,2925,16358.00,16456.25,16319.00,16408.00,136758,3596,16358.00,16456.25,16078.75,16109.50,368143,8995,16109.25,16201.75,16068.75,16201.50,137523,7128,16201.25,16224.50,16130.75,16144.50,57702,3551,16144.00,16170.25,16110.25,16142.50,85779,3572,16123.50,16170.25,16110.25,16142.50,56139,1794,16142.00,16238.00,16140.50,16237.50,33068,2028,16358.00,16456.25,16068.75,16142.50,649147,23246
2021-12-01,NQZ1,55248,16238.75,16427.50,15825.25,15858.75,853902,16238.75,16265.25,16215.75,16224.75,7341,1673,16238.75,16403.50,16182.50,16338.75,141564,29497,16380.00,16399.25,16301.00,16377.75,47179,9677,16361.50,16375.00,16337.50,16338.75,16800,2660,16339.00,16377.50,16270.50,16324.25,125394,3599,16339.00,16427.50,16270.50,16340.75,246445,8977,16341.00,16375.50,16137.75,16211.50,178045,7169,16211.00,16222.25,16111.00,16135.50,87032,3597,16135.25,16143.75,15877.50,15878.75,156591,3595,15982.50,16049.50,15877.50,15878.75,86077,1799,15879.00,15905.50,15825.25,15860.00,44176,2399,16339.00,16427.50,15877.50,15878.75,668113,23338
2021-12-02,NQZ1,58571,15891.75,16066.25,15762.75,16016.50,848749,15891.75,15954.50,15867.50,15946.50,10772,2155,15891.75,15993.00,15790.75,15824.50,203475,33679,15934.00,15993.00,15801.25,15858.00,76086,12493,15837.25,15863.50,15790.75,15824.50,31389,3181,15823.00,16027.00,15788.50,15902.25,175867,3598,15823.00,16027.00,15762.75,15959.25,351046,8993,15959.00,16061.25,15922.50,16004.50,147948,7147,16005.00,16029.25,15954.25,15998.75,49397,3502,15999.25,16066.25,15947.75,15967.25,75357,3554,16002.75,16066.25,15947.75,15967.25,46639,1787,15968.00,16017.75,15967.50,16014.75,21490,1685,15823.00,16066.25,15762.75,15967.25,623748,23196
2021-12-03,NQZ1,53369,16020.00,16121.75,15538.00,15687.50,887284,16020.00,16027.75,15930.00,15938.50,8840,1752,16020.00,16121.75,15862.00,16045.50,151419,28042,15996.75,16025.00,15912.50,16019.75,41138,9305,16032.50,16121.75,16020.25,16045.50,38564,3234,16043.75,16090.50,15733.00,15807.50,171411,3594,16043.75,16090.50,15579.25,15601.25,367815,8992,15601.50,15683.75,15560.50,15584.75,148730,7162,15583.75,15641.75,15548.50,15574.25,74167,3567,15573.75,15723.50,15538.00,15722.75,114942,3593,15614.25,15723.50,15565.00,15722.75,72350,1799,15722.50,15742.50,15674.25,15686.50,30154,1995,16043.75,16090.50,15538.00,15722.75,705654,23314
2021-12-06,NQZ1,55266,15716.25,15897.25,15559.25,15849.25,685621,15716.25,15752.25,15680.75,15739.75,15331,2269,15716.25,15809.00,15592.00,15731.00,170567,30720,15728.00,15809.00,15592.00,15655.75,68164,11866,15684.50,15749.25,15662.25,15731.00,22389,2942,15731.75,15788.00,15559.25,15767.50,168461,3598,15731.75,15788.00,15559.25,15714.00,290504,8972,15714.00,15882.25,15703.75,15867.75,96915,7013,15867.75,15897.25,15829.75,15838.50,45376,3513,15838.50,15883.75,15824.25,15842.50,64024,3514,15852.50,15875.50,15824.25,15842.50,36386,1762,15842.25,15850.50,15825.25,15849.25,18192,1523,15731.75,15897.25,15559.25,15842.50,496819,23012
2021-12-07,NQZ1,49964,15848.75,16374.50,15824.50,16366.75,581779,15848.75,15859.50,15827.75,15844.25,4016,1074,15848.75,16167.25,15824.50,16118.50,127516,25420,15988.50,16167.25,15983.75,16131.50,58066,10306,16133.25,16154.00,16097.50,16118.50,19807,2766,16118.50,16268.00,16117.00,16243.00,141543,3599,16118.50,16314.75,16117.00,16296.75,239942,8941,16297.25,16344.25,16290.00,16336.25,70832,6636,16336.25,16337.50,16284.75,16292.00,33259,3307,16291.50,16311.75,16241.00,16309.00,81361,3503,16266.75,16311.75,16241.00,16309.00,56899,1772,16308.75,16374.50,16308.00,16365.50,28823,2145,16118.50,16344.25,16117.00,16309.00,425394,22387
2021-12-08,NQZ1,49849,16360.50,16436.75,16251.50,16382.50,487046,16360.50,16371.00,16331.50,16340.50,5145,1436,16360.50,16436.75,16315.50,16331.00,120831,26371,16377.50,16436.75,16338.25,16360.00,52493,9914,16348.25,16348.25,16315.50,16331.00,13645,2417,16330.25,16356.75,16251.50,16291.50,130027,3595,16330.25,16356.75,16251.50,16319.50,211342,8861,16319.75,16379.00,16288.75,16353.25,59821,6535,16353.75,16370.50,16318.50,16368.50,36540,3360,16367.50,16397.25,16346.00,16396.25,45364,3420,16367.75,16397.25,16346.00,16396.25,30330,1749,16396.25,16397.75,16372.25,16380.75,13081,1291,16330.25,16397.25,16251.50,16396.25,353067,22176
2021-12-09,NQZ1,43589,16380.50,16420.00,16120.25,16154.50,571964,16380.50,16394.50,16372.00,16377.25,3464,1063,16380.50,16420.00,16302.25,16335.25,74406,18801,16395.50,16397.75,16302.25,16337.25,30570,7444,16325.00,16343.25,16309.00,16335.25,12136,2232,16335.75,16414.25,16276.25,16278.00,135083,3598,16335.75,16414.25,16253.25,16289.25,244644,8948,16289.25,16310.00,16205.50,16245.50,102016,6945,16246.00,16261.00,16192.25,16207.75,53459,3498,16207.75,16235.50,16145.25,16154.75,77660,3579,16165.75,16217.25,16152.25,16154.75,37871,1787,16155.25,16158.50,16120.25,16157.50,19688,1801,16335.75,16414.25,16145.25,16154.75,477779,22970
2021-12-10,NQZ1,40824,16158.50,16337.50,16136.00,16322.50,387370,16158.50,16184.25,16152.75,16177.25,3639,1041,16158.50,16310.00,16142.00,16267.00,80114,18871,16157.50,16227.00,16155.50,16185.50,23843,6939,16190.25,16310.00,16165.00,16267.00,26925,2622,16267.25,16328.25,16203.25,16285.25,93963,3550,16267.25,16328.25,16136.00,16243.25,175830,8770,16243.50,16283.00,16208.50,16262.50,63599,6128,16262.25,16276.50,16230.75,16236.00,24205,2827,16236.00,16334.75,16224.75,16334.00,33378,3161,16274.00,16334.75,16273.25,16334.00,20045,1641,16334.00,16337.50,16310.00,16321.25,10198,1047,16267.25,16334.75,16136.00,16334.00,297012,20886
2021-12-13,NQH2,40788,16324.00,16413.00,16063.75,16092.25,463957,16324.00,16367.75,16322.50,16363.00,4325,1104,16324.00,16413.00,16322.50,16335.75,64424,16683,16368.75,16413.00,16346.25,16391.50,25293,6319,16390.50,16398.25,16331.25,16335.75,10686,1836,16335.75,16339.50,16194.75,16207.25,117691,3594,16335.75,16339.50,16111.75,16135.00,221416,8965,16135.00,16190.00,16117.25,16157.50,72345,6757,16158.25,16194.25,16140.75,16192.25,28828,3264,16192.50,16208.50,16085.25,16085.75,56360,3513,16158.25,16191.50,16085.25,16085.75,36069,1786,16086.25,16096.50,16063.75,16094.00,20529,1594,16335.75,16339.50,16085.25,16085.75,378949,22499
2021-12-14,NQH2,45695,16088.00,16132.75,15734.00,15927.00,614901,16088.00,16103.25,16082.50,16092.00,4385,1024,16088.00,16132.75,15881.25,15881.75,122941,21759,16114.25,16132.75,15959.75,16001.25,52323,9856,15996.25,16004.25,15881.25,15881.75,39698,3274,15882.50,15998.75,15853.00,15927.00,140370,3600,15882.50,15998.75,15756.00,15780.75,273864,8978,15780.25,15801.50,15734.00,15759.50,85126,6688,15759.25,15871.00,15751.75,15852.00,46573,3453,15852.75,15966.25,15847.50,15913.50,70763,3532,15934.75,15966.25,15876.75,15913.50,41401,1780,15913.75,15943.00,15910.25,15928.50,15569,1272,15882.50,15998.75,15734.00,15913.50,476326,22651
2021-12-15,NQH2,47011,15929.00,16300.00,15740.25,16285.25,694899,15929.00,15946.25,15909.75,15918.00,4541,1125,15929.00,15968.00,15848.00,15909.00,108856,22267,15935.75,15961.75,15848.00,15897.75,43898,9032,15924.50,15968.00,15889.00,15909.00,23255,2705,15908.75,15927.75,15807.25,15848.75,118894,3589,15908.75,15927.75,15763.75,15777.25,212942,8913,15777.75,15835.00,15740.25,15834.50,75801,6645,15834.50,16039.25,15750.00,15988.25,147392,3595,15989.75,16297.50,15986.50,16289.50,125878,3599,16208.00,16297.50,16173.75,16289.50,63502,1800,16289.50,16300.00,16267.50,16285.50,23929,1975,15908.75,16297.50,15740.25,16289.50,562013,22752
2021-12-16,NQH2,49480,16288.00,16457.00,15793.00,15880.50,759024,16288.00,16337.75,16285.25,16322.25,8314,1539,16288.00,16457.00,16277.25,16321.75,136349,24428,16401.75,16457.00,16364.00,16388.75,49380,9357,16370.50,16381.75,16303.00,16321.75,30336,3016,16321.50,16342.00,16090.75,16173.50,158932,3597,16321.50,16342.00,15971.50,15975.50,290138,8976,15975.00,15998.25,15900.75,15930.50,119695,7051,15929.00,15943.00,15793.00,15834.25,80579,3563,15834.75,15940.00,15807.25,15874.75,104985,3594,15883.75,15940.00,15839.00,15874.75,63101,1798,15875.00,15886.25,15831.00,15881.50,27205,1850,16321.50,16342.00,15793.00,15874.75,595397,23184
2021-12-17,NQH2,55218,15878.00,15956.50,15651.75,15828.50,789976,15878.00,15878.00,15811.25,15835.75,8953,1674,15878.00,15897.50,15661.50,15700.75,173503,30370,15858.75,15873.00,15661.50,15690.75,72507,11993,15699.00,15741.00,15688.50,15700.75,28453,3105,15700.75,15843.00,15651.75,15718.75,174535,3600,15700.75,15956.50,15651.75,15810.00,338098,8994,15810.50,15903.25,15741.75,15898.50,123479,7072,15899.25,15918.00,15836.00,15865.00,50289,3476,15865.00,15912.00,15764.25,15791.50,81161,3547,15837.50,15844.50,15764.25,15791.50,50610,1793,15791.00,15832.50,15776.50,15828.25,23404,1741,15700.75,15956.50,15651.75,15791.50,593027,23089
2021-12-20,NQH2,57744,15809.50,15851.75,15492.00,15676.00,667240,15809.50,15851.75,15695.00,15718.50,17485,2364,15809.50,15851.75,15503.00,15582.00,181055,32928,15585.50,15617.75,15503.00,15563.75,60192,11462,15549.50,15596.75,15534.00,15582.00,17719,2570,15583.00,15658.75,15543.00,15584.75,154854,3600,15583.00,15658.75,15492.00,15569.00,270397,8988,15569.00,15600.00,15507.25,15566.50,94731,7036,15566.25,15622.75,15556.50,15593.00,42274,3479,15593.50,15651.25,15575.00,15621.75,59932,3507,15615.50,15639.50,15575.00,15621.75,34535,1768,15621.75,15692.00,15610.00,15673.50,18790,1797,15583.00,15658.75,15492.00,15621.75,467334,23010
2021-12-21,NQH2,48527,15674.25,15987.25,15605.00,15974.00,525724,15674.25,15728.75,15670.00,15720.00,6511,1458,15674.25,15827.25,15670.00,15760.50,102438,24238,15781.25,15820.25,15716.50,15812.25,36873,8913,15789.50,15806.75,15760.00,15760.50,11568,2206,15760.25,15798.25,15613.75,15628.50,128426,3597,15760.25,15802.00,15605.00,15772.00,228173,8949,15772.00,15925.75,15771.25,15914.00,76983,6908,15914.75,15973.25,15910.00,15970.75,38018,3390,15971.25,15983.50,15909.75,15981.50,61759,3516,15941.00,15983.50,15909.75,15981.50,39773,1786,15981.25,15987.25,15957.50,15974.25,18301,1512,15760.25,15983.50,15605.00,15981.50,404933,22763
2021-12-22,NQH2,44837,15979.00,16183.00,15881.50,16179.50,470801,15979.00,15982.00,15954.25,15961.50,3785,1069,15979.00,15985.00,15881.50,15956.75,80533,20875,15948.25,15985.00,15881.50,15957.25,29269,7683,15927.00,15965.75,15909.00,15956.75,15147,2474,15957.50,16044.75,15933.25,16022.50,114701,3592,15957.50,16133.75,15933.25,16130.25,208520,8921,16130.50,16140.75,16040.75,16065.25,80959,6853,16066.00,16117.00,16037.75,16115.25,37579,3364,16114.75,16176.50,16096.75,16175.50,48075,3426,16121.50,16176.50,16101.25,16175.50,30078,1755,16176.00,16183.00,16158.25,16180.00,15085,1383,15957.50,16176.50,15933.25,16175.50,375133,22564
2021-12-23,NQH2,37302,16180.00,16356.00,16145.25,16303.00,342116,16180.00,16195.00,16169.00,16185.50,3530,1011,16180.00,16220.75,16145.25,16185.75,52023,14451,16178.50,16214.25,16145.25,16212.75,18370,5174,16195.00,16207.50,16170.25,16185.75,11435,2176,16185.75,16272.75,16176.50,16260.75,96454,3592,16185.75,16321.25,16176.50,16317.75,159439,8787,16317.25,16335.50,16299.00,16327.75,45774,6178,16327.50,16339.50,16313.00,16335.75,19796,3018,16335.75,16356.00,16299.75,16311.00,48453,3410,16315.50,16356.00,16299.75,16311.00,34474,1772,16310.75,16311.75,16285.75,16301.50,16590,1441,16185.75,16356.00,16176.50,16311.00,273462,21393
2021-12-27,NQH2,38589,16304.25,16580.75,16304.25,16570.00,342714,16304.25,16349.00,16304.25,16343.00,5345,1339,16304.25,16385.00,16304.25,16352.50,56769,16000,16316.50,16379.00,16307.25,16368.25,17641,5151,16375.25,16385.00,16349.00,16352.50,8613,1920,16352.75,16502.75,16344.50,16499.25,98923,3592,16352.75,16537.00,16344.50,16510.00,166490,8767,16510.00,16546.50,16509.00,16546.00,39939,5932,16545.75,16557.00,16532.75,16539.50,21454,2850,16539.25,16563.00,16516.00,16560.00,43022,3403,16536.50,16563.00,16525.00,16560.00,28903,1751,16559.75,16580.75,16556.25,16571.25,15000,1624,16352.75,16563.00,16344.50,16560.00,270905,20952
2021-12-28,NQH2,43935,16565.75,16659.50,16452.25,16512.50,450279,16565.75,16571.75,16553.00,16554.00,2968,921,16565.75,16659.50,16533.00,16600.00,76856,20141,16551.00,16659.50,16547.75,16648.25,30830,7772,16636.25,16640.50,16583.00,16600.00,14874,2426,16599.50,16608.50,16491.50,16553.75,115787,3594,16599.50,16608.50,16491.50,16551.75,197912,8902,16551.75,16559.50,16467.50,16490.50,75807,6821,16490.75,16503.50,16452.25,16493.50,37868,3352,16493.25,16528.50,16474.00,16482.25,48738,3449,16501.75,16528.50,16474.00,16482.25,31886,1765,16482.00,16529.00,16478.50,16512.50,13069,1261,16599.50,16608.50,16452.25,16482.25,360325,22524
2021-12-29,NQH2,40176,16513.50,16564.25,16387.50,16481.50,350903,16513.50,16544.50,16512.25,16539.25,3234,1070,16513.50,16564.25,16470.00,16498.50,62638,17514,16559.00,16562.50,16499.00,16502.25,20467,5914,16476.25,16516.00,16472.25,16498.50,11033,2271,16497.75,16549.50,16387.50,16431.25,107861,3596,16497.75,16549.50,16387.50,16431.25,175521,8842,16431.25,16470.75,16414.75,16464.25,44907,6199,16464.25,16503.25,16457.50,16498.25,19385,3035,16499.00,16524.50,16478.50,16493.25,37676,3361,16486.25,16524.50,16483.50,16493.25,27414,1775,16494.00,16495.25,16476.00,16480.25,10740,1213,16497.75,16549.50,16387.50,16493.25,277489,21437
2021-12-30,NQH2,37860,16484.50,16567.50,16411.25,16431.75,297625,16484.50,16493.00,16455.25,16462.50,4021,1041,16484.50,16542.50,16442.00,16482.75,54548,16030,16497.50,16542.50,16493.00,16523.25,17688,5733,16506.00,16517.50,16480.50,16482.75,10182,1992,16483.25,16567.50,16449.25,16559.50,80259,3588,16483.25,16567.50,16449.25,16543.50,128779,8651,16543.75,16559.25,16530.00,16536.00,33288,5515,16535.75,16536.00,16504.50,16520.50,19900,2883,16520.75,16524.25,16411.25,16419.75,48380,3347,16495.00,16503.75,16411.25,16419.75,35969,1751,16419.50,16443.75,16418.50,16431.50,12699,1424,16483.25,16567.50,16411.25,16419.75,230347,20396
2021-12-31,NQH2,38811,16431.00,16464.00,16313.75,16331.50,356417,16431.00,16445.75,16430.25,16437.50,2494,797,16431.00,16445.75,16350.75,16410.25,59044,15999,16419.25,16433.00,16370.25,16417.00,16387,4884,16420.75,16438.25,16408.00,16410.25,7645,1720,16410.00,16464.00,16354.00,16403.50,93027,3576,16410.00,16464.00,16354.00,16375.25,150109,8701,16375.25,16397.25,16347.25,16373.50,52452,6209,16373.75,16383.50,16356.25,16362.00,22430,3116,16362.00,16389.50,16315.00,16319.50,55578,3434,16378.25,16388.50,16315.00,16319.50,39773,1761,16319.75,16355.25,16313.75,16331.50,16740,1336,16410.00,16464.00,16315.00,16319.50,280569,21460
2022-01-03,NQH2,44250,16356.00,16508.00,16292.00,16495.75,504450,16356.00,16421.25,16356.00,16384.75,7589,1469,16356.00,16452.50,16356.00,16383.00,97380,20700,16400.50,16452.50,16386.00,16430.00,31957,7095,16433.00,16433.50,16371.00,16383.00,20665,2659,16383.00,16484.75,16292.00,16415.25,152342,3597,16383.00,16484.75,16292.00,16388.75,245875,8951,16388.25,16467.00,16373.50,16459.50,61248,6511,16460.00,16498.00,16449.00,16473.75,31928,3226,16473.75,16495.75,16450.25,16481.50,49911,3421,16479.00,16494.00,16450.25,16481.50,33516,1750,16481.75,16508.00,16481.00,16494.00,18059,1425,16383.00,16498.00,16292.00,16481.50,388962,22109
2022-01-04,NQH2,44269,16497.75,16564.00,16139.50,16261.25,662505,16497.75,16510.00,16480.25,16482.00,3231,1011,16497.75,16564.00,16477.00,16509.00,77280,19629,16539.25,16564.00,16484.25,16517.00,35115,8075,16527.25,16527.75,16502.25,16509.00,12411,2355,16509.25,16513.00,16365.25,16399.50,145696,3596,16509.25,16513.00,16162.50,16204.50,331524,8994,16204.00,16231.50,16139.50,16144.75,108774,7035,16144.25,16229.00,16142.00,16222.00,46524,3506,16221.75,16324.00,16220.00,16280.25,81337,3566,16284.50,16324.00,16267.00,16280.25,51791,1794,16280.25,16282.00,16251.50,16259.75,17022,1522,16509.25,16513.00,16139.50,16280.25,568159,23101
2022-01-05,NQH2,46876,16265.00,16269.00,15752.75,15754.25,757475,16265.00,16269.00,16228.00,16232.25,4413,1210,16265.00,16269.00,16171.75,16202.75,89284,21541,16219.00,16259.25,16195.00,16207.25,31423,7908,16205.50,16229.75,16188.25,16202.75,15357,2532,16203.50,16247.25,16103.00,16199.50,148958,3600,16203.50,16247.25,16103.00,16133.25,251353,8950,16132.75,16150.75,16026.50,16060.25,113505,7018,16060.00,16129.00,15879.00,15900.50,146989,3585,15900.75,15904.00,15775.25,15775.75,124250,3600,15834.75,15881.25,15775.25,15775.75,67493,1800,15776.00,15793.25,15752.75,15754.75,31893,2156,16203.50,16247.25,15775.25,15775.75,636097,23153
2022-01-06,NQH2,58301,15763.75,15895.75,15598.50,15794.00,795973,15763.75,15788.75,15710.25,15787.50,11739,2224,15763.75,15813.00,15620.25,15690.25,176157,33877,15740.75,15772.75,15660.75,15680.25,56169,11397,15701.25,15732.00,15677.50,15690.25,21792,2832,15689.75,15850.50,15598.50,15758.25,220980,3600,15689.75,15895.75,15598.50,15835.75,386842,8981,15835.50,15886.00,15769.50,15825.00,98977,7015,15825.00,15853.50,15781.00,15817.75,42363,3368,15817.50,15867.00,15717.50,15750.00,74120,3565,15793.25,15817.00,15717.50,15750.00,47412,1795,15749.75,15794.25,15748.50,15791.75,17458,1480,15689.75,15895.75,15598.50,15750.00,602302,22929
2022-01-07,NQH2,50252,15801.75,15852.75,15510.00,15570.25,691221,15801.75,15819.50,15799.00,15817.75,3271,961,15801.75,15852.75,15624.00,15753.00,153781,25702,15751.75,15825.25,15666.50,15768.00,41604,9624,15758.75,15824.75,15624.00,15753.00,66116,3509,15753.00,15827.75,15649.25,15654.00,153284,3600,15753.00,15827.75,15510.00,15646.25,317493,8989,15646.25,15659.75,15584.25,15605.75,91204,6886,15605.75,15654.00,15555.75,15637.50,46465,3476,15638.00,15670.25,15589.00,15591.50,62565,3527,15604.25,15641.50,15589.00,15591.50,38051,1773,15591.00,15603.75,15572.50,15572.50,19561,1656,15753.00,15827.75,15510.00,15591.50,517727,22878
2022-01-10,NQH2,55710,15590.00,15669.00,15152.50,15615.50,878786,15590.00,15610.75,15515.00,15560.00,13318,2215,15590.00,15669.00,15355.75,15376.00,176961,30495,15646.75,15657.00,15377.50,15378.25,86572,12981,15404.75,15419.00,15355.75,15376.00,24646,3052,15377.00,15415.00,15195.00,15222.75,185197,3600,15377.00,15415.00,15152.50,15292.50,353889,8991,15292.25,15429.25,15203.75,15412.00,159084,7151,15410.75,15509.50,15403.00,15458.75,71514,3567,15459.50,15617.00,15404.50,15615.25,94181,3576,15478.00,15617.00,15447.50,15615.25,54144,1795,15615.00,15623.50,15592.50,15614.00,23026,1914,15377.00,15617.00,15152.50,15615.25,678668,23285
2022-01-11,NQH2,52708,15622.25,15839.50,15475.00,15824.50,699955,15622.25,15642.75,15601.00,15627.50,6250,1573,15622.25,15734.00,15543.75,15564.25,145378,28682,15638.25,15734.00,15584.00,15645.25,57220,10808,15650.75,15668.00,15543.75,15564.25,32955,3175,15564.25,15652.75,15475.00,15600.75,180324,3599,15564.25,15825.00,15475.00,15817.50,355890,8989,15817.75,15830.25,15730.25,15798.00,91156,6887,15797.75,15837.50,15763.25,15817.75,37996,3260,15817.25,15838.00,15780.25,15826.75,54403,3484,15823.00,15831.00,15780.25,15826.75,32600,1769,15826.50,15839.50,15819.00,15826.00,14979,1393,15564.25,15838.00,15475.00,15826.75,539445,22620
2022-01-12,NQH2,52318,15826.00,16009.25,15762.50,15895.25,667343,15826.00,15841.50,15812.75,15819.50,4216,1130,15826.00,15979.25,15762.50,15946.25,155637,27886,15867.75,15886.00,15762.50,15860.50,59223,11980,15882.50,15979.25,15852.00,15946.25,48366,3427,15947.25,16009.25,15884.50,15979.00,134259,3599,15947.25,16009.25,15797.25,15897.00,293845,8986,15896.75,15953.25,15861.00,15890.00,97157,6970,15889.75,15917.50,15859.25,15899.00,40843,3414,15899.25,15912.25,15856.25,15886.50,64446,3541,15871.25,15912.25,15857.00,15886.50,38201,1783,15886.50,15920.25,15878.50,15894.75,15317,1506,15947.25,16009.25,15797.25,15886.50,496291,22911
2022-01-13,NQH2,48445,15901.00,15979.75,15458.25,15501.75,755580,15901.00,15901.00,15881.00,15892.50,3468,1034,15901.00,15961.75,15820.00,15949.00,99687,23255,15858.00,15923.75,15857.00,15904.50,33747,8557,15906.00,15961.75,15893.00,15949.00,24736,2872,15948.00,15979.75,15831.25,15858.50,140912,3598,15948.00,15979.75,15725.75,15800.50,299128,8978,15800.00,15802.50,15594.25,15677.25,174756,7109,15677.25,15713.75,15594.50,15625.50,59792,3535,15625.25,15627.75,15458.25,15471.75,96594,3588,15574.00,15598.00,15458.25,15471.75,57575,1795,15471.50,15516.00,15467.50,15500.50,25540,1963,15948.00,15979.75,15458.25,15471.75,630270,23210
2022-01-14,NQH2,56523,15505.00,15621.00,15312.50,15616.75,787445,15505.00,15516.00,15489.50,15494.50,6096,1509,15505.00,15554.50,15312.50,15385.75,180760,31660,15494.75,15541.75,15326.25,15336.75,61063,11251,15361.25,15400.50,15322.25,15385.75,36546,3364,15385.25,15600.50,15379.75,15512.75,180516,3600,15385.25,15600.50,15379.75,15545.00,333870,8976,15545.25,15557.00,15404.00,15515.00,118415,7076,15515.00,15546.50,15470.75,15509.50,59896,3544,15509.75,15607.00,15496.25,15600.25,78851,3579,15562.50,15607.00,15559.25,15600.25,45600,1793,15599.50,15618.50,15584.50,15618.50,15576,1673,15385.25,15607.00,15379.75,15600.25,591032,23175
2022-01-17,NQH2,28338,15616.75,15653.25,15507.25,15559.25,112541,15616.75,15653.25,15567.50,15584.00,8382,1848,15616.75,15653.25,15507.25,15596.00,77864,22019,15569.50,15636.25,15532.00,15617.75,25680,7316,15611.75,15620.00,15592.25,15596.00,5682,1668,15596.50,15611.75,15546.50,15571.00,20726,2663,15596.50,15611.75,15546.50,15576.25,30003,5052,15576.25,15578.00,15543.50,15559.25,4674,1267,,,,,0,0,,,,,0,0,,,,,0,0,,,,,0,0,15596.50,15611.75,15543.50,15559.25,34677,6319
2022-01-18,NQH2,56974,15562.00,15603.25,15170.75,15239.50,745245,15562.00,15590.00,15548.50,15587.75,5202,1458,15562.00,15603.25,15270.00,15343.00,181931,32191,15448.50,15450.00,15270.00,15369.00,79087,12828,15350.75,15384.75,15329.25,15343.00,26620,2989,15342.50,15434.75,15271.75,15401.25,153942,3597,15342.50,15434.75,15254.50,15341.50,266448,8971,15341.25,15355.75,15224.25,15268.75,125523,7076,15268.50,15329.00,15242.00,15313.25,60499,3523,15313.50,15317.50,15170.75,15186.00,88971,3557,15242.75,15251.25,15170.75,15186.00,52619,1794,15185.50,15242.00,15185.25,15238.25,21840,1641,15342.50,15434.75,15170.75,15186.00,541441,23127
2022-01-19,NQH2,60185,15238.75,15372.00,15011.25,15037.00,770382,15238.75,15248.50,15192.25,15193.25,6616,1583,15238.75,15322.75,15050.75,15270.75,190222,34886,15073.75,15277.50,15062.00,15266.00,68803,12238,15318.25,15322.75,15259.25,15270.75,22628,2965,15271.25,15372.00,15251.25,15293.50,149638,3599,15271.25,15372.00,15104.50,15185.25,306630,8985,15185.50,15317.25,15185.50,15252.75,110543,6966,15252.75,15264.25,15144.00,15200.00,58358,3515,15200.25,15215.75,15025.50,15026.00,77559,3557,15132.50,15146.75,15025.50,15026.00,48686,1794,15026.00,15052.00,15011.25,15035.00,26995,2262,15271.25,15372.00,15025.50,15026.00,553090,23023
2022-01-20,NQH2,57537,15042.25,15340.25,14646.75,14725.75,761353,15042.25,15057.00,14993.75,15003.25,9579,1925,15042.25,15206.25,14993.75,15173.75,153279,31284,15128.50,15181.25,15045.25,15148.00,57518,11137,15156.25,15206.25,15152.75,15173.75,23059,2949,15173.25,15293.50,15160.25,15267.75,127312,3596,15173.25,15340.25,15160.25,15285.25,229977,8944,15285.75,15300.75,15174.50,15180.00,104830,6905,15180.75,15233.50,15075.25,15088.50,76988,3560,15088.50,15113.25,14816.50,14852.75,142222,3597,14978.25,14980.50,14816.50,14852.75,82036,1799,14852.25,14856.00,14646.75,14719.25,53891,3218,15173.25,15340.25,14816.50,14852.75,554017,23006
2022-01-21,NQH2,63715,14722.00,14858.50,14408.50,14411.00,1028616,14722.00,14754.25,14684.00,14742.00,16231,2451,14722.00,14816.50,14602.25,14739.25,243730,38309,14760.75,14816.50,14680.00,14708.75,82320,12860,14727.25,14744.25,14672.75,14739.25,30195,3089,14739.00,14818.50,14532.25,14642.25,198967,3600,14739.00,14858.50,14532.25,14700.50,398934,8995,14701.25,14742.50,14577.50,14594.00,157239,7133,14594.25,14657.25,14512.00,14514.25,66346,3544,14514.50,14575.00,14422.50,14446.25,129462,3596,14469.75,14575.00,14422.50,14446.25,74547,1797,14446.50,14452.50,14408.50,14413.00,32806,2116,14739.00,14858.50,14422.50,14446.25,751981,23268
2022-01-24,NQH2,64554,14410.00,14582.00,13706.00,14502.75,1303230,14410.00,14563.25,14378.75,14545.00,28571,2950,14410.00,14582.00,14106.00,14186.50,303547,38858,14521.75,14574.75,14282.00,14300.00,124128,15697,14217.25,14232.25,14106.00,14186.50,55269,3431,14187.25,14263.50,13977.00,14101.50,245150,3600,14187.25,14263.50,13816.50,13924.75,455476,8999,13925.00,14170.75,13706.00,14164.50,250986,7192,14165.25,14248.25,13974.25,14147.75,119757,3596,14146.25,14522.00,14119.25,14480.00,139169,3599,14271.50,14522.00,14218.75,14480.00,79220,1800,14479.00,14524.75,14461.00,14513.75,33961,2294,14187.25,14522.00,13706.00,14480.00,965388,23386
2022-01-25,NQH2,67281,14495.00,14499.00,13890.00,13922.25,946402,14495.00,14499.00,14402.75,14483.00,13361,2300,14495.00,14499.00,14128.50,14219.75,276719,40971,14254.75,14378.50,14167.00,14207.75,102608,14445,14156.75,14231.00,14143.75,14219.75,28686,3179,14218.50,14304.75,14036.50,14201.25,171147,3599,14218.50,14304.75,14014.00,14032.25,320719,8988,14032.75,14273.50,14021.50,14272.75,131944,7138,14274.00,14400.25,14212.50,14393.25,64712,3557,14392.00,14394.50,14115.25,14138.50,107455,3592,14210.25,14272.50,14115.25,14138.50,61522,1797,14138.50,14211.50,13890.00,13920.25,44752,3011,14218.50,14400.25,14014.00,14138.50,624830,23275
2022-01-26,NQH2,61637,13945.50,14639.75,13945.50,14150.75,891406,13945.50,14252.00,13945.50,14191.00,31588,3088,13945.50,14506.25,13945.50,14472.50,225891,36127,14211.50,14466.50,14208.25,14416.75,85217,13623,14491.50,14492.75,14420.00,14472.50,26244,3121,14471.50,14515.00,14350.25,14375.75,134585,3600,14471.50,14515.00,14325.75,14449.75,243570,8961,14450.25,14548.50,14441.50,14480.75,80706,6889,14480.75,14639.75,14191.50,14243.50,186249,3592,14241.25,14273.00,13976.25,14180.50,124726,3597,14134.25,14187.75,14050.25,14180.50,52288,1798,14180.25,14181.75,14055.50,14154.50,30196,2453,14471.50,14639.75,13976.25,14180.50,635251,23039
2022-01-27,NQH2,68362,14194.00,14409.25,13844.50,14113.75,859780,14194.00,14282.25,14185.25,14262.75,14581,2293,14194.00,14339.00,13844.50,14334.75,284318,42359,13969.75,14265.00,13967.25,14236.00,100978,14712,14250.25,14339.00,14209.25,14334.75,30207,3187,14334.25,14409.25,14232.00,14285.50,140057,3596,14334.25,14409.25,14179.25,14291.50,270445,8975,14291.50,14301.75,13980.25,14075.25,138619,7145,14075.50,14154.25,13967.00,14002.25,64070,3561,14001.00,14108.25,13945.00,13999.25,70651,3582,13999.50,14108.25,13965.75,13999.25,38984,1791,13999.00,14114.50,13948.00,14109.25,31543,2717,14334.25,14409.25,13945.00,13999.25,543785,23263
2022-01-28,NQH2,62775,14167.75,14442.00,13831.00,14430.25,865706,14167.75,14183.50,14096.00,14100.00,11146,2125,14167.75,14183.50,13831.00,14058.00,249693,37463,14141.50,14146.50,13831.00,13877.25,101549,14475,13877.75,14066.00,13875.00,14058.00,49098,3464,14057.50,14102.25,13860.25,13957.25,143542,3599,14057.50,14297.25,13860.25,14284.75,297184,8995,14284.75,14312.00,14174.50,14256.75,122091,7113,14256.25,14270.25,14058.75,14218.25,79854,3584,14217.75,14435.00,14196.00,14432.50,88171,3581,14253.50,14435.00,14205.50,14432.50,56444,1796,14432.00,14442.00,14395.75,14429.00,28609,2018,14057.50,14435.00,13860.25,14432.50,587300,23273
2022-01-31,NQH2,56550,14454.00,14914.75,14353.25,14868.00,633957,14454.00,14475.75,14353.25,14395.75,14687,2410,14454.00,14547.00,14353.25,14480.75,161559,31856,14471.00,14547.00,14399.75,14448.00,61073,11920,14430.50,14490.50,14428.25,14480.75,17146,2689,14480.00,14724.50,14416.25,14667.00,125800,3600,14480.00,14780.75,14416.25,14771.50,228996,8971,14772.50,14786.50,14708.50,14769.25,82540,6861,14769.00,14825.75,14761.00,14813.00,38879,3402,14812.75,14914.75,14714.50,14909.25,93592,3561,14768.00,14914.75,14752.25,14909.25,60605,1793,14908.75,14913.00,14848.50,14863.25,28281,1881,14480.00,14914.75,14416.25,14909.25,444007,22795
2022-02-01,NQH2,51965,14868.75,15137.00,14729.25,15116.75,588584,14868.75,14885.25,14858.00,14871.25,5018,1223,14868.75,14965.00,14818.00,14942.00,123072,26365,14902.25,14965.00,14846.75,14927.75,53334,11165,14947.75,14960.00,14920.25,14942.00,17560,2829,14941.50,14952.00,14729.25,14833.75,140533,3600,14941.50,14952.00,14729.25,14933.75,249187,8942,14934.00,14934.00,14840.50,14874.50,75498,6775,14874.00,14900.75,14821.50,14868.25,38358,3417,14869.00,15019.50,14857.50,15002.50,67649,3525,14945.25,15019.50,14926.25,15002.50,40332,1785,15003.00,15137.00,14981.75,15117.25,34757,2925,14941.50,15019.50,14729.25,15002.50,430692,22659
2022-02-02,NQH2,50822,15129.00,15260.00,14825.00,14863.25,634118,15129.00,15133.00,15104.25,15120.25,5969,1337,15129.00,15260.00,15104.25,15164.25,123695,24998,15179.25,15260.00,15156.00,15248.25,54952,11070,15200.75,15216.25,15146.50,15164.25,24793,3052,15164.50,15178.00,15026.75,15066.75,136991,3599,15164.50,15178.00,14941.50,15021.25,267539,8977,15021.25,15121.75,14995.75,15063.00,85422,6892,15063.00,15127.00,15010.75,15097.50,47435,3482,15097.50,15153.00,15070.25,15121.25,62241,3524,15098.50,15142.50,15086.75,15121.25,35242,1778,15121.00,15121.25,14825.00,14862.50,47688,2927,15164.50,15178.00,14941.50,15121.25,462637,22875
2022-02-03,NQH2,54576,14852.50,14870.00,14456.25,14803.75,718006,14852.50,14866.00,14755.00,14765.00,14164,2227,14852.50,14870.00,14675.00,14703.50,158801,28391,14851.75,14870.00,14746.00,14810.50,53935,11087,14793.50,14820.00,14675.00,14703.50,40222,3310,14702.00,14832.25,14677.50,14807.25,143019,3597,14702.00,14842.50,14677.50,14681.75,248326,8973,14681.75,14712.25,14628.50,14658.00,102060,6988,14657.75,14697.50,14565.50,14594.75,54795,3512,14594.50,14640.75,14456.25,14488.25,91383,3587,14597.00,14602.00,14456.25,14488.25,61399,1799,14487.75,14815.50,14480.50,14805.75,62512,3103,14702.00,14842.50,14456.25,14488.25,496564,23060
2022-02-04,NQH2,57297,14770.00,14825.75,14362.75,14645.00,756854,14770.00,14787.75,14737.50,14759.25,10763,1812,14770.00,14825.75,14362.75,14508.00,229839,32265,14729.00,14773.25,14518.00,14624.75,78723,13639,14611.00,14615.75,14362.75,14508.00,83738,3533,14509.75,14666.75,14432.75,14595.50,141232,3599,14509.75,14666.75,14432.75,14599.50,261037,8971,14598.50,14753.50,14557.00,14739.00,109761,7062,14738.75,14767.50,14688.50,14748.00,49501,3513,14748.50,14819.50,14687.00,14694.50,79621,3580,14779.00,14812.25,14687.00,14694.50,48246,1794,14693.75,14698.00,14627.50,14641.50,26987,1885,14509.75,14819.50,14432.75,14694.50,499920,23126
2022-02-07,NQH2,53883,14682.50,14806.25,14511.50,14601.75,557023,14682.50,14717.50,14634.25,14709.50,9188,1806,14682.50,14759.00,14600.50,14707.75,128082,29426,14722.75,14736.25,14616.75,14723.00,45738,10767,14737.50,14739.00,14694.25,14707.75,14471,2553,14706.75,14806.25,14670.00,14737.25,117930,3597,14706.75,14806.25,14568.25,14615.50,219868,8957,14615.00,14674.75,14555.50,14673.25,81697,6919,14673.75,14707.00,14631.75,14678.75,35661,3334,14679.00,14727.00,14511.50,14550.75,73654,3547,14639.00,14655.00,14511.50,14550.75,48610,1794,14550.50,14608.50,14547.75,14602.75,17983,1684,14706.75,14806.25,14511.50,14550.75,410880,22757
2022-02-08,NQH2,52046,14600.00,14776.00,14467.50,14745.75,604136,14600.00,14615.75,14586.00,14612.25,3822,1111,14600.00,14624.00,14484.00,14516.50,120761,27579,14562.75,14618.50,14484.00,14520.00,55591,11369,14523.75,14534.50,14498.50,14516.50,15029,2669,14516.00,14588.00,14467.50,14494.25,130537,3599,14516.00,14705.00,14467.50,14685.00,248411,8964,14685.25,14758.75,14659.00,14691.25,93968,6961,14692.25,14721.75,14621.75,14646.00,52122,3502,14645.25,14776.00,14615.75,14744.25,72633,3572,14688.00,14776.00,14687.00,14744.25,39324,1787,14744.00,14759.25,14719.75,14744.50,16210,1455,14516.00,14776.00,14467.50,14744.25,467134,22999
2022-02-09,NQH2,48877,14746.25,15068.00,14741.00,15052.00,524003,14746.25,14787.75,14741.00,14773.75,4902,1310,14746.25,14946.50,14741.00,14917.75,105993,24199,14780.75,14933.75,14770.75,14922.00,48494,9859,14935.75,14936.00,14911.50,14917.75,11825,2460,14917.75,14951.25,14853.25,14898.25,121410,3597,14917.75,14967.25,14853.25,14932.00,211427,8929,14932.25,14994.50,14909.25,14976.75,71837,6725,14976.75,15024.50,14976.00,14988.50,35174,3317,14988.75,15044.25,14947.25,15041.00,77732,3555,14996.25,15044.25,14988.00,15041.00,46342,1790,15041.25,15068.00,15025.75,15053.75,21778,2135,14917.75,15044.25,14853.25,15041.00,396170,22526
2022-02-10,NQH2,50324,15062.25,15062.25,14622.00,14695.50,819340,15062.25,15062.25,15031.25,15044.75,4497,1281,15062.25,15062.25,14721.00,14736.25,174951,24874,15029.50,15040.00,14966.50,15021.00,33485,8635,15026.50,15028.25,14721.00,14736.25,93986,3571,14735.75,14991.00,14731.75,14943.00,160669,3598,14735.75,15029.25,14731.75,14951.75,314386,8986,14952.25,14978.50,14728.50,14797.00,156050,7108,14797.00,14824.75,14707.25,14715.25,66786,3561,14714.75,14773.00,14622.00,14710.00,86494,3589,14728.75,14732.00,14622.00,14710.00,50597,1798,14709.50,14711.75,14655.75,14697.75,20605,2189,14735.75,15029.25,14622.00,14710.00,623716,23244
2022-02-11,NQH2,56142,14698.25,14766.75,14181.00,14256.75,826196,14698.25,14712.00,14654.00,14659.00,7182,1670,14698.25,14738.75,14527.50,14701.50,147558,30620,14609.00,14700.00,14572.00,14670.50,53001,11041,14695.00,14738.75,14684.00,14701.50,21900,2944,14700.75,14766.75,14590.00,14643.25,139937,3597,14700.75,14766.75,14525.00,14563.75,258731,8981,14563.50,14599.00,14311.00,14341.50,153793,7033,14341.75,14392.50,14208.75,14251.75,121810,3598,14251.75,14341.00,14181.00,14254.50,113410,3593,14252.25,14318.50,14181.00,14254.50,64398,1798,14254.00,14290.00,14210.00,14257.50,30768,2297,14700.75,14766.75,14181.00,14254.50,647744,23205
2022-02-14,NQH2,57910,14250.00,14394.00,14031.00,14260.75,728325,14250.00,14263.00,14184.25,14249.25,13157,2206,14250.00,14298.00,14031.00,14209.75,215056,33571,14271.00,14271.00,14031.00,14232.75,107246,13972,14252.25,14257.50,14163.25,14209.75,32743,3310,14210.00,14334.75,14182.00,14278.75,133165,3600,14210.00,14376.50,14182.00,14339.25,247481,8966,14338.50,14394.00,14146.25,14157.75,92019,6798,14156.25,14264.50,14102.00,14232.75,86111,3574,14231.50,14294.25,14172.50,14266.00,73567,3578,14248.50,14294.25,14220.25,14266.00,40677,1795,14265.75,14277.00,14240.75,14257.75,14003,1416,14210.00,14394.00,14102.00,14266.00,499178,22916
2022-02-15,NQH2,53818,14257.00,14614.75,14223.25,14581.75,555548,14257.00,14301.00,14256.00,14296.25,3591,1036,14257.00,14574.25,14223.25,14475.25,174194,29744,14257.25,14574.25,14244.25,14545.50,94727,13051,14520.25,14528.75,14461.50,14475.25,28177,3087,14475.00,14522.00,14445.00,14492.25,109992,3594,14475.00,14563.75,14445.00,14548.75,183216,8789,14548.75,14559.75,14427.50,14542.50,77562,6678,14542.25,14571.00,14503.75,14556.75,37246,3336,14557.75,14614.25,14524.00,14605.75,66135,3514,14578.50,14614.25,14524.00,14605.75,46800,1792,14605.75,14614.75,14564.50,14586.25,17079,1740,14475.00,14614.25,14427.50,14605.75,364159,22317
2022-02-16,NQH2,49816,14588.00,14668.50,14381.00,14592.50,588400,14588.00,14591.25,14558.25,14564.50,3758,1139,14588.00,14668.50,14495.50,14512.50,133138,25246,14584.75,14668.50,14556.00,14574.00,67404,11365,14579.75,14607.00,14495.50,14512.50,29564,3184,14511.50,14517.00,14381.00,14427.75,114852,3593,14511.50,14517.00,14381.00,14454.75,191586,8838,14454.25,14473.75,14385.00,14407.50,66699,6556,14408.00,14607.00,14392.00,14579.00,106577,3575,14579.50,14645.00,14576.25,14586.50,65707,3556,14626.25,14645.00,14585.75,14586.50,33364,1779,14586.25,14642.00,14561.25,14594.00,24667,2030,14511.50,14645.00,14381.00,14586.50,430569,22525
2022-02-17,NQH2,53948,14592.25,14619.50,14131.50,14156.75,623351,14592.25,14619.50,14566.00,14570.75,7518,1632,14592.25,14619.50,14442.00,14465.00,163695,28866,14538.75,14584.25,14468.75,14547.25,49827,10159,14510.50,14527.25,14446.25,14465.00,32952,3121,14464.50,14495.00,14339.50,14344.50,118517,3597,14464.50,14495.00,14322.25,14358.00,214652,8922,14357.75,14368.50,14285.50,14304.25,83960,6943,14303.75,14304.00,14235.50,14239.00,46420,3498,14239.00,14245.50,14148.00,14164.00,89387,3585,14198.25,14224.00,14148.00,14164.00,53700,1799,14164.00,14175.75,14131.50,14155.25,25098,2112,14464.50,14495.00,14148.00,14164.00,434419,22948
2022-02-18,NQH2,54882,14156.25,14299.00,13906.25,13993.75,755017,14156.25,14185.25,14137.25,14177.00,7354,1825,14156.25,14299.00,14128.75,14199.00,164829,29615,14235.50,14287.75,14223.00,14261.50,40360,9599,14166.50,14211.75,14130.00,14199.00,37903,3264,14198.75,14220.75,14085.75,14094.50,128000,3599,14198.75,14220.75,13961.50,13970.25,263778,8986,13970.00,14056.75,13906.25,13997.25,132910,7112,13997.00,14136.00,13981.00,14104.50,73578,3554,14104.25,14143.75,13961.00,13991.25,98078,3591,14025.50,14054.75,13961.00,13991.25,53805,1797,13991.50,14039.00,13984.00,13989.50,21795,2004,14198.75,14220.75,13906.25,13991.25,568344,23243
2022-02-21,NQH2,39774,13952.75,14157.50,13716.25,13735.50,237329,13952.75,13955.75,13837.00,13851.00,13975,2106,13952.75,14157.50,13774.50,13868.00,174201,30601,14103.50,14108.75,13823.25,13855.25,56344,10444,13802.00,13890.00,13780.25,13868.00,25116,2975,13868.25,13883.75,13802.50,13863.50,26990,3104,13868.25,13883.75,13750.00,13769.75,50069,6831,13770.00,13794.50,13716.25,13735.50,13059,2342,,,,,0,0,,,,,0,0,,,,,0,0,,,,,0,0,13868.25,13883.75,13716.25,13735.50,63128,9173
2022-02-22,NQH2,64633,13680.00,14108.25,13580.25,13920.25,866783,13680.00,13709.00,13580.25,13690.25,24854,2906,13680.00,13967.00,13580.25,13880.25,250835,39306,13630.75,13967.00,13613.50,13939.50,110697,15021,13892.75,13951.00,13874.75,13880.25,20304,2878,13880.25,14096.25,13862.00,14077.50,140318,3598,13880.25,14108.25,13833.25,13867.25,268342,8981,13867.00,13907.75,13746.25,13760.00,106133,7070,13760.00,13957.75,13710.75,13932.25,105307,3591,13932.75,14013.75,13811.50,13859.50,112474,3596,13978.00,13981.25,13811.50,13859.50,57206,1797,13860.25,13949.25,13853.50,13920.25,23635,2070,13880.25,14108.25,13710.75,13859.50,592256,23238
2022-02-23,NQH2,53351,13928.25,14068.75,13471.25,13487.50,703160,13928.25,13989.75,13915.25,13972.00,7312,1560,13928.25,14068.75,13912.25,13992.75,130081,27840,13959.75,14068.75,13942.75,14022.25,61962,11962,14001.75,14027.00,13986.50,13992.75,15451,2607,13993.25,14031.00,13794.75,13814.25,135835,3598,13993.25,14031.00,13714.00,13813.25,262003,8984,13814.25,13864.00,13651.50,13680.75,117563,7060,13680.25,13706.75,13568.25,13587.00,70586,3568,13587.75,13598.00,13494.50,13515.00,95705,3586,13581.00,13592.75,13494.50,13515.00,55387,1798,13515.00,13539.00,13471.25,13483.00,27108,2289,13993.25,14031.00,13494.50,13515.00,545857,23198
2022-02-24,NQH2,72228,13484.25,13983.25,13025.75,13911.00,1108984,13484.25,13517.75,13457.50,13500.00,10810,2227,13484.25,13517.75,13025.75,13076.25,405467,46655,13091.75,13249.75,13053.75,13078.50,144822,16222,13044.00,13152.50,13034.25,13076.25,35199,3352,13076.25,13483.25,13058.00,13376.00,197651,3599,13076.25,13562.75,13058.00,13537.50,346112,8995,13537.75,13700.25,13403.50,13612.25,142909,7124,13613.50,13803.75,13558.50,13764.50,89026,3589,13765.75,13983.25,13754.75,13971.00,95953,3581,13812.75,13983.25,13807.75,13971.00,62793,1798,13970.75,13979.00,13890.25,13912.50,29371,2261,13076.25,13983.25,13058.00,13971.00,674000,23289
2022-02-25,NQH2,62225,13909.50,14196.25,13760.25,14187.75,775139,13909.50,13915.25,13836.25,13860.25,12626,2267,13909.50,14107.50,13760.25,13994.50,243902,37298,13843.75,14025.00,13760.25,14013.75,99639,14043,14045.25,14107.50,13974.50,13994.50,38308,3394,13995.50,14013.50,13831.75,13999.00,146922,3598,13995.50,14163.75,13831.75,14159.25,270898,8962,14159.75,14176.00,14036.75,14112.25,113514,7053,14112.50,14155.25,14061.25,14104.00,57636,3528,14103.75,14184.50,14072.50,14174.50,67357,3531,14135.00,14184.50,14114.75,14174.50,39992,1778,14174.25,14196.25,14174.00,14188.75,21743,1838,13995.50,14184.50,13831.75,14174.50,509405,23074
2022-02-28,NQH2,62689,13900.25,14292.25,13683.00,14218.00,745430,13900.25,13900.25,13683.00,13853.75,25000,2929,13900.25,14068.25,13683.00,14040.75,219850,37912,13997.25,14068.25,13911.75,14001.00,73311,13046,14005.75,14049.50,13967.25,14040.75,19034,2898,14041.00,14157.25,14027.25,14101.75,127523,3598,14041.00,14292.25,14027.25,14256.50,246065,8961,14256.75,14271.75,14067.00,14138.50,116634,7059,14136.75,14143.00,13995.75,14078.75,62124,3572,14078.25,14239.50,14023.75,14236.00,78532,3576,14113.50,14239.50,14028.00,14236.00,50596,1795,14236.75,14240.00,14203.25,14218.50,22162,1590,14041.00,14292.25,13995.75,14236.00,503355,23168
2022-03-01,NQH2,55499,14219.25,14327.75,13900.00,14028.50,638647,14219.25,14270.50,14204.25,14260.75,5868,1311,14219.25,14327.75,14070.25,14174.75,163738,30752,14268.50,14307.25,14070.25,14114.00,74248,13384,14177.75,14210.00,14158.50,14174.75,21864,3062,14175.00,14273.00,14147.00,14228.75,125116,3598,14175.00,14273.00,14017.25,14041.00,250324,8974,14041.25,14119.25,13972.50,14009.00,94405,6977,14009.25,14067.25,13964.25,13996.75,46172,3474,13995.50,14099.50,13900.00,13999.25,65006,3510,13997.25,14004.25,13900.00,13999.25,40583,1782,13998.75,14045.75,13989.75,14026.00,18960,1796,14175.00,14273.00,13900.00,13999.25,455907,22935
2022-03-02,NQH2,56329,14026.25,14290.00,13911.50,14196.75,620637,14026.25,14052.75,14008.00,14051.50,5012,1359,14026.25,14145.00,13911.50,14069.00,169194,31751,13963.50,14145.00,13941.25,14089.25,76162,13059,14052.50,14077.50,14004.75,14069.00,22417,2875,14069.50,14129.75,13951.00,14083.25,123576,3598,14069.50,14223.00,13951.00,14166.50,267554,8963,14166.75,14265.00,14148.75,14225.75,71518,6664,14227.75,14284.00,14218.00,14233.25,32296,3341,14232.75,14290.00,14227.00,14250.50,56678,3519,14267.75,14290.00,14235.00,14250.50,35294,1780,14250.25,14250.75,14172.25,14195.00,23326,2073,14069.50,14290.00,13951.00,14250.50,428046,22487
2022-03-03,NQH2,50209,14196.50,14391.00,13955.00,14058.50,591227,14196.50,14209.00,14185.75,14206.00,4054,1086,14196.50,14391.00,14160.00,14348.00,130949,25594,14207.25,14244.00,14160.00,14203.50,50792,10828,14252.00,14391.00,14240.25,14348.00,35755,3125,14349.00,14355.50,14127.00,14150.00,107178,3598,14349.00,14355.50,14031.75,14121.25,217564,8964,14121.25,14214.25,14046.50,14125.25,120491,6978,14125.00,14172.25,14040.75,14055.25,43878,3435,14056.00,14059.00,13955.00,14023.50,60994,3571,14039.00,14047.50,13955.00,14023.50,35649,1791,14023.00,14064.25,14022.50,14063.75,17217,1652,14349.00,14355.50,13955.00,14023.50,442927,22948
2022-03-04,NQH2,60823,14069.25,14086.50,13733.75,13798.75,716139,14069.25,14086.00,14050.00,14082.25,3687,1093,14069.25,14086.50,13745.25,13926.75,229651,36075,13968.75,14060.25,13872.00,13920.50,74413,13145,13922.50,14010.00,13880.25,13926.75,32481,3270,13928.25,13995.50,13799.50,13824.00,117228,3599,13928.25,13995.50,13733.75,13786.75,234893,8977,13787.75,13934.50,13764.00,13811.00,115676,7038,13811.25,13849.75,13741.75,13742.50,53225,3499,13742.25,13851.75,13742.25,13842.50,65780,3562,13793.75,13851.75,13744.00,13842.50,37326,1790,13843.25,13851.00,13795.25,13800.25,16883,1658,13928.25,13995.50,13733.75,13842.50,469574,23076
2022-03-07,NQH2,60599,13763.50,13879.75,13265.00,13270.00,702994,13763.50,13763.50,13563.00,13587.50,18916,2631,13763.50,13848.00,13527.75,13826.25,212224,35082,13551.50,13775.50,13547.75,13710.25,89439,13980,13746.75,13848.00,13744.00,13826.25,28737,3113,13825.50,13879.75,13571.25,13594.50,120642,3599,13825.50,13879.75,13541.00,13555.75,225483,8980,13555.00,13589.75,13461.25,13479.00,117861,7111,13478.50,13523.50,13408.75,13424.25,44340,3495,13424.75,13433.50,13321.75,13322.75,73690,3571,13421.00,13424.00,13321.75,13322.75,42980,1792,13322.50,13331.50,13265.00,13276.50,29297,2335,13825.50,13879.75,13321.75,13322.75,461374,23157
2022-03-08,NQH2,59710,13283.00,13666.00,13103.25,13199.50,827156,13283.00,13290.00,13250.25,13269.75,6245,1492,13283.00,13425.00,13103.25,13280.75,199146,34446,13161.00,13425.00,13156.25,13312.00,87283,13357,13265.25,13324.00,13247.00,13280.75,22927,3039,13281.00,13374.00,13137.75,13201.00,153415,3600,13281.00,13374.00,13118.25,13214.00,279395,8982,13211.50,13666.00,13208.25,13361.25,185106,7183,13361.25,13477.25,13291.00,13409.50,67079,3583,13409.00,13511.00,13252.25,13256.25,73446,3580,13359.25,13361.00,13252.25,13256.25,44532,1797,13256.00,13277.50,13183.75,13201.00,22951,1920,13281.00,13666.00,13118.25,13256.25,605026,23328
2022-03-09,NQH2,58774,13192.25,13821.75,13189.75,13774.00,639501,13192.25,13258.75,13189.75,13251.25,4869,1233,13192.25,13644.25,13189.75,13601.00,191303,33698,13417.25,13575.00,13356.50,13567.00,87292,14110,13583.50,13644.25,13540.50,13601.00,36889,3153,13602.00,13648.00,13496.00,13630.50,134340,3596,13602.00,13683.75,13496.00,13666.25,228858,8931,13667.00,13749.25,13633.25,13689.25,93950,6966,13689.25,13747.25,13683.00,13727.00,37662,3406,13728.25,13795.75,13702.00,13733.50,60136,3480,13763.75,13795.75,13702.00,13733.50,39863,1774,13733.75,13821.75,13716.25,13777.75,27486,2278,13602.00,13795.75,13496.00,13733.50,420606,22783
2022-03-10,NQH2,55160,13778.00,13778.00,13396.25,13572.50,577120,13778.00,13778.00,13728.00,13745.75,6687,1699,13778.00,13778.00,13508.75,13557.75,173590,30853,13709.00,13721.75,13512.75,13523.50,84208,13325,13543.50,13622.50,13512.50,13557.75,35076,3212,13557.50,13611.75,13486.25,13532.00,116865,3598,13557.50,13611.75,13396.25,13457.75,206756,8940,13458.25,13543.00,13420.75,13529.25,76438,6881,13529.50,13636.00,13519.25,13618.50,52646,3511,13619.50,13631.00,13551.00,13596.50,54085,3508,13583.75,13631.00,13551.00,13596.50,28917,1749,13596.25,13597.25,13559.00,13572.75,13558,1451,13557.50,13636.00,13396.25,13596.50,389925,22840
2022-03-11,NQH2,49350,13577.25,13860.75,13281.75,13303.00,379025,13577.25,13616.00,13558.00,13597.00,3030,1030,13577.25,13860.75,13454.00,13705.50,115254,26709,13587.00,13860.75,13537.00,13772.50,59534,11105,13767.50,13774.50,13705.00,13705.50,10016,2253,13706.00,13721.75,13508.50,13546.00,73786,3562,13706.00,13721.75,13413.25,13458.00,141601,8764,13457.25,13518.00,13403.25,13441.75,50023,6205,13441.75,13489.25,13406.75,13419.75,23471,3042,13419.00,13434.00,13293.00,13294.75,36558,3312,13372.00,13377.25,13293.00,13294.75,23883,1744,13293.75,13329.75,13281.75,13302.25,12079,1305,13706.00,13721.75,13293.00,13294.75,251653,21323
2022-03-14,NQM2,50164,13334.50,13447.50,13015.50,13078.75,473307,13334.50,13399.00,13328.00,13354.75,6108,1478,13334.50,13447.50,13223.25,13251.75,104742,26207,13365.00,13447.50,13226.25,13247.50,42238,10610,13253.00,13319.00,13245.75,13251.75,12410,2202,13252.25,13389.25,13200.00,13343.50,97367,3589,13252.25,13389.25,13171.50,13182.00,175092,8874,13182.25,13192.25,13022.00,13068.25,81686,6733,13068.00,13093.25,13028.50,13072.00,36061,3423,13072.00,13119.75,13015.50,13040.50,62842,3547,13083.25,13094.00,13015.50,13040.50,35127,1783,13041.25,13089.25,13038.00,13079.25,12808,1365,13252.25,13389.25,13015.50,13040.50,355681,22577
2022-03-15,NQM2,49791,13079.50,13486.50,12942.50,13443.25,487130,13079.50,13113.75,13066.25,13102.25,2807,822,13079.50,13184.50,12942.50,13162.25,109056,25713,13064.50,13122.50,12942.50,13078.75,52082,11148,13102.75,13184.50,13094.50,13162.25,19842,2684,13163.00,13260.50,13087.50,13246.00,105140,3592,13163.00,13404.75,13087.50,13325.00,200220,8932,13324.75,13386.50,13281.00,13340.00,72095,6769,13340.25,13380.50,13260.25,13378.50,34432,3349,13378.25,13486.50,13366.00,13444.25,54526,3500,13433.50,13486.50,13429.50,13444.25,31403,1749,13443.75,13461.75,13432.75,13442.25,16752,1517,13163.00,13486.50,13087.50,13444.25,361273,22550
2022-03-16,NQM2,49370,13445.25,14025.75,13417.25,13999.50,606582,13445.25,13453.00,13428.00,13438.75,1716,588,13445.25,13720.25,13417.25,13622.00,103864,24163,13593.00,13720.25,13579.00,13699.25,45432,10184,13690.50,13698.25,13613.75,13622.00,18369,2742,13621.75,13837.25,13612.25,13824.75,95925,3596,13621.75,13866.50,13612.25,13817.75,172807,8806,13817.75,13831.50,13662.75,13747.25,76678,6767,13745.50,13784.50,13463.00,13743.75,138399,3590,13743.75,13938.50,13701.25,13936.00,85813,3570,13843.25,13938.50,13805.50,13936.00,41739,1780,13936.00,14025.75,13935.50,13997.75,28951,2457,13621.75,13938.50,13463.00,13936.00,473697,22733
2022-03-17,NQM2,49814,13991.00,14132.50,13819.00,14054.25,496084,13991.00,13995.00,13954.00,13960.00,3828,1123,13991.00,14022.25,13832.50,13866.00,105920,24964,13997.25,14022.25,13837.25,13897.75,48021,10431,13878.00,13894.25,13832.50,13866.00,16169,2533,13865.00,14012.75,13819.00,13946.25,102699,3585,13865.00,14012.75,13819.00,13923.75,188707,8898,13925.25,14092.00,13904.00,14074.75,81664,6828,14075.25,14082.00,14014.00,14057.25,39559,3449,14057.50,14112.50,14006.00,14099.25,56645,3522,14052.75,14112.50,14039.75,14099.25,33442,1769,14099.50,14132.50,14040.50,14053.50,23557,2140,13865.00,14112.50,13819.00,14099.25,366575,22697
2022-03-18,NQM2,49615,14056.75,14442.75,13966.50,14435.25,543218,14056.75,14072.25,14017.25,14024.25,4605,1251,14056.75,14072.25,13966.50,14037.25,101622,24470,14024.25,14053.00,13977.00,13993.75,37111,9703,14013.00,14046.50,13978.25,14037.25,22010,2712,14037.50,14245.25,13995.00,14208.50,115051,3599,14037.50,14277.75,13995.00,14244.25,218453,8956,14244.25,14324.25,14224.50,14304.75,91648,6957,14305.00,14338.25,14284.50,14334.50,36173,3447,14334.25,14424.00,14324.25,14410.00,72678,3549,14390.25,14424.00,14369.50,14410.00,46596,1796,14410.00,14442.75,14395.50,14435.00,22467,2208,14037.50,14424.00,13995.00,14410.00,418952,22909
2022-03-21,NQM2,47685,14404.00,14466.75,14183.75,14394.75,580301,14404.00,14435.00,14402.25,14416.25,6329,1435,14404.00,14435.00,14307.00,14365.25,85900,22814,14345.75,14428.50,14312.25,14402.50,35566,8906,14378.75,14386.00,14357.50,14365.25,12485,2420,14365.75,14466.75,14228.00,14235.50,110022,3597,14365.75,14466.75,14228.00,14438.50,221988,8958,14439.25,14449.75,14183.75,14256.50,139349,7102,14256.25,14342.75,14228.75,14250.75,53744,3529,14250.75,14371.25,14242.00,14367.50,62291,3545,14315.25,14371.25,14263.00,14367.50,36665,1780,14367.50,14399.00,14366.00,14391.75,16949,1723,14365.75,14466.75,14183.75,14367.50,477372,23134
2022-03-22,NQM2,46605,14390.00,14690.75,14293.50,14654.50,501944,14390.00,14391.00,14364.75,14370.25,2595,814,14390.00,14448.25,14293.50,14391.25,84046,22041,14331.25,14448.25,14324.00,14384.75,36472,9134,14375.00,14405.25,14365.50,14391.25,12889,2458,14391.00,14590.75,14374.00,14589.00,119556,3597,14391.00,14684.75,14374.00,14631.25,219162,8964,14631.00,14646.75,14571.00,14644.25,88415,6978,14644.75,14659.75,14590.25,14649.25,42276,3445,14649.00,14690.75,14627.75,14655.25,53908,3512,14644.00,14690.75,14627.75,14655.25,31471,1765,14655.50,14670.00,14649.50,14654.75,14028,1646,14391.00,14690.75,14374.00,14655.25,403761,22899
2022-03-23,NQM2,46272,14654.00,14682.25,14441.00,14463.75,543738,14654.00,14672.00,14630.25,14665.00,4587,1319,14654.00,14677.00,14520.00,14528.50,86029,21635,14661.00,14663.00,14529.25,14543.75,34788,8769,14553.00,14559.75,14520.00,14528.50,17861,2767,14529.00,14595.50,14460.75,14574.25,124450,3598,14529.00,14654.00,14460.75,14653.25,220709,8949,14653.00,14682.25,14492.00,14529.75,111002,7082,14529.25,14554.25,14467.25,14511.50,46639,3505,14511.25,14530.75,14442.25,14446.25,63171,3543,14498.75,14530.75,14442.25,14446.25,39342,1778,14446.50,14463.50,14441.00,14462.00,16107,1543,14529.00,14682.25,14442.25,14446.25,441521,23079
2022-03-24,NQM2,46103,14462.75,14769.75,14433.50,14763.00,509230,14462.75,14472.75,14454.50,14464.75,2477,935,14462.75,14571.25,14448.25,14523.75,85193,21675,14513.25,14571.25,14502.25,14526.00,40467,8937,14520.75,14544.25,14504.25,14523.75,12292,2417,14523.50,14556.00,14445.00,14467.75,119181,3599,14523.50,14664.00,14433.50,14634.50,235392,8961,14635.25,14667.25,14583.00,14650.00,78832,6856,14649.75,14687.25,14631.25,14672.50,39209,3414,14671.75,14758.00,14648.75,14756.00,54076,3497,14728.25,14758.00,14696.75,14756.00,30946,1766,14755.75,14769.75,14754.50,14762.50,16424,1676,14523.50,14758.00,14433.50,14756.00,407509,22728
2022-03-25,NQM2,46720,14765.00,14840.50,14572.50,14752.50,545812,14765.00,14775.75,14745.00,14747.25,3133,874,14765.00,14840.50,14693.25,14764.25,93984,22178,14785.25,14840.50,14693.25,14826.75,40071,8880,14829.75,14830.50,14760.50,14764.25,15998,2500,14764.75,14788.50,14694.25,14746.50,106673,3598,14764.75,14808.00,14572.50,14601.75,230270,8980,14602.00,14715.75,14583.25,14713.00,99668,7012,14712.75,14749.00,14703.25,14738.00,40410,3420,14738.00,14753.75,14627.00,14753.25,65110,3558,14650.25,14753.75,14627.00,14753.25,37191,1789,14753.50,14759.25,14743.00,14749.50,16334,1556,14764.75,14808.00,14572.50,14753.25,435458,22970
2022-03-28,NQM2,49217,14756.00,14997.00,14658.75,14981.00,528091,14756.00,14779.50,14728.75,14733.75,5512,1365,14756.00,14812.50,14658.75,14752.25,96075,24764,14684.25,14808.00,14675.00,14805.25,41627,10157,14775.50,14779.25,14735.75,14752.25,13363,2520,14751.75,14912.25,14745.00,14807.00,120034,3596,14751.75,14912.25,14718.00,14736.50,234353,8965,14736.00,14852.00,14701.00,14845.00,82338,6881,14845.00,14933.25,14830.00,14932.00,41310,3382,14931.75,14983.00,14918.50,14982.75,54927,3514,14945.00,14983.00,14926.75,14982.75,34127,1774,14983.00,14997.00,14979.25,14981.75,19021,1695,14751.75,14983.00,14701.00,14982.75,412928,22742
2022-03-29,NQM2,48648,14981.00,15268.75,14956.50,15224.25,547396,14981.00,14982.50,14963.00,14973.75,2427,755,14981.00,15173.50,14956.50,15149.75,128846,24231,15030.50,15100.25,14988.50,15084.00,59015,10767,15154.00,15173.50,15126.50,15149.75,22646,3046,15149.50,15219.50,15032.50,15095.00,133203,3600,15149.50,15219.50,15032.50,15145.50,226602,8917,15145.25,15190.25,15079.00,15186.75,79220,6863,15186.25,15229.50,15157.50,15218.75,36673,3401,15218.75,15268.75,15203.00,15226.75,59237,3526,15252.00,15268.75,15203.00,15226.75,36555,1780,15227.50,15247.50,15217.75,15226.50,16737,1694,15149.50,15268.75,15032.50,15226.75,401732,22707
2022-03-30,NQM2,47144,15222.00,15262.25,15012.25,15105.00,505564,15222.00,15228.00,15202.00,15212.25,3424,1080,15222.00,15262.25,15127.00,15167.50,85744,22613,15218.25,15221.00,15141.75,15186.75,33932,8952,15133.50,15172.50,15128.50,15167.50,12745,2437,15167.50,15230.00,15141.25,15219.75,99442,3591,15167.50,15234.75,15096.25,15147.75,194666,8938,15147.50,15196.75,15122.00,15125.00,81890,6841,15125.00,15155.25,15075.00,15079.25,44546,3467,15079.50,15085.25,15012.25,15067.75,79743,3587,15029.25,15076.75,15019.00,15067.75,43049,1793,15068.25,15114.00,15058.00,15108.50,18903,1687,15167.50,15234.75,15012.25,15067.75,400845,22833
2022-03-31,NQM2,45124,15100.50,15180.75,14855.50,14917.25,549683,15100.50,15110.00,15097.00,15109.50,1937,633,15100.50,15180.75,15077.25,15083.50,74759,19916,15134.25,15180.75,15077.25,15115.75,29746,7950,15116.75,15135.25,15078.25,15083.50,14986,2612,15083.25,15090.00,14966.00,15016.25,110315,3597,15083.25,15095.25,14966.00,15044.00,201029,8929,15044.50,15053.50,14968.00,15004.75,88961,6904,15005.00,15027.00,14960.25,15021.25,46246,3488,15021.75,15064.75,14876.00,14882.25,101438,3575,14983.00,14993.75,14876.00,14882.25,68553,1796,14882.25,14923.75,14855.50,14917.75,37204,2294,15083.25,15095.25,14876.00,14882.25,437674,22896
2022-04-01,NQM2,44613,14918.75,14960.00,14725.00,14852.25,534666,14918.75,14923.00,14899.75,14913.75,2737,854,14918.75,14960.00,14875.50,14892.50,77764,19869,14939.50,14960.00,14906.50,14949.00,28096,7562,14949.00,14954.25,14880.25,14892.50,20129,2867,14892.75,14932.00,14806.50,14837.00,114907,3596,14892.75,14932.00,14754.50,14763.25,221953,8976,14762.50,14789.00,14725.00,14771.25,90186,7015,14770.75,14856.50,14755.75,14811.00,50146,3518,14811.25,14872.00,14747.75,14861.25,73314,3567,14778.75,14872.00,14747.75,14861.25,45697,1790,14861.00,14870.75,14829.25,14851.25,21243,1651,14892.75,14932.00,14725.00,14861.25,435599,23076
2022-04-04,NQM2,44967,14846.00,15174.50,14801.00,15159.50,451403,14846.00,14861.00,14826.50,14832.25,3876,1102,14846.00,14939.00,14801.00,14894.75,79558,20731,14876.00,14939.00,14825.00,14925.75,35013,8851,14906.25,14916.25,14877.75,14894.75,12966,2390,14894.75,15068.75,14883.50,15043.75,119878,3598,14894.75,15120.50,14883.50,15109.00,203547,8933,15109.50,15130.75,15085.25,15119.50,58564,6627,15119.25,15141.50,15067.25,15129.75,39775,3450,15130.00,15165.25,15114.00,15162.50,53288,3480,15143.00,15165.25,15129.25,15162.50,32833,1768,15162.50,15174.50,15154.00,15160.00,16610,1728,14894.75,15165.25,14883.50,15162.50,355174,22490
2022-04-05,NQM2,42886,15155.50,15198.00,14780.25,14861.50,556453,15155.50,15161.50,15152.50,15158.00,1967,623,15155.50,15198.00,15100.50,15106.50,67027,18202,15146.50,15198.00,15110.50,15139.00,32818,8617,15113.75,15126.75,15100.50,15106.50,12243,2255,15106.25,15136.25,14935.25,14966.25,139752,3600,15106.25,15136.25,14888.50,14895.25,251800,8976,14896.00,14940.75,14847.25,14868.00,98099,7046,14868.25,14909.00,14858.50,14869.00,43587,3476,14869.00,14882.75,14780.25,14819.00,80308,3570,14825.75,14840.50,14780.25,14819.00,47782,1796,14818.75,14861.25,14814.25,14861.25,15586,1597,15106.25,15136.25,14780.25,14819.00,473794,23068
2022-04-06,NQM2,51125,14861.00,14861.25,14394.75,14496.00,775509,14861.00,14861.25,14833.25,14844.25,2887,958,14861.00,14861.25,14581.25,14600.75,123103,26116,14837.00,14841.50,14581.25,14589.75,65236,11984,14604.75,14617.00,14584.50,14600.75,16563,2812,14600.50,14643.50,14456.25,14470.75,150495,3599,14600.50,14643.50,14446.25,14495.50,271423,8976,14495.00,14561.75,14420.50,14526.75,109310,7081,14527.25,14634.25,14394.75,14599.00,148991,3597,14599.25,14652.75,14466.50,14506.25,103832,3597,14492.00,14583.75,14466.50,14506.25,51876,1799,14506.00,14518.00,14492.00,14496.00,18776,1742,14600.50,14652.75,14394.75,14506.25,633556,23251
2022-04-07,NQM2,50419,14496.25,14633.75,14317.00,14534.00,640433,14496.25,14520.50,14494.25,14511.50,3227,994,14496.25,14604.00,14433.75,14464.25,113087,25650,14532.00,14604.00,14511.75,14552.25,48133,10585,14508.25,14523.25,14451.25,14464.25,20549,2857,14464.75,14608.00,14459.25,14528.25,129527,3598,14464.75,14608.00,14355.50,14369.75,247933,8975,14369.50,14497.00,14317.00,14493.00,120538,7067,14493.50,14558.50,14465.00,14556.75,62651,3529,14557.00,14633.75,14530.50,14531.75,81073,3582,14575.25,14629.75,14530.50,14531.75,38879,1789,14531.75,14552.50,14522.00,14536.00,15108,1602,14464.75,14633.75,14317.00,14531.75,512195,23153
2022-04-08,NQM2,48344,14536.25,14642.25,14310.50,14328.00,634753,14536.25,14549.50,14534.50,14540.75,1686,572,14536.25,14642.25,14461.00,14467.50,101789,23648,14602.50,14642.25,14540.00,14582.00,43181,10284,14567.75,14570.75,14461.00,14467.50,25678,2995,14467.75,14476.75,14312.50,14405.50,142273,3594,14467.75,14495.75,14312.50,14451.75,274014,8974,14451.75,14498.25,14380.00,14393.75,103182,7048,14394.00,14417.50,14337.75,14379.00,58498,3524,14378.75,14414.50,14315.25,14317.00,76719,3573,14385.75,14397.25,14315.25,14317.00,42060,1794,14316.75,14355.75,14310.50,14329.00,20483,1560,14467.75,14498.25,14312.50,14317.00,512413,23119
2022-04-11,NQM2,54193,14345.00,14382.00,13984.75,14003.50,563655,14345.00,14382.00,14340.75,14363.25,4624,1225,14345.00,14382.00,14128.00,14158.75,142088,29733,14230.50,14305.75,14155.75,14176.00,64857,11976,14143.25,14174.25,14133.50,14158.75,16234,2664,14159.25,14197.00,14062.25,14071.50,129632,3599,14159.25,14197.00,14033.75,14072.50,219543,8922,14072.00,14131.25,14044.25,14091.75,75752,6865,14092.00,14118.25,14046.00,14094.50,38597,3413,14094.50,14123.75,13984.75,13990.75,68757,3535,14041.50,14049.50,13984.75,13990.75,44434,1792,13991.00,14011.75,13988.25,14004.25,18869,1711,14159.25,14197.00,13984.75,13990.75,402649,22735
2022-04-12,NQM2,53354,14006.25,14284.25,13881.25,13953.50,701632,14006.25,14018.00,14005.00,14017.25,2500,837,14006.25,14284.25,13902.75,14194.75,180127,28723,13976.25,14046.00,13922.00,14029.25,53603,11421,14044.75,14284.25,14041.25,14194.75,70135,3524,14194.25,14277.50,14113.00,14191.75,136864,3599,14194.25,14277.50,14085.25,14152.50,246929,8962,14153.00,14158.00,13996.50,14005.25,119214,7050,14005.75,14032.50,13916.50,13954.50,67268,3561,13954.00,13977.50,13881.25,13951.50,71969,3565,13892.00,13977.50,13889.00,13951.50,38754,1778,13951.50,13963.00,13920.50,13955.25,16057,1477,14194.25,14277.50,13881.25,13951.50,505380,23138
2022-04-13,NQM2,50407,13952.75,14266.50,13921.00,14212.25,523210,13952.75,13967.75,13941.50,13965.75,3612,1144,13952.75,14098.75,13925.50,13949.50,122570,26338,14057.25,14078.75,13973.75,13981.25,47292,10668,13965.00,13991.00,13925.50,13949.50,27070,3068,13950.00,14097.50,13921.00,14083.50,119498,3597,13950.00,14174.50,13921.00,14153.75,210093,8899,14154.00,14207.50,14126.50,14155.00,80563,6851,14155.00,14212.75,14150.25,14209.50,34779,3338,14209.00,14266.50,14181.00,14218.75,59067,3525,14245.50,14266.50,14213.00,14218.75,37354,1784,14218.75,14226.75,14208.50,14212.25,16068,1439,13950.00,14266.50,13921.00,14218.75,384502,22613
2022-04-14,NQM2,48049,14211.50,14296.25,13876.50,13892.25,538470,14211.50,14240.75,14211.50,14236.25,2293,791,14211.50,14296.25,14176.25,14226.00,103733,23617,14260.50,14264.25,14194.25,14196.50,40414,9459,14222.00,14240.00,14176.25,14226.00,25457,3058,14226.00,14246.75,14033.25,14061.75,122740,3596,14226.00,14246.75,14009.75,14023.50,220271,8937,14024.00,14036.00,13960.25,14019.00,88543,6889,14019.25,14048.50,13941.00,13945.25,43857,3387,13945.00,13968.50,13885.50,13890.75,63748,3530,13932.50,13936.50,13885.50,13890.75,39303,1781,13890.50,13899.00,13876.50,13892.75,18267,1678,14226.00,14246.75,13885.50,13890.75,416419,22743
2022-04-18,NQM2,46653,13892.00,14002.50,13729.50,13965.00,489413,13892.00,13903.75,13792.75,13817.50,9276,1888,13892.00,13903.75,13729.50,13844.00,89224,21826,13786.75,13869.50,13770.25,13835.50,24998,6454,13833.00,13866.50,13827.75,13844.00,13519,2351,13844.75,14002.50,13827.00,13984.75,108718,3595,13844.75,14002.50,13827.00,13875.25,186111,8893,13875.00,13977.75,13786.00,13951.50,88515,6879,13951.75,13995.75,13927.50,13935.00,44348,3449,13935.00,13943.00,13824.25,13906.25,55453,3524,13894.75,13906.75,13824.25,13906.25,34944,1780,13906.25,13990.50,13899.25,13964.75,25717,2066,13844.75,14002.50,13786.00,13906.25,374427,22745
2022-04-19,NQM2,50771,13962.75,14242.00,13828.00,14095.75,550045,13962.75,13988.00,13960.00,13975.00,2675,836,13962.75,14019.00,13828.00,13873.25,122301,25990,13990.00,13993.00,13828.00,13921.50,54575,11118,13927.25,13939.50,13846.00,13873.25,22276,2871,13873.25,14097.50,13833.50,14078.00,121509,3593,13873.25,14196.50,13833.50,14173.50,208906,8910,14172.75,14178.00,14124.00,14158.25,71428,6659,14158.75,14164.00,14102.25,14155.50,41705,3394,14155.75,14242.00,14146.50,14226.00,66744,3537,14222.00,14242.00,14179.25,14226.00,40354,1788,14225.50,14225.50,14065.00,14091.25,38861,2261,13873.25,14242.00,13833.50,14226.00,388783,22500
2022-04-20,NQM2,50649,14104.75,14298.00,13956.50,14070.00,600509,14104.75,14117.00,14081.50,14094.50,4657,1218,14104.75,14298.00,14042.25,14255.75,119135,25801,14090.75,14298.00,14066.25,14290.75,51580,10338,14286.75,14293.25,14247.00,14255.75,18744,2709,14255.75,14270.00,14037.25,14107.00,138070,3598,14255.75,14270.00,14021.50,14041.75,237353,8955,14042.25,14116.00,13979.50,14077.00,97042,6956,14076.50,14092.25,13956.50,13986.00,46802,3431,13985.75,14077.75,13983.00,14002.50,66936,3541,14025.25,14077.75,13991.00,14002.50,38944,1779,14002.25,14092.25,13991.25,14070.00,33204,1951,14255.75,14270.00,13956.50,14002.50,448133,22883
2022-04-21,NQM2,48812,14070.00,14283.00,13667.50,13715.50,678743,14070.00,14091.75,14063.25,14071.25,3835,1109,14070.00,14193.75,14054.50,14173.00,92765,23326,14087.00,14189.00,14070.50,14185.75,36949,9214,14169.00,14188.75,14147.25,14173.00,14232,2584,14173.00,14283.00,14115.75,14175.75,128053,3595,14173.00,14283.00,13964.00,13967.00,247789,8968,13967.75,13987.00,13854.25,13854.50,135320,7108,13855.00,13866.75,13742.00,13750.50,81154,3582,13751.00,13770.50,13680.00,13722.25,94512,3580,13746.50,13770.50,13680.00,13722.25,53772,1791,13722.00,13737.75,13667.50,13712.75,27123,2232,14173.00,14283.00,13680.00,13722.25,558775,23238
2022-04-22,NQM2,54403,13720.00,13781.00,13297.00,13315.50,723764,13720.00,13727.50,13692.50,13715.75,4466,1156,13720.00,13781.00,13612.25,13725.00,136721,29049,13740.75,13760.50,13652.00,13747.25,56386,11408,13775.25,13779.25,13682.75,13725.00,19791,2905,13724.75,13777.75,13584.75,13592.25,143007,3598,13724.75,13777.75,13515.50,13517.00,263247,8975,13516.75,13553.50,13433.25,13438.50,110856,7031,13438.00,13489.50,13375.50,13394.00,66340,3538,13393.50,13508.50,13340.00,13342.00,112893,3592,13432.75,13508.50,13340.00,13342.00,67557,1798,13341.50,13368.50,13297.00,13315.00,33651,2199,13724.75,13777.75,13340.00,13342.00,553336,23136
2022-04-25,NQM2,58115,13334.25,13549.75,13184.00,13528.00,741421,13334.25,13355.00,13289.25,13334.00,10685,2044,13334.25,13360.00,13184.00,13284.50,173107,32898,13213.75,13337.00,13184.00,13246.25,68378,12239,13260.75,13323.25,13254.50,13284.50,22812,2954,13285.50,13403.00,13236.00,13396.25,148732,3600,13285.50,13466.75,13236.00,13267.75,283808,8986,13268.00,13416.00,13242.50,13343.25,113622,7086,13345.00,13492.75,13323.75,13436.00,59519,3563,13436.50,13534.75,13348.25,13530.50,87759,3591,13461.50,13534.75,13461.25,13530.50,47123,1796,13529.75,13549.75,13512.00,13528.00,23547,1974,13285.50,13534.75,13236.00,13530.50,544708,23226
2022-04-26,NQM2,49567,13523.50,13583.75,12801.50,12815.50,745995,13523.50,13530.00,13507.75,13526.00,3012,913,13523.50,13583.75,13427.75,13443.50,93967,23257,13514.50,13530.00,13432.25,13486.00,40735,9739,13484.50,13493.00,13427.75,13443.50,17176,2575,13444.00,13450.75,13167.75,13185.50,147721,3600,13444.00,13450.75,13096.25,13103.75,284210,8987,13104.25,13229.75,13098.75,13119.25,132072,7116,13119.00,13199.50,13106.00,13189.50,64151,3541,13189.50,13213.25,13017.75,13021.50,95647,3585,13082.00,13099.50,13017.75,13021.50,55100,1793,13021.00,13025.50,12801.50,12810.50,75867,3060,13444.00,13450.75,13017.75,13021.50,576080,23229
2022-04-27,NQM2,59130,12881.00,13255.25,12878.25,13168.50,809634,12881.00,13042.25,12878.25,12965.50,23825,2810,12881.00,13183.50,12878.25,13022.25,193844,33176,13089.50,13183.50,12978.00,13029.25,80118,12974,13038.25,13064.75,12992.00,13022.25,27578,3128,13023.00,13255.25,12945.50,12982.25,171865,3598,13023.00,13255.25,12930.25,13084.00,314509,8977,13083.75,13231.50,13039.50,13163.25,130552,7101,13163.25,13176.50,13033.50,13050.50,51552,3495,13051.25,13064.00,12977.00,13013.00,76614,3575,13018.50,13056.25,12977.00,13013.00,41967,1792,13013.25,13190.00,12984.50,13162.25,42364,2781,13023.00,13255.25,12930.25,13013.00,573227,23148
2022-04-28,NQM2,53363,13191.00,13542.00,13033.00,13308.00,745221,13191.00,13196.25,13154.00,13161.75,4965,1117,13191.00,13347.25,13132.75,13211.00,138019,26979,13230.75,13347.25,13220.75,13262.75,58811,11441,13234.00,13266.75,13168.00,13211.00,32458,3208,13211.50,13280.75,13072.00,13083.25,149346,3600,13211.50,13280.75,13033.00,13128.50,269617,8985,13128.00,13452.00,13114.75,13448.00,139484,7141,13448.50,13525.50,13423.00,13498.50,59671,3557,13499.00,13542.00,13411.25,13446.50,72714,3564,13516.00,13517.75,13411.25,13446.50,44212,1796,13446.25,13472.50,13271.00,13307.75,65572,3115,13211.50,13542.00,13033.00,13446.50,541486,23247
2022-04-29,NQM2,54601,13219.50,13433.00,12831.75,12890.50,713924,13219.50,13285.00,13177.75,13251.75,10679,2010,13219.50,13420.50,13177.75,13289.00,143620,29300,13378.00,13391.25,13249.00,13267.00,52690,11407,13326.75,13330.75,13238.75,13289.00,29718,3140,13289.50,13433.00,13216.25,13224.00,150007,3600,13289.50,13433.00,13154.50,13176.75,259349,8959,13175.50,13181.25,13051.75,13056.25,105148,7094,13057.00,13073.00,12955.50,12993.50,59945,3563,12993.25,13000.50,12832.00,12843.75,106636,3591,12940.75,12972.50,12832.00,12843.75,71496,1799,12843.50,12909.50,12831.75,12890.75,39159,2077,13289.50,13433.00,12832.00,12843.75,531078,23207
2022-05-02,NQM2,56715,12892.25,13084.50,12709.75,13051.25,754546,12892.25,12924.75,12806.00,12881.00,14188,2544,12892.25,12980.25,12766.00,12841.75,154829,31335,12963.75,12980.25,12766.00,12780.50,57094,10980,12807.50,12878.75,12774.50,12841.75,21831,2915,12841.75,12985.50,12742.75,12983.25,170467,3600,12841.75,13046.50,12742.75,12892.25,292963,8984,12892.00,12955.50,12738.75,12772.75,109657,7081,12772.00,12834.25,12709.75,12757.50,62650,3536,12757.00,13082.00,12755.25,13075.50,105396,3596,12964.00,13082.00,12953.75,13075.50,56747,1798,13075.75,13084.50,13022.00,13050.25,28968,2167,12841.75,13082.00,12709.75,13075.50,570666,23197
2022-05-03,NQM2,50147,13051.75,13183.75,12968.50,13121.00,655425,13051.75,13055.25,13028.50,13035.75,2984,861,13051.75,13171.50,13002.25,13078.00,111354,25154,13087.25,13130.00,13002.25,13060.75,43906,10105,13081.50,13121.50,13066.00,13078.00,20739,2967,13078.00,13152.25,12968.50,13072.00,157392,3600,13078.00,13152.25,12968.50,13110.25,282526,8960,13111.25,13183.75,13026.00,13138.00,103611,7035,13139.50,13142.25,12995.50,13120.75,62421,3540,13120.50,13139.25,13018.50,13092.75,71713,3581,13082.25,13115.00,13018.50,13092.75,41168,1797,13093.25,13146.75,13080.25,13120.00,23737,1861,13078.00,13183.75,12968.50,13092.75,520271,23116
2022-05-04,NQM2,44096,13121.00,13555.25,12883.00,13495.75,694891,13121.00,13135.00,13107.00,13112.50,2326,813,13121.00,13155.50,13080.25,13101.50,73782,18838,13127.50,13155.50,13080.25,13131.50,33354,8129,13124.00,13126.75,13094.50,13101.50,11686,2361,13102.50,13114.25,12931.00,12961.00,105883,3592,13102.50,13114.25,12883.00,12960.25,197289,8935,12960.25,13171.75,12948.50,13145.00,100824,6969,13144.75,13355.50,12938.75,13331.25,184992,3598,13331.75,13555.25,13308.75,13532.00,113291,3599,13467.25,13555.25,13461.00,13532.00,58044,1799,13531.75,13537.50,13487.00,13496.25,24667,2138,13102.50,13555.25,12883.00,13532.00,596396,23101
2022-05-05,NQM2,49572,13500.25,13548.00,12705.25,12897.00,864490,13500.25,13541.25,13500.25,13506.75,5579,1411,13500.25,13548.00,13332.75,13342.00,109211,23782,13474.50,13481.00,13378.00,13421.25,50442,10944,13430.00,13437.50,13332.75,13342.00,22812,2837,13341.25,13346.25,13004.50,13027.50,160634,3600,13341.25,13346.25,12838.00,12848.50,340349,8998,12849.75,12966.00,12796.50,12835.25,172423,7181,12836.00,12896.75,12781.75,12811.00,73126,3572,12810.00,12872.75,12705.25,12839.25,126775,3597,12727.50,12872.75,12705.25,12839.25,80711,1800,12839.25,12922.25,12834.75,12897.25,42537,2424,13341.25,13346.25,12705.25,12839.25,712673,23348
2022-05-06,NQM2,54715,12883.25,12928.75,12519.00,12663.50,841092,12883.25,12888.00,12847.00,12868.25,4578,1357,12883.25,12894.75,12708.25,12765.75,161047,29515,12833.75,12866.50,12727.00,12772.75,58934,12276,12797.25,12894.75,12708.25,12765.75,51204,3468,12764.75,12840.50,12519.00,12742.50,192566,3600,12764.75,12928.75,12519.00,12710.00,366301,8998,12708.75,12876.50,12678.50,12682.25,141128,7143,12682.75,12715.25,12605.25,12668.50,63221,3561,12666.25,12754.25,12566.25,12705.25,86495,3579,12618.75,12754.25,12607.25,12705.25,49193,1793,12705.00,12706.00,12629.00,12667.25,22848,1900,12764.75,12928.75,12519.00,12705.25,657145,23281
2022-05-09,NQM2,57769,12605.00,12637.25,12135.25,12205.50,799543,12605.00,12637.25,12560.25,12614.00,8977,1794,12605.00,12637.25,12343.75,12460.25,179229,32440,12589.50,12624.00,12343.75,12414.75,87700,13824,12401.00,12474.75,12386.50,12460.25,24259,3083,12459.25,12555.75,12348.25,12350.00,148228,3600,12459.25,12555.75,12238.25,12326.00,291716,8992,12325.50,12419.50,12225.25,12258.75,129497,7141,12258.25,12301.50,12210.50,12288.25,64687,3550,12288.50,12339.00,12135.25,12181.50,104618,3589,12222.75,12239.50,12135.25,12181.50,62995,1798,12181.50,12248.50,12180.75,12204.75,29761,2048,12459.25,12555.75,12135.25,12181.50,590518,23272
2022-05-10,NQM2,56616,12206.00,12547.00,12102.25,12334.25,839291,12206.00,12252.50,12206.00,12239.25,4817,1232,12206.00,12518.00,12102.25,12496.25,170858,31676,12405.25,12418.75,12293.75,12339.25,54471,11568,12390.00,12518.00,12383.75,12496.25,39252,3316,12495.75,12547.00,12336.25,12421.00,160769,3600,12495.75,12547.00,12170.00,12267.00,340165,8995,12267.50,12510.50,12192.75,12505.25,174716,7182,12506.25,12519.50,12392.50,12449.75,71781,3580,12450.25,12511.00,12315.75,12349.00,65464,3569,12391.00,12396.50,12315.75,12349.00,35890,1791,12349.50,12361.25,12315.00,12329.00,16272,1603,12495.75,12547.00,12170.00,12349.00,652126,23326
2022-05-11,NQM2,52841,12328.75,12553.25,11938.50,12011.50,851978,12328.75,12361.00,12324.00,12354.75,2957,839,12328.75,12553.25,12101.25,12253.00,197504,27423,12426.00,12553.25,12385.50,12518.75,52445,11051,12513.00,12516.75,12101.25,12253.00,97314,3566,12252.25,12478.50,12146.00,12391.50,177667,3596,12252.25,12478.50,12146.00,12283.00,309247,8976,12283.00,12309.50,12002.00,12005.50,154276,7144,12006.00,12167.50,12006.00,12045.25,75493,3585,12043.50,12057.50,11938.50,11959.00,87933,3582,12009.00,12040.50,11938.50,11959.00,48391,1796,11959.00,12026.75,11959.00,12007.00,27467,2114,12252.25,12478.50,11938.50,11959.00,626949,23287
2022-05-12,NQM2,59335,12004.50,12132.75,11689.00,11873.25,868922,12004.50,12005.75,11950.25,11999.00,6799,1567,12004.50,12072.25,11755.50,11790.50,207377,33781,11913.75,11972.00,11755.50,11774.50,92751,13388,11785.00,11844.75,11762.25,11790.50,34655,3063,11789.75,12046.00,11693.25,11971.50,181758,3600,11789.75,12132.75,11693.25,11853.75,332030,8996,11853.50,11985.50,11718.25,11741.75,142172,7171,11741.75,11784.50,11689.00,11712.25,57706,3549,11713.00,11950.00,11708.00,11944.00,102363,3590,11824.25,11950.00,11816.25,11944.00,58754,1797,11943.50,11956.50,11858.50,11874.25,27218,2231,11789.75,12132.75,11689.00,11944.00,634271,23306
2022-05-13,NQM2,53907,11891.50,12432.00,11891.50,12364.00,652766,11891.50,11947.75,11891.50,11939.25,4223,1108,11891.50,12207.50,11891.50,12132.75,136610,28806,12110.00,12207.50,12068.75,12196.75,55611,10702,12181.75,12197.25,12123.00,12132.75,17682,2700,12133.00,12338.75,12064.75,12323.50,131886,3598,12133.00,12368.25,12064.75,12357.25,229099,8956,12357.25,12430.50,12291.25,12303.50,109624,7075,12303.50,12353.00,12218.50,12340.50,68929,3567,12340.75,12432.00,12316.00,12378.50,83970,3571,12414.25,12432.00,12316.00,12378.50,54448,1799,12378.00,12390.00,12352.50,12363.75,24486,1912,12133.00,12432.00,12064.75,12378.50,491622,23169
2022-05-16,NQM2,54322,12409.00,12498.75,12190.25,12236.75,619832,12409.00,12488.50,12389.50,12454.25,9228,1815,12409.00,12498.75,12230.25,12317.50,130835,29525,12283.50,12355.25,12230.25,12332.75,38580,9765,12370.75,12413.75,12301.25,12317.50,19527,2877,12316.50,12370.50,12203.50,12369.25,140202,3596,12316.50,12375.25,12190.25,12326.25,261253,8980,12326.75,12353.25,12217.00,12322.75,91167,7022,12323.75,12403.00,12299.00,12354.75,50695,3507,12354.25,12368.75,12212.25,12228.75,66925,3562,12279.75,12290.50,12212.25,12228.75,40537,1793,12229.25,12256.75,12227.75,12236.75,18899,1713,12316.50,12403.00,12190.25,12228.75,470040,23071
2022-05-17,NQM2,52051,12235.50,12578.00,12234.00,12573.75,647510,12235.50,12268.00,12234.00,12259.25,3672,1026,12235.50,12544.00,12234.00,12489.00,138299,27252,12348.75,12544.00,12326.00,12477.25,71979,12368,12464.50,12496.50,12437.00,12489.00,22228,2985,12489.00,12535.75,12410.25,12417.50,118726,3599,12489.00,12535.75,12328.50,12464.25,228681,8950,12464.50,12509.50,12429.00,12486.50,83267,6942,12486.50,12545.75,12372.25,12520.75,104417,3582,12520.50,12578.00,12510.75,12545.25,74802,3582,12559.75,12578.00,12510.75,12545.25,38923,1792,12545.25,12577.00,12544.75,12574.00,17991,1730,12489.00,12578.00,12328.50,12545.25,491167,23056
2022-05-18,NQM2,51772,12572.00,12594.00,11862.75,11892.50,725133,12572.00,12594.00,12568.00,12569.50,3431,980,12572.00,12594.00,12357.75,12367.25,120308,25951,12507.00,12524.00,12408.50,12415.00,48675,10162,12441.50,12446.25,12357.75,12367.25,24802,3082,12367.75,12399.75,12289.75,12312.50,117580,3600,12367.75,12399.75,12112.75,12123.50,256067,8973,12123.50,12134.75,11956.75,11974.00,138513,7148,11973.25,12009.00,11917.50,11920.00,71383,3572,11920.50,11979.50,11887.50,11922.25,98642,3587,11914.25,11979.50,11887.50,11922.25,62972,1797,11922.00,11952.00,11862.75,11897.50,40162,2525,12367.75,12399.75,11887.50,11922.25,564605,23280
2022-05-19,NQM2,58857,11907.00,12076.75,11704.00,11898.25,820510,11907.00,11926.00,11885.00,11905.75,5303,1474,11907.00,11953.50,11704.00,11863.25,193840,33690,11894.50,11899.75,11704.00,11853.25,95473,13817,11799.75,11881.25,11773.50,11863.25,29846,3266,11863.25,12009.25,11795.25,11906.25,171275,3599,11863.25,12076.75,11795.25,12021.25,309623,8990,12021.00,12059.00,11850.75,11965.25,137980,7148,11966.00,12037.00,11905.00,12005.25,68852,3577,12006.50,12051.50,11858.50,11891.25,89453,3595,11892.50,11939.50,11858.50,11891.25,49829,1800,11890.75,11912.50,11848.75,11902.00,20697,1839,11863.25,12076.75,11795.25,11891.25,605908,23310
2022-05-20,NQM2,52224,11898.00,12096.75,11491.25,11838.00,793434,11898.00,11929.00,11896.50,11909.50,3097,996,11898.00,12096.75,11895.00,12027.75,117840,26692,11982.00,12096.75,11973.25,12063.50,47938,10411,12052.50,12059.25,12007.75,12027.75,19212,2734,12027.75,12053.00,11875.75,11944.25,136862,3600,12027.75,12053.00,11713.75,11744.50,267039,8985,11743.75,11745.25,11491.25,11610.75,189764,7184,11611.50,11642.00,11518.75,11593.50,75009,3578,11593.25,11845.50,11545.75,11830.75,114434,3593,11666.25,11845.50,11647.25,11830.75,77216,1800,11830.75,11855.00,11800.00,11835.50,29277,2172,12027.75,12053.00,11491.25,11830.75,646246,23340
2022-05-23,NQM2,54512,11866.00,12075.50,11783.75,12056.00,652250,11866.00,11938.25,11858.00,11933.75,7347,1730,11866.00,12045.75,11858.00,11889.25,141503,29615,12028.00,12036.50,11865.00,11915.00,62350,11995,11923.00,11928.00,11883.50,11889.25,18737,2838,11890.00,11977.50,11783.75,11853.00,150870,3599,11890.00,12015.25,11783.75,11991.00,279961,8972,11991.75,12052.00,11917.25,11997.75,94977,7025,11998.00,12054.00,11979.75,11998.50,46288,3500,11999.25,12040.25,11956.25,12037.75,67484,3566,11987.75,12040.25,11956.25,12037.75,40231,1789,12037.50,12075.50,12028.50,12055.50,21989,1819,11890.00,12054.00,11783.75,12037.75,488710,23063
2022-05-24,NQM2,52877,11915.00,11918.00,11576.25,11810.75,707631,11915.00,11918.00,11820.00,11884.75,15519,2352,11915.00,11918.00,11753.50,11816.75,126672,27680,11783.00,11877.00,11755.75,11828.50,51122,10883,11822.00,11858.50,11810.25,11816.75,14664,2535,11816.00,11847.50,11576.25,11647.50,144542,3600,11816.00,11847.50,11576.25,11721.00,272647,8977,11721.75,11806.75,11642.75,11740.25,129180,7119,11740.00,11799.00,11650.00,11682.00,64244,3559,11682.25,11831.75,11672.75,11763.75,92112,3587,11717.75,11831.75,11717.75,11763.75,56070,1798,11763.75,11819.75,11758.00,11809.25,22712,1936,11816.00,11847.50,11576.25,11763.75,558183,23242
2022-05-25,NQM2,53996,11808.00,12036.00,11672.00,11893.25,663592,11808.00,11856.75,11808.00,11848.25,5550,1403,11808.00,11892.50,11672.00,11716.00,138149,28293,11871.00,11885.00,11675.50,11697.25,65096,11876,11700.00,11740.50,11672.00,11716.00,20213,2960,11715.25,11888.50,11708.00,11886.75,127972,3599,11715.25,11930.00,11708.00,11861.50,230721,8942,11861.25,11874.00,11788.50,11856.75,80153,6898,11856.50,11976.25,11770.50,11967.00,103949,3578,11968.00,12036.00,11898.50,11939.75,76866,3581,11995.00,12011.00,11898.50,11939.75,42593,1796,11939.50,11952.00,11815.50,11885.25,33458,2681,11715.25,12036.00,11708.00,11939.75,491689,22999
2022-05-26,NQM2,53778,11887.50,12343.00,11848.25,12258.00,603902,11887.50,11922.25,11887.50,11913.75,4447,1100,11887.50,12020.50,11848.25,11917.50,142377,28914,11886.00,12020.50,11872.75,11975.00,58164,11471,11970.25,11994.75,11916.00,11917.50,27690,3106,11916.50,12195.75,11899.00,12160.25,122589,3599,11916.50,12238.50,11899.00,12232.25,214446,8946,12232.50,12343.00,12213.25,12323.25,108390,7016,12323.25,12332.00,12288.25,12309.00,39454,3437,12308.50,12335.50,12234.00,12282.00,76057,3571,12266.50,12335.50,12252.00,12282.00,44319,1792,12282.00,12286.75,12245.25,12257.25,23069,1876,11916.50,12343.00,11899.00,12282.00,438347,22970
2022-05-27,NQM2,51886,12250.00,12720.25,12222.00,12717.50,598888,12250.00,12298.50,12248.50,12279.00,4974,1376,12250.00,12437.00,12222.00,12408.50,149545,26969,12269.25,12373.75,12236.00,12293.25,58920,10947,12316.00,12437.00,12300.25,12408.50,39787,3349,12408.50,12582.50,12402.00,12563.75,127065,3597,12408.50,12598.75,12402.00,12594.25,230405,8959,12594.50,12612.00,12560.25,12588.00,73061,6822,12587.75,12618.50,12572.25,12615.00,34615,3352,12615.25,12676.00,12606.75,12674.75,81928,3563,12656.50,12676.00,12618.25,12674.75,50504,1794,12674.75,12720.25,12671.75,12718.00,29198,2198,12408.50,12676.00,12402.00,12674.75,420009,22696
2022-05-30,NQM2,30467,12705.25,12883.00,12672.75,12810.00,126831,12705.25,12721.00,12672.75,12705.00,4117,1108,12705.25,12883.00,12672.75,12759.75,91911,23190,12844.50,12883.00,12811.00,12837.00,35280,8226,12805.75,12822.00,12756.25,12759.75,10835,2102,12758.75,12777.00,12736.50,12759.75,14054,2563,12758.75,12817.75,12736.50,12801.25,27749,5530,12801.00,12835.75,12785.25,12810.00,7171,1747,,,,,0,0,,,,,0,0,,,,,0,0,,,,,0,0,12758.75,12835.75,12736.50,12810.00,34920,7277
2022-05-31,NQM2,57160,12811.00,12825.75,12480.00,12653.25,694323,12811.00,12823.50,12746.00,12777.75,6232,1555,12811.00,12825.75,12594.75,12675.75,172464,32095,12700.00,12751.00,12615.50,12671.50,73113,12661,12627.00,12683.00,12594.75,12675.75,23555,2976,12675.00,12688.00,12480.00,12572.25,125748,3599,12675.00,12722.50,12480.00,12709.50,239755,8970,12708.75,12762.00,12659.00,12760.00,118423,7080,12760.25,12768.50,12601.75,12635.50,56684,3505,12634.50,12744.25,12606.25,12639.25,77341,3567,12708.50,12744.25,12635.50,12639.25,45756,1787,12639.75,12669.00,12633.25,12655.50,29554,1928,12675.00,12768.50,12480.00,12639.25,492203,23122
2022-06-01,NQM2,50391,12662.50,12823.50,12454.75,12548.00,672372,12662.50,12696.00,12656.25,12695.25,4508,1196,12662.50,12742.75,12581.50,12733.75,112948,25156,12660.50,12683.25,12581.50,12677.50,43517,9502,12708.50,12742.75,12683.50,12733.75,19774,2772,12734.00,12823.50,12605.75,12618.25,138728,3597,12734.00,12823.50,12500.00,12509.75,275650,8986,12510.50,12568.00,12454.75,12557.00,122227,7088,12557.00,12659.75,12540.25,12607.00,65900,3558,12607.50,12664.50,12558.00,12566.50,73856,3571,12636.25,12646.75,12558.00,12566.50,43422,1797,12567.25,12567.75,12525.25,12546.75,21719,2012,12734.00,12823.50,12454.75,12566.50,537633,23203
2022-06-02,NQM2,49820,12549.75,12903.75,12442.50,12896.75,615114,12549.75,12554.50,12521.00,12526.25,3905,1128,12549.75,12655.50,12488.00,12503.00,127709,24874,12584.25,12655.50,12577.25,12634.00,39536,8888,12612.25,12621.00,12488.00,12503.00,37717,3061,12503.00,12632.50,12442.50,12524.25,132021,3600,12503.00,12731.75,12442.50,12698.00,244461,8971,12698.50,12832.50,12684.50,12825.75,104844,7031,12826.25,12867.00,12816.75,12818.00,48318,3427,12818.00,12899.25,12808.25,12896.00,67377,3536,12810.75,12899.25,12810.25,12896.00,40777,1778,12896.25,12903.75,12870.00,12897.50,22351,1964,12503.00,12899.25,12442.50,12896.00,465000,22965
2022-06-03,NQM2,48721,12896.00,12945.25,12503.00,12549.50,641540,12896.00,12945.25,12895.25,12917.50,5768,1252,12896.00,12945.25,12677.25,12681.25,138588,24001,12890.25,12890.75,12727.25,12744.50,51762,10122,12750.25,12808.75,12677.25,12681.25,48435,3372,12681.00,12731.25,12609.25,12636.50,133247,3600,12681.00,12731.25,12503.00,12550.25,255397,8977,12550.75,12646.25,12525.75,12551.00,110163,7027,12551.75,12603.75,12537.75,12577.25,45010,3468,12577.25,12586.75,12511.25,12547.75,72982,3566,12540.25,12571.00,12518.25,12547.75,44035,1787,12547.75,12565.75,12536.75,12548.00,19310,1663,12681.00,12731.25,12503.00,12547.75,483552,23038
2022-06-06,NQM2,49051,12549.75,12810.00,12527.00,12606.75,531252,12549.75,12589.50,12527.00,12548.50,5223,1412,12549.75,12766.00,12527.00,12736.00,104511,24448,12656.25,12751.25,12652.50,12735.50,40118,9192,12738.00,12766.00,12727.50,12736.00,14301,2482,12736.25,12810.00,12673.50,12791.00,114380,3592,12736.25,12810.00,12627.75,12673.25,212443,8957,12672.75,12678.75,12532.75,12673.50,97819,7018,12673.25,12683.50,12557.00,12594.25,46154,3508,12593.50,12617.50,12540.25,12612.00,55428,3543,12568.00,12617.50,12540.25,12612.00,33439,1781,12611.50,12612.25,12581.00,12605.75,14808,1564,12736.25,12810.00,12532.75,12612.00,411844,23026
2022-06-07,NQM2,51833,12605.25,12740.25,12412.50,12681.50,572999,12605.25,12614.50,12577.50,12582.75,4573,1189,12605.25,12614.50,12425.75,12453.75,135342,27319,12494.50,12566.75,12439.50,12469.50,53815,10062,12457.25,12464.75,12425.75,12453.75,22880,2936,12454.00,12598.25,12412.50,12598.00,124054,3598,12454.00,12707.25,12412.50,12616.25,240578,8966,12616.50,12668.25,12564.00,12652.50,79550,6927,12651.25,12703.75,12637.75,12667.75,40987,3397,12667.75,12740.25,12661.25,12711.75,57717,3493,12693.25,12740.25,12683.75,12711.75,38405,1770,12712.00,12715.25,12678.75,12681.00,18764,1713,12454.00,12740.25,12412.50,12711.75,418832,22783
2022-06-08,NQM2,49509,12680.50,12783.00,12579.25,12619.25,569423,12680.50,12702.50,12680.00,12689.00,3521,943,12680.50,12722.25,12624.25,12667.00,108590,24964,12673.25,12722.25,12624.25,12687.50,47658,10057,12663.75,12675.00,12631.25,12667.00,16646,2628,12667.25,12783.00,12627.50,12733.25,114034,3594,12667.25,12783.00,12627.50,12734.50,206315,8918,12734.75,12748.50,12579.25,12632.25,118855,7046,12632.50,12653.50,12587.50,12615.25,50985,3518,12615.75,12658.25,12580.25,12618.00,66004,3541,12638.50,12658.25,12596.00,12618.00,36345,1778,12617.75,12628.50,12596.50,12621.00,18612,1508,12667.25,12783.00,12579.25,12618.00,442159,23023
2022-06-09,NQM2,50675,12625.00,12726.00,12255.25,12297.25,653279,12625.00,12630.50,12608.75,12629.00,1769,644,12625.00,12726.00,12528.25,12540.00,135449,25553,12597.50,12726.00,12578.25,12645.75,60275,11108,12598.75,12625.75,12528.25,12540.00,32558,3283,12540.50,12654.50,12506.00,12640.25,124574,3599,12540.50,12673.25,12506.00,12573.25,233285,8960,12573.50,12608.00,12501.75,12539.25,96924,6934,12540.00,12545.75,12440.25,12442.25,51165,3475,12442.75,12445.75,12275.75,12281.75,108858,3581,12368.00,12372.50,12275.75,12281.75,64003,1795,12282.00,12303.25,12255.25,12297.00,27547,2152,12540.50,12673.25,12275.75,12281.75,490232,22950
2022-06-10,NQM2,50130,12301.50,12338.75,11823.00,11858.75,549856,12301.50,12306.75,12274.00,12282.25,3391,1061,12301.50,12338.75,11998.50,12034.75,150926,25861,12320.25,12334.75,12258.50,12294.50,38765,9865,12313.00,12313.75,11998.50,12034.75,71722,3443,12035.25,12090.00,11852.50,11873.25,112594,3598,12035.25,12090.00,11823.00,11875.25,199413,8901,11875.00,11946.75,11834.75,11900.50,80132,6747,11900.25,11948.50,11874.75,11944.00,35881,3371,11944.50,11973.50,11842.75,11843.75,65162,3555,11945.25,11953.50,11842.75,11843.75,37557,1790,11843.50,11874.00,11836.00,11863.00,18225,1676,12035.25,12090.00,11823.00,11843.75,380588,22574
2022-06-13,NQM2,52462,11768.00,11772.50,11285.25,11360.00,621533,11768.00,11772.50,11650.25,11657.75,8659,1757,11768.00,11772.50,11456.50,11502.25,127152,27469,11561.00,11615.00,11456.50,11499.50,54984,10508,11545.00,11558.75,11490.00,11502.25,13962,2430,11502.00,11604.50,11412.50,11429.50,111779,3596,11502.00,11604.50,11344.75,11442.00,216697,8967,11441.50,11558.50,11402.75,11479.00,101713,6996,11479.50,11485.25,11383.75,11399.75,43111,3413,11400.25,11435.00,11285.25,11320.75,104918,3586,11332.25,11354.50,11285.25,11320.75,59520,1798,11321.25,11381.50,11303.25,11362.50,27893,2018,11502.00,11604.50,11285.25,11320.75,466439,22962
2022-06-14,NQU2,51685,11367.50,11534.50,11236.00,11361.50,606593,11367.50,11404.75,11366.75,11384.00,3139,949,11367.50,11534.50,11344.25,11420.00,131951,26831,11513.75,11520.00,11355.75,11366.50,54760,10892,11387.75,11476.00,11380.00,11420.00,27648,3052,11420.50,11442.00,11292.50,11308.25,112825,3598,11420.50,11442.00,11269.75,11383.75,224073,8969,11384.00,11455.25,11307.00,11331.00,107523,7040,11331.75,11372.25,11300.75,11302.25,44054,3489,11301.75,11397.00,11236.00,11346.25,79596,3579,11307.00,11397.00,11302.75,11346.25,43924,1795,11346.00,11363.75,11326.25,11360.25,19342,1756,11420.50,11455.25,11236.00,11346.25,455246,23077
2022-06-15,NQU2,51531,11364.75,11794.25,11358.50,11626.75,700856,11364.75,11401.50,11363.00,11381.50,3635,1071,11364.75,11516.75,11358.50,11485.75,129677,26657,11416.25,11486.00,11370.00,11481.75,53176,10614,11446.25,11516.75,11433.75,11485.75,25562,2898,11485.25,11574.00,11459.75,11521.00,101435,3599,11485.25,11574.00,11459.75,11530.00,178634,8880,11529.50,11573.50,11487.00,11567.50,81883,6808,11566.50,11753.50,11371.25,11614.50,178023,3597,11613.50,11794.25,11578.50,11635.50,108430,3592,11722.00,11794.25,11604.00,11635.50,58996,1797,11636.00,11640.00,11595.00,11625.75,24177,1983,11485.25,11794.25,11371.25,11635.50,546970,22877
2022-06-16,NQU2,59091,11646.25,11774.25,11068.50,11204.25,792262,11646.25,11708.75,11646.25,11695.75,6342,1421,11646.25,11774.25,11268.50,11325.00,203525,33570,11478.25,11498.75,11268.50,11325.00,97961,13913,11374.00,11424.75,11319.50,11325.00,26088,3132,11325.00,11349.75,11203.00,11240.00,136253,3600,11325.00,11349.75,11128.75,11180.75,261427,8971,11181.00,11234.75,11119.00,11119.25,120193,7106,11119.25,11138.00,11068.50,11090.25,65377,3564,11090.50,11181.25,11090.00,11154.50,103055,3591,11163.75,11169.25,11090.50,11154.50,56546,1796,11153.75,11208.75,11145.00,11203.50,38596,2268,11325.00,11349.75,11068.50,11154.50,550052,23232
2022-06-17,NQU2,57235,11206.75,11396.00,11119.00,11307.75,714314,11206.75,11228.00,11187.50,11188.00,5461,1366,11206.75,11321.75,11162.50,11186.25,164510,31920,11230.75,11321.75,11197.50,11283.25,62130,11981,11286.50,11293.25,11168.00,11186.25,36571,3232,11185.75,11348.50,11182.50,11194.25,128157,3600,11185.75,11348.50,11119.00,11250.00,273865,8992,11250.00,11396.00,11207.50,11338.00,128215,7139,11337.25,11384.50,11319.50,11325.00,45987,3533,11325.75,11357.50,11269.50,11299.25,72712,3583,11350.50,11353.75,11293.50,11299.25,41341,1794,11299.25,11318.50,11290.00,11308.00,28921,2049,11185.75,11396.00,11119.00,11299.25,520779,23247
2022-06-20,NQU2,33366,11332.50,11437.50,11273.75,11420.75,130346,11332.50,11422.25,11313.50,11415.25,8665,1925,11332.50,11437.50,11273.75,11369.75,95224,25815,11379.50,11401.75,11330.25,11394.25,29392,8203,11377.50,11389.75,11352.75,11369.75,5933,1631,11369.50,11385.25,11333.00,11376.50,15752,2785,11369.50,11423.25,11333.00,11414.50,27648,5736,11414.25,11430.75,11403.00,11420.75,7474,1815,,,,,0,0,,,,,0,0,,,,,0,0,,,,,0,0,11369.50,11430.75,11333.00,11420.75,35122,7551
2022-06-21,NQU2,50226,11425.75,11678.25,11398.50,11581.50,516942,11425.75,11430.00,11403.50,11422.00,3074,995,11425.75,11547.00,11398.50,11479.00,108091,25855,11454.25,11547.00,11449.00,11457.75,47799,10316,11473.25,11491.75,11456.00,11479.00,14813,2638,11479.50,11666.25,11475.75,11638.50,129125,3600,11479.50,11678.25,11475.75,11619.75,215154,8942,11620.50,11643.25,11588.50,11601.25,80717,6853,11601.25,11619.25,11576.50,11614.00,41684,3439,11614.25,11632.00,11562.00,11571.00,53070,3477,11611.50,11619.50,11562.00,11571.00,33788,1753,11571.25,11591.50,11564.50,11581.75,18156,1642,11479.50,11678.25,11475.75,11571.00,390625,22711
2022-06-22,NQU2,53306,11579.75,11745.75,11320.50,11544.75,626659,11579.75,11583.00,11556.75,11571.50,3470,1073,11579.75,11583.00,11320.50,11473.25,144553,28506,11426.25,11434.00,11320.50,11400.50,57924,11216,11391.50,11490.00,11365.00,11473.25,32601,3053,11472.75,11716.00,11446.75,11703.00,140393,3599,11472.75,11745.75,11446.75,11587.25,259553,8983,11587.00,11682.00,11567.00,11658.25,94659,6946,11657.75,11718.00,11641.50,11663.50,46919,3460,11663.75,11682.00,11539.50,11571.50,60876,3554,11598.00,11610.25,11539.50,11571.50,36984,1789,11572.00,11575.25,11540.50,11543.50,20042,1841,11472.75,11745.75,11446.75,11571.50,462007,22943
2022-06-23,NQU2,56356,11542.75,11766.75,11460.50,11688.00,621938,11542.75,11557.25,11521.00,11530.75,3401,1052,11542.75,11705.00,11460.50,11663.25,145652,31461,11565.75,11705.00,11485.00,11680.00,62628,12153,11643.50,11683.25,11611.00,11663.25,21287,3011,11663.25,11687.00,11543.00,11656.50,139993,3598,11663.25,11744.00,11543.00,11650.50,246260,8969,11651.50,11656.50,11547.00,11616.50,107883,7049,11617.00,11681.25,11605.25,11665.50,39753,3443,11665.00,11766.75,11650.50,11736.25,63313,3519,11699.50,11766.75,11692.25,11736.25,42532,1784,11736.25,11745.50,11681.25,11686.50,19004,1901,11663.25,11766.75,11543.00,11736.25,457209,22980
2022-06-24,NQU2,50687,11687.75,12148.50,11684.75,12132.75,552725,11687.75,11715.00,11687.25,11706.75,3376,1063,11687.75,11875.75,11684.75,11845.75,108572,26045,11828.50,11865.00,11805.25,11823.75,39411,9289,11828.00,11855.50,11817.00,11845.75,11843,2235,11846.25,12082.50,11838.75,12051.00,145793,3599,11846.25,12082.50,11838.75,12010.50,237341,8924,12010.50,12037.00,11992.75,12001.50,69820,6684,12001.50,12058.25,11999.25,12054.25,33546,3321,12054.25,12140.50,12037.25,12138.50,65317,3515,12054.50,12140.50,12038.50,12138.50,45987,1787,12138.25,12148.50,12095.00,12128.00,37984,2174,11846.25,12140.50,11838.75,12138.50,406024,22444
2022-06-27,NQU2,52892,12137.50,12262.00,11994.25,12074.75,554311,12137.50,12164.50,12091.00,12109.75,7089,1689,12137.50,12262.00,12072.50,12188.00,128601,28268,12138.25,12262.00,12133.00,12204.25,47727,10417,12177.75,12196.75,12148.00,12188.00,19603,2853,12188.00,12212.00,12021.00,12045.75,126896,3598,12188.00,12212.00,12021.00,12120.75,221106,8957,12121.25,12127.00,12030.50,12040.50,81409,6902,12041.00,12076.25,12026.75,12053.50,35771,3399,12053.75,12063.25,11994.25,12038.50,64675,3531,12045.75,12063.25,11994.25,12038.50,37076,1769,12038.25,12079.75,12033.00,12074.00,22685,1816,12188.00,12212.00,11994.25,12038.50,402961,22789
2022-06-28,NQU2,49851,12076.25,12174.25,11661.50,11680.50,627054,12076.25,12081.75,12053.50,12064.00,2023,716,12076.25,12163.75,11971.00,12067.00,109272,24942,12099.50,12163.75,12047.25,12099.00,40372,9242,12056.50,12083.25,12042.75,12067.00,15952,2607,12067.00,12174.25,12004.75,12019.25,118805,3596,12067.00,12174.25,11783.25,11799.75,259200,8978,11799.75,11837.75,11738.50,11755.25,113933,7048,11756.00,11785.25,11689.00,11715.25,53952,3512,11715.50,11731.25,11667.50,11668.50,69138,3551,11709.25,11722.50,11667.50,11668.50,42194,1783,11668.75,11684.25,11661.50,11681.50,21454,1799,12067.00,12174.25,11667.50,11668.50,496223,23089
2022-06-29,NQU2,51776,11680.50,11749.00,11564.50,11691.00,579224,11680.50,11698.00,11675.25,11697.00,2914,939,11680.50,11723.50,11616.50,11672.75,127988,27205,11642.00,11703.50,11616.50,11688.50,49210,10385,11680.25,11693.75,11637.25,11672.75,24626,2990,11673.50,11747.25,11564.50,11687.25,142407,3600,11673.50,11749.00,11564.50,11685.75,248161,8981,11686.00,11697.00,11604.25,11691.00,94065,7034,11691.00,11728.00,11646.75,11659.25,40886,3460,11659.50,11720.00,11644.75,11693.25,52202,3535,11717.50,11720.00,11653.25,11693.25,30226,1780,11693.50,11696.25,11668.00,11691.50,15886,1547,11673.50,11749.00,11564.50,11693.25,435314,23010
2022-06-30,NQU2,53022,11691.50,11696.75,11351.00,11511.25,730730,11691.50,11696.75,11683.00,11690.00,1967,591,11691.50,11696.75,11461.25,11553.75,153652,27776,11522.25,11568.00,11461.25,11494.25,63393,12047,11514.00,11580.50,11506.50,11553.75,39866,3275,11553.75,11588.00,11351.00,11383.75,146589,3599,11553.75,11615.00,11351.00,11611.00,276444,8985,11610.75,11685.00,11539.50,11642.25,122261,7101,11642.50,11654.75,11535.50,11551.50,49166,3530,11552.25,11604.75,11471.00,11504.50,94714,3583,11545.75,11604.75,11479.25,11504.50,58986,1797,11504.50,11550.25,11496.25,11513.75,34397,2022,11553.75,11685.00,11351.00,11504.50,542585,23199
2022-07-01,NQU2,56247,11507.50,11629.75,11381.75,11610.50,601348,11507.50,11512.00,11481.00,11495.50,4798,1218,11507.50,11556.00,11381.75,11485.50,142944,31760,11436.75,11528.00,11389.25,11447.75,54015,11585,11472.75,11512.00,11459.00,11485.50,20307,2896,11485.25,11617.25,11417.00,11456.00,148377,3599,11485.25,11617.25,11401.00,11444.50,257652,8982,11444.75,11523.75,11426.50,11517.75,82196,7021,11517.75,11588.00,11483.50,11581.75,42153,3471,11582.00,11629.75,11541.50,11610.25,60977,3547,11574.25,11629.75,11572.50,11610.25,37408,1781,11610.50,11620.25,11602.00,11616.75,15342,1446,11485.25,11629.75,11401.00,11610.25,442978,23021
2022-07-04,NQU2,25169,11606.00,11618.75,11500.00,11554.00,79315,11606.00,11618.75,11586.25,11599.50,2425,844,11606.00,11618.75,11500.00,11568.00,60500,19800,11554.50,11580.00,11513.00,11565.50,21062,6864,11565.50,11578.75,11556.50,11568.00,2978,1067,11567.75,11570.75,11530.75,11539.50,7926,2202,11567.75,11570.75,11530.75,11552.75,15670,4382,11553.00,11574.50,11550.50,11554.00,3145,987,,,,,0,0,,,,,0,0,,,,,0,0,,,,,0,0,11567.75,11574.50,11530.75,11554.00,18815,5369
2022-07-05,NQU2,53480,11556.25,11815.75,11389.25,11811.50,704544,11556.25,11659.25,11556.25,11649.00,6401,1497,11556.25,11749.00,11432.00,11453.25,140049,28597,11681.50,11683.75,11481.75,11485.00,57223,11232,11467.00,11477.00,11432.00,11453.25,23944,3081,11453.50,11519.00,11389.25,11491.25,147518,3599,11453.50,11609.50,11389.25,11566.50,291167,8991,11567.00,11703.00,11545.25,11673.25,121164,7125,11673.25,11782.75,11656.00,11758.75,61707,3551,11759.50,11808.00,11729.75,11802.50,73139,3556,11793.00,11808.00,11776.50,11802.50,39530,1784,11802.25,11815.75,11794.00,11812.00,17210,1644,11453.50,11808.00,11389.25,11802.50,547177,23223
2022-07-06,NQU2,53636,11820.25,11974.25,11727.75,11902.50,641910,11820.25,11838.00,11803.50,11808.00,4888,1192,11820.25,11873.75,11727.75,11821.00,135809,29089,11790.00,11864.25,11741.25,11752.50,50327,10787,11764.25,11839.50,11762.50,11821.00,23037,2925,11820.25,11882.50,11754.00,11825.00,151231,3599,11820.25,11882.50,11753.25,11797.25,259602,8974,11796.75,11857.75,11777.00,11855.50,63101,6675,11855.50,11945.50,11791.75,11934.25,99110,3584,11934.75,11974.25,11848.00,11883.75,67915,3563,11955.75,11974.25,11848.00,11883.75,38482,1787,11883.50,11906.75,11872.75,11902.75,16328,1741,11820.25,11974.25,11753.25,11883.75,489728,22796
2022-07-07,NQU2,50843,11901.25,12168.50,11836.50,12119.75,539083,11901.25,11911.00,11885.75,11888.00,2640,898,11901.25,11964.50,11836.50,11920.50,107380,26458,11919.50,11964.50,11890.00,11945.75,40977,9698,11930.25,11943.50,11909.25,11920.50,15880,2712,11920.75,12051.75,11918.00,12032.00,112253,3598,11920.75,12084.75,11918.00,12084.50,207969,8950,12084.50,12125.50,12074.50,12124.25,92492,6863,12124.50,12146.50,12116.00,12132.75,41366,3315,12133.25,12168.50,12122.75,12140.50,70736,3515,12146.75,12156.75,12122.75,12140.50,41420,1775,12140.75,12143.75,12114.75,12119.75,19064,1725,11920.75,12168.50,11918.00,12140.50,412563,22643
2022-07-08,NQU2,51379,12115.00,12211.00,11952.50,12160.25,630490,12115.00,12123.25,12101.00,12112.00,3375,1030,12115.00,12130.75,11952.50,12011.75,147313,26793,12083.75,12124.75,12052.50,12081.00,40987,9886,12101.75,12104.50,11952.50,12011.75,58678,3417,12012.25,12124.50,11978.25,12110.25,124869,3598,12012.25,12211.00,11978.25,12185.00,245353,8956,12185.00,12189.50,12038.50,12123.25,116854,7064,12123.50,12190.00,12109.75,12175.25,48497,3495,12175.00,12185.25,12140.25,12156.50,57444,3526,12155.25,12173.00,12140.25,12156.50,33834,1785,12156.50,12166.25,12145.75,12157.00,14945,1524,12012.25,12211.00,11978.25,12156.50,468148,23041
2022-07-11,NQU2,51109,12149.75,12149.75,11853.00,11900.50,569183,12149.75,12149.75,12092.25,12103.75,5262,1393,12149.75,12149.75,11996.50,12054.25,107266,26588,12022.75,12085.75,12004.00,12041.75,38681,9391,12065.50,12076.00,12043.25,12054.25,13229,2502,12054.25,12061.75,11853.00,11910.25,140814,3599,12054.25,12061.75,11853.00,11919.75,245622,8953,11920.25,12004.75,11901.25,11988.75,83920,6860,11988.25,11988.25,11906.75,11909.50,46635,3425,11909.75,11914.25,11858.00,11883.00,65642,3557,11897.50,11908.25,11858.00,11883.00,36126,1786,11882.75,11916.50,11876.25,11901.00,19955,1701,12054.25,12061.75,11853.00,11883.00,441819,22795
2022-07-12,NQU2,52110,11900.50,12025.50,11712.00,11780.75,603608,11900.50,11903.00,11876.50,11881.75,3239,1037,11900.50,11952.75,11758.25,11941.75,131066,27802,11809.25,11906.25,11758.25,11880.25,56747,11216,11884.75,11952.75,11880.50,11941.75,22367,2896,11942.25,12025.50,11805.00,11828.50,148150,3599,11942.25,12025.50,11805.00,11890.50,252558,8955,11891.25,11942.00,11865.75,11903.00,80250,6878,11902.25,11906.25,11827.75,11830.50,30988,3305,11831.00,11832.25,11712.00,11777.25,89628,3581,11752.25,11793.25,11712.00,11777.25,47917,1794,11777.00,11784.25,11763.25,11776.75,19066,1570,11942.25,12025.50,11712.00,11777.25,453424,22719
2022-07-13,NQU2,51399,11780.00,11970.00,11479.25,11732.75,728825,11780.00,11789.50,11768.75,11772.25,3346,1108,11780.00,11970.00,11479.25,11534.75,195117,26406,11833.75,11837.25,11769.50,11828.50,36857,9244,11845.75,11970.00,11479.25,11534.75,109036,3566,11535.25,11700.00,11522.50,11662.75,162520,3600,11535.25,11832.25,11522.50,11749.25,305665,8966,11748.50,11854.50,11732.75,11824.25,94947,6964,11825.00,11835.75,11738.50,11831.00,58770,3512,11831.00,11841.50,11753.25,11768.00,54932,3528,11795.50,11799.25,11753.25,11768.00,32591,1780,11768.50,11771.25,11727.00,11732.50,19353,2011,11535.25,11854.50,11522.50,11768.00,514314,22970
2022-07-14,NQU2,53871,11729.50,11835.00,11511.25,11807.25,647926,11729.50,11733.00,11687.00,11698.00,5031,1267,11729.50,11765.25,11601.00,11644.50,147726,29234,11708.25,11724.75,11601.00,11642.50,64830,11931,11636.25,11686.00,11605.00,11644.50,28698,3245,11644.50,11684.50,11511.25,11557.25,125813,3597,11644.50,11715.75,11511.25,11701.75,254541,8975,11702.50,11743.50,11621.25,11728.75,91228,6955,11728.75,11832.75,11721.00,11806.00,66538,3535,11806.25,11835.00,11762.00,11792.25,69316,3545,11819.50,11835.00,11762.00,11792.25,41027,1782,11792.75,11817.75,11792.50,11806.50,18541,1612,11644.50,11835.00,11511.25,11792.25,481623,23010
2022-07-15,NQU2,50893,11810.50,12021.50,11740.25,12019.25,550861,11810.50,11843.50,11809.25,11833.50,4601,1162,11810.50,11932.75,11740.25,11924.75,138243,26605,11790.50,11852.75,11763.75,11813.00,38781,9724,11799.75,11932.75,11740.25,11924.75,50989,3422,11924.50,11990.00,11853.50,11966.25,133133,3593,11924.50,11999.75,11853.50,11962.25,222865,8928,11962.25,11990.25,11929.00,11980.25,86954,6877,11980.50,11998.00,11956.00,11983.00,33614,3302,11983.25,12007.50,11957.25,12006.50,47904,3395,11976.00,12007.50,11957.25,12006.50,34284,1756,12006.50,12021.50,11999.00,12019.75,21172,1766,11924.50,12007.50,11853.50,12006.50,391337,22502
2022-07-18,NQU2,48573,12043.50,12186.50,11857.00,11916.25,545318,12043.50,12078.00,12040.00,12044.75,4975,1329,12043.50,12180.25,12028.00,12125.25,96307,23957,12123.25,12180.25,12101.75,12150.00,38428,9166,12105.50,12131.25,12102.00,12125.25,15147,2664,12125.25,12186.50,12089.75,12122.50,117466,3597,12125.25,12186.50,12089.75,12182.75,193310,8897,12182.75,12184.25,11972.75,11991.50,100941,6842,11991.25,12015.75,11921.75,11924.25,65889,3574,11924.25,11964.50,11857.00,11908.50,71084,3561,11925.50,11928.25,11857.00,11908.50,44871,1793,11908.25,11919.25,11898.00,11915.00,17759,1730,12125.25,12186.50,11857.00,11908.50,431224,22874
2022-07-19,NQU2,49244,11909.50,12328.50,11889.50,12320.00,577279,11909.50,11928.75,11900.00,11924.00,3266,951,11909.50,12063.75,11889.50,12058.00,102857,24022,11931.00,12028.00,11889.50,12013.25,48153,10390,11987.75,12063.75,11981.25,12058.00,18816,2684,12058.00,12095.50,11993.00,12088.00,121815,3599,12058.00,12194.00,11993.00,12183.25,232038,8967,12183.25,12253.00,12151.50,12253.00,86076,6869,12253.00,12280.25,12224.25,12250.00,54086,3514,12250.00,12287.00,12240.00,12276.25,65859,3526,12260.25,12287.00,12242.00,12276.25,44404,1790,12276.50,12328.50,12260.50,12318.75,36283,2331,12058.00,12287.00,11993.00,12276.25,438059,22876
2022-07-20,NQU2,51914,12330.50,12517.50,12235.75,12428.00,637081,12330.50,12338.00,12306.75,12320.00,3256,1064,12330.50,12358.50,12235.75,12281.75,116453,26276,12330.25,12341.00,12238.50,12257.00,48179,10533,12253.00,12291.25,12243.50,12281.75,19800,2851,12281.75,12391.50,12257.50,12389.00,117503,3598,12281.75,12508.25,12257.50,12496.75,244457,8976,12496.50,12517.50,12358.00,12377.75,141490,7122,12378.25,12465.00,12374.50,12454.50,47874,3540,12454.00,12501.00,12446.00,12459.75,59398,3546,12494.50,12501.00,12453.50,12459.75,35940,1783,12459.50,12496.00,12420.00,12428.75,27354,2435,12281.75,12517.50,12257.50,12459.75,493219,23184
2022-07-21,NQU2,52370,12440.00,12655.25,12373.50,12572.50,597990,12440.00,12444.00,12410.75,12422.00,4600,1200,12440.00,12560.50,12395.50,12486.25,133340,26855,12440.50,12499.00,12405.00,12469.25,42610,10093,12482.75,12560.50,12478.25,12486.25,33951,3361,12486.25,12541.25,12373.50,12404.00,135353,3600,12486.25,12544.50,12373.50,12538.25,232591,8960,12538.00,12621.00,12525.00,12579.25,102915,7005,12579.25,12617.25,12572.00,12604.00,37927,3459,12603.75,12643.50,12593.25,12638.00,54564,3524,12609.00,12643.50,12600.50,12638.00,31903,1762,12638.25,12655.25,12545.50,12570.75,36553,2548,12486.25,12643.50,12373.50,12638.00,427997,22948
2022-07-22,NQU2,47522,12559.25,12698.50,12343.75,12429.00,624236,12559.25,12564.50,12536.50,12554.50,4834,1294,12559.25,12619.00,12523.25,12604.75,87525,22695,12546.75,12616.75,12531.25,12615.25,40452,9603,12601.00,12619.00,12591.00,12604.75,13470,2507,12604.50,12698.50,12542.75,12586.25,148769,3600,12604.50,12698.50,12421.75,12461.50,272534,8978,12461.50,12475.25,12358.00,12396.00,119956,7094,12396.25,12399.00,12343.75,12389.75,56809,3532,12389.75,12430.75,12365.50,12419.50,69269,3564,12424.50,12430.75,12379.50,12419.50,40234,1784,12419.25,12428.50,12408.50,12425.50,18077,1643,12604.50,12698.50,12343.75,12419.50,518568,23168
2022-07-25,NQU2,47407,12444.50,12498.50,12266.50,12327.50,486408,12444.50,12455.75,12400.50,12417.50,4464,1326,12444.50,12498.50,12384.00,12426.50,82714,22564,12418.25,12498.50,12387.50,12474.25,35525,9108,12469.50,12471.25,12423.25,12426.50,14502,2590,12426.25,12444.00,12288.00,12322.75,127556,3599,12426.25,12444.00,12288.00,12374.25,220113,8919,12374.00,12407.00,12320.50,12326.00,69092,6745,12325.50,12330.50,12286.50,12288.75,36838,3394,12289.00,12354.50,12266.50,12353.75,53981,3532,12283.75,12354.50,12271.25,12353.75,32012,1774,12354.00,12375.75,12316.75,12325.00,23632,2238,12426.25,12444.00,12266.50,12353.75,380024,22590
2022-07-26,NQU2,45942,12311.25,12334.00,12072.00,12196.25,528799,12311.25,12316.00,12300.25,12309.75,2391,811,12311.25,12334.00,12251.00,12278.50,82722,20664,12305.75,12334.00,12275.50,12292.50,32771,8347,12300.50,12315.00,12251.00,12278.50,21260,2772,12278.50,12291.25,12179.25,12181.75,113115,3596,12278.50,12291.25,12109.00,12121.25,213105,8942,12121.25,12163.50,12106.00,12121.00,84911,6862,12120.75,12163.25,12085.25,12106.00,47680,3447,12106.00,12132.75,12074.75,12109.00,58210,3519,12097.00,12132.75,12084.00,12109.00,33216,1773,12109.25,12195.25,12072.00,12194.25,42074,2486,12278.50,12291.25,12074.75,12109.00,403906,22770
2022-07-27,NQU2,48853,12192.00,12690.00,12191.75,12580.25,623675,12192.00,12306.75,12191.75,12248.50,16019,2396,12192.00,12331.25,12191.75,12301.75,97132,23660,12274.50,12331.25,12264.00,12271.00,33422,8667,12281.25,12311.25,12265.00,12301.75,15853,2555,12301.25,12434.50,12276.50,12407.50,111939,3591,12301.25,12448.75,12276.50,12436.25,189128,8857,12436.75,12474.50,12416.00,12429.50,73737,6673,12429.50,12612.00,12404.00,12576.00,120209,3569,12576.50,12690.00,12561.75,12621.50,100929,3594,12669.25,12690.00,12614.00,12621.50,52662,1797,12622.00,12625.00,12537.00,12580.00,42433,2477,12301.25,12690.00,12276.50,12621.50,484003,22693
2022-07-28,NQU2,49830,12580.00,12948.00,12449.00,12924.25,640692,12580.00,12585.50,12570.00,12575.75,2551,852,12580.00,12626.25,12480.25,12617.25,126465,23870,12559.50,12575.00,12480.25,12538.75,45322,9953,12536.00,12626.25,12496.25,12617.25,47213,3450,12617.75,12654.00,12452.00,12465.00,134577,3600,12617.75,12695.25,12449.00,12670.75,269228,8987,12670.50,12738.50,12624.00,12733.50,95553,6946,12734.25,12742.00,12691.75,12734.25,39921,3425,12734.00,12764.50,12710.50,12738.75,55651,3503,12748.50,12750.00,12710.50,12738.75,31559,1764,12738.50,12948.00,12731.25,12918.75,53735,3076,12617.75,12764.50,12449.00,12738.75,460353,22861
2022-07-29,NQU2,49832,12920.25,13012.00,12744.25,12977.00,578149,12920.25,12920.25,12872.50,12882.00,5764,1448,12920.25,12940.00,12792.00,12807.75,114967,25332,12931.25,12940.00,12844.50,12861.50,42927,10081,12850.50,12853.50,12792.00,12807.75,28945,3174,12807.50,12930.75,12744.25,12922.75,131771,3599,12807.50,12930.75,12744.25,12861.00,242256,8972,12861.25,12938.50,12833.75,12930.75,81858,6879,12931.00,12971.50,12915.00,12955.00,44599,3448,12955.00,13012.00,12953.75,12975.50,72635,3532,12987.75,13012.00,12965.00,12975.50,48459,1786,12975.25,12979.50,12962.75,12976.00,21776,1652,12807.50,13012.00,12744.25,12975.50,441348,22831
2022-08-01,NQU2,46801,12981.00,13108.75,12851.75,12980.25,616110,12981.00,12998.75,12915.75,12922.50,7838,1803,12981.00,12998.75,12878.75,12895.00,92864,21941,12923.75,12988.00,12910.75,12965.75,30985,8153,12940.00,12948.00,12878.75,12895.00,23820,2889,12895.25,13068.25,12851.75,12979.00,138080,3600,12895.25,13108.75,12851.75,13083.25,258269,8977,13083.75,13084.75,12897.50,12930.25,123226,7119,12929.50,12998.25,12908.25,12995.25,60827,3531,12994.75,13000.75,12940.25,12963.00,62397,3562,12946.50,12986.50,12942.25,12963.00,35184,1777,12963.25,12982.25,12956.75,12980.50,18498,1659,12895.25,13108.75,12851.75,12963.00,504719,23189
2022-08-02,NQU2,49421,12974.25,13097.00,12814.75,12920.25,669981,12974.25,12974.75,12951.00,12960.50,2459,767,12974.25,12975.75,12814.75,12860.75,101228,24327,12902.25,12910.00,12814.75,12858.25,46582,9948,12858.00,12879.00,12829.50,12860.75,18248,2844,12861.25,12956.75,12820.00,12898.75,141193,3596,12861.25,13001.25,12820.00,12976.50,260057,8973,12976.50,13097.00,12903.25,12926.75,155930,7118,12926.50,13000.50,12914.50,12955.00,68678,3564,12954.25,12980.00,12919.75,12923.75,63830,3555,12959.00,12980.00,12919.75,12923.75,34886,1780,12923.75,12930.50,12886.50,12917.50,20049,1869,12861.25,13097.00,12820.00,12923.75,548495,23210
2022-08-03,NQU2,49871,12921.00,13310.25,12867.25,13248.00,680002,12921.00,12934.75,12909.00,12924.00,3618,1031,12921.00,13016.75,12867.25,12994.50,100102,24634,12936.00,12997.50,12892.75,12980.75,42224,9626,12998.50,13016.50,12992.00,12994.50,14032,2607,12994.50,13173.25,12989.25,13132.25,141655,3600,12994.50,13224.25,12989.25,13221.50,281525,8988,13221.75,13278.50,13187.00,13273.75,130127,7081,13273.50,13296.00,13253.75,13283.50,58833,3525,13283.00,13310.25,13263.00,13276.00,79587,3542,13274.50,13310.25,13267.25,13276.00,52179,1778,13276.25,13278.25,13242.50,13248.00,29782,2090,12994.50,13310.25,12989.25,13276.00,550072,23136
2022-08-04,NQU2,48042,13247.00,13356.00,13184.75,13328.00,538038,13247.00,13252.50,13229.50,13245.25,3271,945,13247.00,13356.00,13227.25,13269.75,98064,23543,13235.75,13356.00,13228.75,13272.75,46751,10395,13288.75,13323.00,13264.75,13269.75,19575,2973,13270.00,13339.00,13231.50,13240.75,125335,3600,13270.00,13339.00,13184.75,13284.25,241941,8981,13284.50,13317.00,13243.50,13298.25,99885,6983,13298.25,13325.00,13271.25,13322.25,40868,3454,13322.50,13346.75,13291.25,13322.50,41073,3462,13333.75,13336.50,13291.25,13322.50,23287,1749,13322.75,13344.50,13319.00,13326.50,16174,1606,13270.00,13346.75,13184.75,13322.50,423767,22880
2022-08-05,NQU2,44961,13327.25,13384.50,13085.00,13216.50,681251,13327.25,13335.25,13317.00,13329.50,1769,662,13327.25,13384.50,13107.00,13121.50,127751,20056,13343.50,13362.25,13290.25,13336.00,27454,7793,13346.00,13348.75,13107.00,13121.50,73256,3552,13121.75,13310.00,13114.50,13263.25,146622,3599,13121.75,13310.00,13085.00,13124.25,290281,8987,13124.50,13242.00,13120.75,13191.25,128970,7130,13191.75,13198.00,13145.50,13161.75,52181,3525,13162.00,13237.50,13157.25,13227.75,63620,3552,13186.00,13237.50,13182.25,13227.75,38826,1782,13227.75,13234.75,13203.75,13217.00,18402,1697,13121.75,13310.00,13085.00,13227.75,535052,23194
2022-08-08,NQU2,46899,13227.75,13419.25,13120.50,13213.00,592709,13227.75,13292.00,13167.75,13182.25,6043,1526,13227.75,13349.00,13167.75,13264.25,103265,22208,13265.75,13329.75,13264.00,13320.75,35016,8610,13337.00,13349.00,13247.00,13264.25,31322,2905,13264.75,13419.25,13232.00,13356.75,126354,3595,13264.75,13419.25,13197.00,13254.25,250769,8975,13254.25,13260.75,13157.75,13212.25,116328,7056,13213.00,13214.25,13120.50,13147.25,55177,3517,13147.25,13187.50,13132.50,13181.75,51779,3548,13166.25,13187.50,13144.75,13181.75,27385,1776,13181.75,13213.50,13178.00,13213.00,15304,1573,13264.75,13419.25,13120.50,13181.75,474053,23096
2022-08-09,NQU2,46652,13206.25,13233.75,12963.25,13055.75,547918,13206.25,13209.50,13195.00,13197.75,2085,746,13206.25,13233.75,13076.50,13097.00,88487,22038,13199.25,13223.25,13081.75,13091.75,41785,9474,13103.50,13116.25,13085.25,13097.00,13800,2596,13097.25,13112.25,12973.25,13008.00,124716,3597,13097.25,13112.25,12973.25,13018.00,235102,8964,13017.50,13032.25,12963.25,13025.50,101202,6999,13025.25,13050.25,12989.00,13033.75,48892,3479,13033.25,13059.75,13021.00,13029.75,58109,3541,13048.75,13056.50,13025.25,13029.75,33370,1768,13029.25,13055.75,13027.25,13055.25,16077,1615,13097.25,13112.25,12963.25,13029.75,443305,22983
2022-08-10,NQU2,46344,13050.00,13408.00,12982.00,13381.00,596246,13050.00,13055.75,13041.00,13046.50,2128,738,13050.00,13375.00,12982.00,13342.50,147908,21840,13003.25,13103.25,12982.00,13087.50,35387,8690,13105.00,13375.00,13089.00,13342.50,77682,3527,13342.75,13355.00,13237.75,13281.50,129817,3599,13342.75,13382.75,13237.75,13374.25,239226,8947,13374.00,13392.75,13316.50,13371.75,94261,6916,13370.75,13381.00,13337.25,13342.50,33541,3334,13343.00,13408.00,13332.50,13390.75,60603,3506,13378.00,13408.00,13368.00,13390.75,39729,1774,13390.75,13396.50,13376.25,13380.50,20653,1787,13342.75,13408.00,13237.75,13390.75,427631,22703
2022-08-11,NQU2,47853,13380.50,13575.00,13285.00,13346.75,612298,13380.50,13381.75,13370.00,13376.25,1822,647,13380.50,13510.25,13370.00,13492.25,114509,23233,13466.75,13472.50,13387.00,13450.50,39170,9557,13481.50,13510.25,13453.25,13492.25,33894,3284,13492.25,13575.00,13455.50,13527.00,123573,3598,13492.25,13575.00,13361.50,13397.25,270903,8983,13397.25,13442.50,13373.25,13388.25,89387,6986,13388.50,13392.00,13293.75,13325.75,59574,3527,13324.75,13333.75,13285.00,13304.75,61247,3538,13320.50,13333.75,13285.00,13304.75,33986,1774,13305.00,13346.50,13304.50,13346.25,16651,1575,13492.25,13575.00,13285.00,13304.75,481111,23034
2022-08-12,NQU2,43760,13344.25,13583.25,13312.00,13580.00,494268,13344.25,13345.00,13318.50,13328.25,2685,837,13344.25,13417.25,13312.00,13404.75,74401,19857,13359.75,13408.00,13335.50,13365.00,34008,8622,13381.00,13417.25,13374.00,13404.75,13674,2552,13405.25,13462.50,13359.25,13433.00,116336,3593,13405.25,13489.50,13359.25,13458.25,221591,8943,13458.75,13512.50,13453.50,13505.75,63671,6472,13505.25,13543.50,13502.25,13542.75,37857,3180,13543.00,13583.25,13535.00,13581.50,73638,3527,13564.25,13583.25,13553.50,13581.50,42648,1776,13581.25,13582.25,13563.25,13579.50,23019,1760,13405.25,13583.25,13359.25,13581.50,396757,22122
2022-08-15,NQU2,44037,13571.50,13706.00,13495.25,13678.75,458277,13571.50,13574.50,13545.00,13552.00,3479,1045,13571.50,13574.50,13495.25,13531.50,75653,19997,13543.75,13551.50,13495.25,13526.00,32995,8384,13541.00,13550.25,13501.50,13531.50,13573,2543,13532.00,13634.50,13530.50,13568.50,110764,3591,13532.00,13662.25,13530.50,13656.50,209915,8941,13656.25,13677.75,13635.75,13660.75,72372,6715,13661.00,13683.50,13641.00,13682.50,31612,3273,13682.75,13706.00,13672.50,13685.75,51975,3447,13699.25,13704.75,13672.50,13685.75,30056,1738,13685.75,13686.00,13668.25,13678.00,16715,1650,13532.00,13706.00,13530.50,13685.75,365874,22376
2022-08-16,NQU2,43186,13674.75,13740.75,13522.75,13663.50,550629,13674.75,13677.75,13665.75,13671.25,1671,600,13674.75,13688.00,13626.50,13643.25,68668,18727,13651.00,13688.00,13626.50,13664.25,30088,8295,13671.50,13674.25,13628.75,13643.25,14690,2673,13643.50,13659.25,13558.50,13570.75,112588,3590,13643.50,13681.25,13522.75,13673.75,231792,8932,13673.75,13702.25,13631.50,13701.00,89843,6864,13701.25,13740.75,13581.00,13621.25,75693,3519,13621.25,13689.00,13592.50,13660.75,69048,3544,13646.75,13689.00,13643.25,13660.75,37246,1778,13661.00,13664.25,13640.00,13663.50,15534,1581,13643.50,13740.75,13522.75,13660.75,466376,22859
2022-08-17,NQU2,46740,13658.00,13672.00,13406.25,13511.00,606216,13658.00,13661.75,13642.75,13647.25,2265,725,13658.00,13672.00,13505.75,13517.50,100904,22213,13638.75,13641.00,13512.50,13526.25,46085,10187,13531.25,13554.50,13505.75,13517.50,25601,3177,13517.25,13565.75,13465.50,13488.00,115349,3591,13517.25,13565.75,13406.25,13428.25,234037,8958,13427.75,13509.75,13422.50,13488.50,91938,6884,13488.25,13616.00,13473.50,13555.75,94857,3573,13555.75,13581.00,13476.25,13499.00,68650,3576,13516.25,13521.75,13476.25,13499.00,34648,1788,13499.00,13512.50,13488.25,13510.25,15793,1525,13517.25,13616.00,13406.25,13499.00,489482,22991
2022-08-18,NQU2,46568,13503.00,13575.50,13410.75,13540.00,520545,13503.00,13503.00,13468.00,13471.50,2783,916,13503.00,13559.00,13410.75,13489.00,88820,22115,13422.00,13532.00,13410.75,13529.00,34769,9033,13529.50,13531.00,13482.50,13489.00,17703,2707,13489.25,13502.25,13422.50,13473.25,102757,3597,13489.25,13575.50,13422.50,13560.25,202711,8946,13560.00,13568.75,13483.75,13539.25,97828,6983,13538.75,13554.50,13514.25,13542.25,46937,3441,13542.25,13572.75,13511.75,13513.50,66691,3523,13563.00,13572.75,13511.75,13513.50,37480,1767,13513.50,13543.00,13513.50,13537.75,17493,1545,13489.25,13575.50,13422.50,13513.50,414167,22893
2022-08-19,NQU2,47690,13534.25,13534.50,13228.75,13250.00,609495,13534.25,13534.50,13522.50,13525.25,1539,514,13534.25,13534.50,13358.25,13398.25,102450,23160,13431.50,13457.50,13358.25,13389.50,48409,10739,13372.50,13412.25,13367.00,13398.25,20212,2840,13398.50,13425.25,13281.00,13296.75,140749,3599,13398.50,13425.25,13246.00,13269.75,264938,8962,13269.00,13311.25,13230.25,13276.75,99723,6958,13276.75,13277.75,13243.25,13252.00,47127,3413,13251.50,13287.50,13228.75,13272.25,76921,3543,13268.25,13287.50,13255.50,13272.25,43875,1790,13272.50,13273.50,13247.00,13251.25,18290,1638,13398.50,13425.25,13228.75,13272.25,488709,22876
2022-08-22,NQU2,49744,13226.50,13226.50,12874.50,12933.50,588481,13226.50,13226.50,13177.00,13199.00,6504,1386,13226.50,13226.50,13046.75,13079.00,115616,25214,13164.00,13189.00,13046.75,13070.75,57542,11230,13062.00,13085.00,13059.50,13079.00,16277,2581,13078.50,13092.25,12964.75,12985.00,127801,3596,13078.50,13092.25,12945.25,12989.50,228918,8939,12989.75,13001.50,12920.00,12927.00,86264,6806,12926.50,12937.50,12888.50,12901.75,49915,3438,12902.25,12928.75,12874.50,12899.00,83164,3554,12905.75,12917.25,12874.50,12899.00,52942,1787,12899.25,12937.75,12898.75,12933.25,24567,1779,13078.50,13092.25,12874.50,12899.00,448261,22737
2022-08-23,NQU2,48532,12933.75,13018.50,12823.50,12889.25,566716,12933.75,12945.25,12922.00,12940.25,2681,821,12933.75,12965.00,12823.50,12894.50,111908,24308,12850.25,12965.00,12849.00,12942.00,50117,10346,12930.00,12935.25,12878.50,12894.50,18779,2812,12894.50,13018.50,12866.00,12964.50,135429,3594,12894.50,13018.50,12866.00,12923.75,248916,8956,12924.00,12961.75,12881.75,12922.25,102727,7000,12922.50,12954.00,12909.00,12933.50,36874,3377,12933.00,12950.50,12882.00,12899.50,51684,3448,12926.50,12932.50,12882.00,12899.50,31767,1758,12899.50,12906.25,12886.50,12888.50,14536,1427,12894.50,13018.50,12866.00,12899.50,440201,22781
2022-08-24,NQU2,47795,12892.00,13011.25,12825.75,12956.00,497726,12892.00,12902.50,12885.00,12898.75,1699,681,12892.00,12938.00,12825.75,12877.75,99218,23439,12880.75,12931.50,12825.75,12922.75,43100,9771,12922.25,12925.00,12869.00,12877.75,17189,2718,12878.00,12949.25,12851.50,12942.50,101771,3596,12878.00,13004.50,12851.50,12992.25,196788,8919,12991.75,13011.25,12910.25,12937.75,93262,6862,12937.75,12953.00,12914.25,12941.00,37632,3300,12940.75,12971.50,12928.50,12928.50,52091,3423,12952.75,12971.50,12928.50,12928.50,29681,1728,12928.50,12965.00,12924.25,12956.00,18699,1842,12878.00,13011.25,12851.50,12928.50,379773,22504
2022-08-25,NQU2,47315,12944.00,13161.50,12925.00,13144.75,535226,12944.00,12956.75,12940.00,12942.50,2018,696,12944.00,13085.50,12925.00,13007.50,100940,22930,13069.75,13082.75,12991.75,13027.00,40793,9506,13018.75,13027.50,12985.75,13007.50,18204,2870,13007.75,13101.50,12962.00,13089.50,112063,3599,13007.75,13118.00,12962.00,13040.25,220496,8960,13040.25,13094.25,12997.25,13082.00,88486,6813,13082.00,13088.75,13042.25,13062.00,37141,3326,13061.50,13155.50,13053.75,13152.50,66561,3503,13086.75,13155.50,13072.00,13152.50,45070,1781,13152.25,13161.50,13139.00,13143.00,21555,1767,13007.75,13155.50,12962.00,13152.50,412684,22602
2022-08-26,NQU2,47065,13153.75,13220.00,12557.50,12559.00,742005,13153.75,13168.75,13136.25,13140.25,2352,752,13153.75,13220.00,13068.50,13151.00,107554,21442,13129.50,13146.00,13068.50,13109.00,35659,8731,13103.50,13220.00,13088.00,13151.00,40862,3340,13151.25,13198.50,12960.50,12988.25,147319,3596,13151.25,13198.50,12777.75,12816.75,300327,8993,12816.75,12819.50,12735.25,12742.25,116629,7102,12742.25,12752.50,12700.00,12708.50,66714,3504,12708.25,12727.00,12621.50,12622.75,112819,3578,12689.50,12690.25,12621.50,12622.75,68356,1793,12622.75,12624.25,12557.50,12561.25,37867,2423,13151.25,13198.50,12621.50,12622.75,596489,23177
2022-08-29,NQU2,56156,12485.00,12610.25,12401.50,12505.25,690307,12485.00,12513.50,12461.50,12487.00,11847,2176,12485.00,12534.00,12401.50,12504.00,152090,31234,12494.25,12534.00,12440.75,12477.25,57031,11224,12495.25,12519.25,12480.00,12504.00,21275,2897,12503.50,12610.25,12478.75,12575.00,132119,3600,12503.50,12610.25,12448.25,12512.75,264489,8990,12513.00,12606.00,12499.25,12580.00,129397,7084,12579.50,12582.00,12522.00,12547.00,48610,3488,12547.50,12594.50,12498.75,12499.75,73539,3548,12552.75,12570.50,12498.75,12499.75,41816,1769,12499.50,12505.25,12481.00,12504.50,22112,1796,12503.50,12610.25,12448.25,12499.75,516035,23110
2022-08-30,NQU2,51643,12503.50,12658.25,12247.50,12360.50,791611,12503.50,12511.25,12493.00,12499.50,2435,737,12503.50,12658.25,12483.50,12564.50,123107,26638,12552.50,12658.25,12537.75,12606.25,53492,10721,12581.50,12586.25,12552.50,12564.50,22310,2926,12564.75,12587.25,12383.50,12402.50,147096,3598,12564.75,12587.25,12269.25,12345.00,339108,8989,12345.00,12395.75,12247.50,12297.75,144963,7110,12297.00,12324.50,12280.75,12307.50,60407,3529,12307.50,12385.50,12300.50,12365.00,100559,3578,12352.75,12368.50,12309.00,12365.00,55940,1789,12365.00,12380.50,12351.50,12359.00,23407,1787,12564.75,12587.25,12247.50,12365.00,645037,23206
2022-08-31,NQU2,52306,12366.00,12513.00,12276.25,12305.50,665188,12366.00,12372.75,12347.00,12369.50,2670,880,12366.00,12498.25,12347.00,12476.75,134782,27360,12439.75,12471.00,12359.50,12434.75,59286,12114,12454.50,12498.25,12421.25,12476.75,27680,3069,12477.00,12513.00,12375.00,12382.50,141351,3598,12477.00,12513.00,12301.00,12398.00,263254,8981,12397.75,12400.75,12285.50,12314.50,93994,7042,12314.00,12344.25,12276.25,12293.25,54972,3539,12293.00,12387.25,12283.00,12285.25,88655,3584,12338.50,12387.25,12283.00,12285.25,52683,1797,12285.00,12310.00,12279.00,12306.75,29510,1787,12477.00,12513.00,12276.25,12285.25,500875,23146
2022-09-01,NQU2,59737,12284.75,12299.50,12017.75,12292.25,817207,12284.75,12293.75,12206.50,12228.75,10984,2012,12284.75,12293.75,12113.50,12173.50,187579,34472,12156.00,12237.50,12116.25,12209.25,68354,12491,12190.50,12217.50,12158.75,12173.50,30827,3194,12173.75,12224.00,12095.75,12159.75,146172,3600,12173.75,12224.00,12025.50,12035.75,308784,8995,12035.25,12127.00,12017.75,12086.25,127877,7088,12086.50,12221.00,12072.00,12187.00,82663,3571,12186.25,12290.50,12181.50,12289.75,84810,3584,12200.25,12290.50,12182.75,12289.75,43317,1790,12289.75,12299.50,12257.75,12291.50,25403,2006,12173.75,12290.50,12017.75,12289.75,604134,23238
2022-09-02,NQU2,52728,12297.75,12461.50,12040.25,12130.25,827044,12297.75,12320.50,12280.25,12292.25,5953,1359,12297.75,12421.00,12232.50,12403.00,163829,27575,12313.25,12315.25,12240.50,12276.00,44032,10048,12284.50,12421.00,12232.50,12403.00,68826,3492,12403.00,12415.00,12272.50,12403.50,131981,3599,12403.00,12461.50,12272.50,12419.50,270093,8971,12420.00,12424.75,12085.00,12091.00,198276,7176,12091.00,12155.25,12081.50,12108.25,74567,3583,12108.50,12159.00,12040.25,12091.00,92785,3580,12111.75,12123.75,12040.25,12091.00,52544,1794,12090.50,12137.25,12088.50,12131.75,27451,1829,12403.00,12461.50,12040.25,12091.00,635721,23310
2022-09-05,NQU2,33437,12110.50,12167.50,12054.00,12136.00,132330,12110.50,12131.00,12054.75,12068.50,7138,1577,12110.50,12149.50,12054.00,12112.75,99905,26655,12120.50,12141.25,12063.25,12069.50,38136,9689,12072.00,12124.00,12068.25,12112.75,8924,2099,12112.75,12148.00,12104.25,12143.00,14377,2333,12112.75,12161.75,12104.25,12136.50,26204,5215,12137.25,12167.50,12128.75,12136.00,6221,1567,,,,,0,0,,,,,0,0,,,,,0,0,,,,,0,0,12112.75,12167.50,12104.25,12136.00,32425,6782
2022-09-06,NQU2,54899,12136.00,12244.50,11930.00,12020.25,752452,12136.00,12182.50,12112.00,12168.75,6049,1614,12136.00,12244.50,12112.00,12122.25,136457,29951,12188.50,12244.50,12143.50,12181.50,55102,11552,12165.50,12188.75,12117.00,12122.25,19008,2742,12122.25,12169.00,11930.00,12003.25,157278,3600,12122.25,12169.00,11930.00,12127.00,325469,8995,12127.00,12140.00,11964.00,12007.50,137853,7157,12008.00,12061.75,12000.25,12012.75,59293,3558,12013.00,12067.00,11990.25,12012.25,77094,3577,12037.25,12046.25,11990.25,12012.25,43090,1788,12012.50,12027.25,12003.25,12018.50,16234,1646,12122.25,12169.00,11930.00,12012.25,599709,23287
2022-09-07,NQU2,54671,12019.75,12306.25,11921.50,12263.50,667355,12019.75,12034.25,12010.00,12020.75,2848,903,12019.75,12077.75,11921.50,12040.50,142559,29718,12006.50,12077.75,11972.00,12006.75,58372,11467,11985.00,12043.50,11985.00,12040.50,21474,2937,12040.50,12128.25,12029.50,12069.00,131911,3598,12040.50,12162.00,12029.50,12142.75,253352,8974,12143.00,12216.75,12101.00,12206.50,111384,7065,12206.50,12280.00,12205.00,12270.50,63940,3558,12270.50,12306.25,12257.25,12265.75,72991,3568,12299.00,12306.25,12257.25,12265.75,43160,1792,12265.50,12271.00,12248.25,12263.00,22961,1771,12040.50,12306.25,12029.50,12265.75,501667,23165
2022-09-08,NQU2,51773,12267.75,12379.50,12115.75,12346.75,716074,12267.75,12296.50,12263.00,12272.00,3649,990,12267.75,12332.50,12152.00,12173.75,142289,26846,12301.50,12311.25,12224.75,12248.50,49162,10556,12251.25,12257.75,12152.00,12173.75,39346,3389,12173.25,12286.75,12115.75,12249.50,145135,3600,12173.25,12379.50,12115.75,12314.50,258579,8961,12314.75,12324.25,12137.75,12263.50,178452,7152,12264.00,12301.50,12239.00,12255.75,55036,3535,12256.00,12316.00,12229.50,12311.50,60984,3543,12279.50,12316.00,12247.25,12311.50,32643,1777,12311.25,12349.25,12311.00,12346.75,20684,1721,12173.25,12379.50,12115.75,12311.50,553051,23191
2022-09-09,NQU2,48814,12345.25,12613.75,12329.50,12590.50,482530,12345.25,12347.50,12329.50,12338.50,1893,691,12345.25,12481.75,12329.50,12419.75,108477,25169,12382.25,12481.75,12377.00,12447.00,51024,10618,12448.00,12473.75,12406.25,12419.75,18277,2772,12419.75,12545.25,12412.00,12522.50,113578,3595,12419.75,12580.50,12412.00,12558.50,202439,8901,12558.50,12605.50,12510.50,12587.50,77080,6666,12587.25,12599.25,12559.00,12575.25,34148,3266,12575.25,12613.75,12571.50,12594.50,46874,3395,12593.50,12613.75,12585.00,12594.50,27766,1725,12594.25,12598.25,12572.00,12592.50,13340,1402,12419.75,12613.75,12412.00,12594.50,360541,22228
2022-09-12,NQU2,46735,12626.00,12856.75,12573.25,12854.50,382609,12626.00,12679.25,12626.00,12640.50,4993,1206,12626.00,12755.75,12573.25,12728.75,82302,23018,12638.75,12697.00,12620.75,12676.25,32858,9170,12705.00,12731.75,12689.25,12728.75,11460,2263,12728.75,12838.25,12719.75,12818.50,76683,3577,12728.75,12838.25,12719.75,12754.75,150623,8847,12754.75,12828.00,12722.00,12821.00,67715,6609,12821.75,12825.25,12764.00,12793.50,29656,3251,12793.50,12823.25,12784.25,12821.50,34979,3364,12799.75,12823.25,12788.00,12821.50,21109,1724,12821.25,12856.75,12820.25,12855.25,17283,1633,12728.75,12838.25,12719.75,12821.50,282973,22071
2022-09-13,NQZ2,44630,12854.00,12987.00,12082.25,12127.00,612440,12854.00,12865.00,12836.00,12844.75,1952,558,12854.00,12987.00,12427.75,12454.00,145660,19597,12785.25,12924.50,12785.00,12912.50,25856,6827,12916.50,12987.00,12427.75,12454.00,85932,3538,12454.50,12508.50,12358.75,12385.50,114478,3600,12454.50,12508.50,12262.50,12272.75,206492,8937,12272.50,12336.75,12262.75,12293.25,82331,6932,12293.50,12297.00,12204.75,12207.50,52665,3484,12207.50,12220.50,12082.25,12116.00,97191,3578,12156.25,12157.25,12082.25,12116.00,65272,1796,12116.25,12138.00,12106.75,12127.50,28032,2084,12454.50,12508.50,12082.25,12116.00,438679,22931
2022-09-14,NQZ2,53481,12128.00,12253.00,12080.25,12250.00,639020,12128.00,12153.00,12108.00,12147.75,4942,1285,12128.00,12219.75,12080.25,12168.00,148529,28219,12142.50,12219.75,12080.25,12087.75,58155,11188,12137.75,12178.25,12110.75,12168.00,35993,3323,12168.25,12214.00,12098.75,12107.50,121389,3596,12168.25,12253.00,12093.50,12213.75,240127,8968,12213.25,12247.25,12135.75,12151.50,95126,7054,12151.50,12179.25,12118.00,12143.50,55114,3535,12142.75,12223.25,12092.75,12222.75,75843,3576,12125.00,12223.25,12092.75,12222.75,43673,1794,12222.50,12251.75,12212.25,12248.00,24173,2108,12168.25,12253.00,12092.75,12222.75,466210,23133
2022-09-15,NQZ2,48881,12234.00,12268.75,11937.50,11973.00,712732,12234.00,12268.75,12234.00,12259.25,3493,981,12234.00,12268.75,12126.00,12127.25,113265,23066,12217.25,12252.75,12156.50,12182.25,38836,8942,12158.50,12203.50,12126.00,12127.25,35383,3314,12127.25,12234.00,12110.25,12117.75,125668,3600,12127.25,12234.00,11988.00,12020.00,282538,8995,12020.25,12150.75,11997.75,12090.75,134257,7129,12091.25,12093.25,12011.75,12022.25,58647,3561,12022.50,12030.75,11937.50,12011.75,93439,3587,11947.75,12030.75,11940.00,12011.75,50624,1797,12012.00,12036.75,11955.25,11971.25,30471,2528,12127.25,12234.00,11937.50,12011.75,568881,23272
2022-09-16,NQZ2,52237,11951.50,11961.25,11778.50,11960.75,740189,11951.50,11956.00,11890.75,11929.25,9149,1709,11951.50,11956.00,11825.25,11856.00,143202,26916,11883.25,11918.25,11850.50,11894.25,49972,10593,11863.75,11876.75,11825.25,11856.00,39599,3297,11856.00,11886.00,11782.00,11853.50,159721,3600,11856.00,11916.50,11782.00,11865.00,297587,8993,11864.50,11867.00,11778.50,11813.75,114132,7120,11813.75,11904.50,11810.50,11891.75,64323,3543,11891.25,11948.50,11870.00,11937.00,93223,3598,11897.25,11948.50,11870.00,11937.00,50534,1799,11936.75,11957.75,11923.75,11954.00,27400,2044,11856.00,11948.50,11778.50,11937.00,569265,23254
2022-09-19,NQZ2,52898,11920.00,12066.25,11792.25,12045.50,625812,11920.00,11928.25,11881.50,11919.75,7160,1657,11920.00,11950.25,11792.25,11824.75,124980,27776,11857.75,11862.00,11792.25,11805.00,51727,10813,11833.25,11867.00,11823.25,11824.75,18735,2850,11824.75,11935.75,11814.75,11915.25,120435,3599,11824.75,11978.50,11814.75,11880.25,245202,8980,11880.75,11952.00,11848.75,11915.25,102631,7075,11915.25,11948.25,11897.50,11943.00,49853,3518,11942.75,12030.75,11941.25,12022.50,81384,3584,12017.75,12030.75,11988.75,12022.50,39690,1791,12023.00,12066.25,12018.25,12046.25,21720,1953,11824.75,12030.75,11814.75,12022.50,479070,23157
2022-09-20,NQZ2,52809,12045.75,12092.50,11828.25,11949.00,698077,12045.75,12064.50,12041.25,12051.75,2870,879,12045.75,12092.50,11912.75,11916.50,138089,27792,12047.75,12088.75,11943.75,11955.00,66162,12332,11918.75,11950.25,11912.75,11916.50,24814,2981,11916.25,11948.00,11887.00,11927.00,133084,3599,11916.25,12017.25,11887.00,12015.50,245151,8974,12015.50,12023.25,11828.25,11833.50,139414,7114,11833.25,11916.75,11832.50,11909.50,75722,3569,11910.25,11969.50,11891.75,11919.00,79550,3580,11934.75,11969.50,11905.50,11919.00,46730,1791,11919.00,11956.50,11916.00,11949.50,20073,1761,11916.25,12023.25,11828.25,11919.00,539837,23237
2022-09-21,NQZ2,52245,11946.00,12140.50,11647.50,11668.00,813328,11946.00,11948.75,11925.25,11934.25,2789,845,11946.00,11989.75,11861.50,11969.25,133528,26697,11891.00,11949.75,11861.50,11939.75,53838,10573,11951.50,11989.75,11950.00,11969.25,22448,2888,11969.00,11999.00,11938.00,11996.75,93635,3590,11969.00,11999.75,11938.00,11968.25,173938,8885,11968.25,12028.50,11958.25,12021.00,71785,6717,12020.25,12140.50,11763.25,12070.25,235904,3591,12069.50,12097.75,11719.00,11720.75,157848,3600,11856.75,11862.25,11719.00,11720.75,75597,1800,11720.50,11720.75,11647.50,11664.75,40258,2735,11969.00,12140.50,11719.00,11720.75,639475,22793
2022-09-22,NQZ2,59838,11661.25,11796.00,11510.00,11566.50,780902,11661.25,11678.25,11618.00,11626.00,7146,1688,11661.25,11796.00,11550.00,11635.25,206967,34318,11616.50,11796.00,11600.50,11699.50,95163,14131,11710.50,11752.00,11631.75,11635.25,38030,3386,11635.00,11682.25,11566.25,11599.00,141123,3600,11635.00,11682.25,11510.00,11558.25,277907,8991,11558.25,11609.75,11536.25,11595.00,112093,7138,11594.25,11600.00,11521.50,11579.25,57583,3579,11579.50,11685.25,11572.00,11577.25,99029,3596,11611.25,11685.25,11572.00,11577.25,53425,1798,11576.75,11577.75,11543.25,11567.75,27268,2198,11635.00,11685.25,11510.00,11577.25,546612,23304
2022-09-23,NQZ2,56393,11583.75,11600.25,11229.00,11388.00,793653,11583.75,11586.25,11558.00,11571.75,4151,1145,11583.75,11600.25,11379.50,11457.75,179305,31091,11531.75,11537.75,11379.50,11409.75,83300,13683,11422.25,11482.00,11393.25,11457.75,38266,3303,11457.75,11471.00,11338.25,11400.00,144811,3600,11457.75,11471.00,11336.75,11360.50,272721,8991,11360.25,11372.00,11297.25,11331.50,125972,7149,11331.75,11346.25,11229.00,11235.00,80243,3580,11234.50,11386.00,11232.75,11371.25,109296,3597,11317.75,11386.00,11315.75,11371.25,59152,1799,11370.75,11393.50,11368.75,11387.00,26050,1968,11457.75,11471.00,11229.00,11371.25,588232,23317
2022-09-26,NQZ2,62264,11362.50,11537.75,11256.50,11315.50,801455,11362.50,11397.00,11309.50,11352.75,13225,2251,11362.50,11421.75,11256.50,11350.00,212372,36776,11275.75,11421.75,11272.00,11318.50,87991,13823,11337.50,11387.50,11310.50,11350.00,30857,3283,11350.00,11537.75,11342.50,11518.25,139261,3600,11350.00,11537.75,11342.50,11414.50,264439,8996,11413.75,11415.50,11300.25,11306.50,134112,7152,11306.25,11398.75,11293.00,11391.50,70216,3580,11391.50,11407.00,11314.00,11314.00,92265,3597,11378.00,11407.00,11314.00,11314.00,52190,1798,11314.25,11336.25,11290.75,11312.00,28007,2153,11350.00,11537.75,11293.00,11314.00,561032,23325
2022-09-27,NQZ2,57418,11315.50,11568.25,11233.50,11354.25,833069,11315.50,11326.75,11298.25,11323.75,4544,1240,11315.50,11524.75,11298.25,11478.25,176312,32053,11440.25,11515.00,11414.50,11496.75,76441,13123,11491.00,11524.75,11457.25,11478.25,32230,3274,11478.75,11568.25,11405.25,11435.50,159634,3600,11478.75,11568.25,11346.75,11349.25,299368,9000,11350.00,11351.25,11233.50,11267.75,178462,7181,11268.25,11363.75,11254.25,11344.00,71811,3581,11344.00,11355.00,11281.25,11328.75,85752,3598,11309.75,11355.00,11281.25,11328.75,44699,1799,11328.50,11356.50,11309.75,11353.75,21328,1991,11478.75,11568.25,11233.50,11328.75,635393,23360
2022-09-28,NQZ2,65108,11361.00,11613.50,11141.50,11539.25,884719,11361.00,11378.00,11342.00,11365.25,5281,1193,11361.00,11392.50,11141.50,11337.00,322955,39849,11208.50,11311.75,11141.50,11210.00,154232,15917,11268.00,11355.50,11257.75,11337.00,50640,3516,11337.00,11402.00,11266.00,11398.75,139276,3597,11337.00,11481.50,11266.00,11480.50,269976,8992,11480.25,11519.00,11454.00,11478.50,119449,7140,11478.75,11528.00,11471.50,11521.25,52786,3556,11521.50,11613.50,11513.50,11561.75,91873,3596,11561.75,11613.50,11559.75,11561.75,53038,1800,11561.75,11567.50,11535.75,11540.25,27598,1956,11337.00,11613.50,11266.00,11561.75,534084,23284
2022-09-29,NQZ2,59806,11544.00,11567.25,11091.50,11234.00,878846,11544.00,11565.75,11520.75,11531.25,4944,1243,11544.00,11567.25,11332.50,11387.00,210811,34439,11463.75,11476.25,11360.00,11418.75,93413,14247,11430.00,11432.75,11332.50,11387.00,43655,3409,11387.25,11402.25,11159.00,11196.00,183818,3600,11387.25,11402.25,11159.00,11256.75,324616,8996,11256.75,11271.00,11121.75,11126.50,121680,7134,11126.00,11159.50,11091.50,11107.25,73552,3582,11107.00,11237.75,11105.00,11223.00,117203,3595,11158.75,11237.75,11154.00,11223.00,75032,1800,11223.00,11254.00,11219.25,11229.50,30911,2041,11387.25,11402.25,11091.50,11223.00,637051,23307
2022-09-30,NQZ2,62330,11220.00,11357.25,11024.25,11058.25,865575,11220.00,11259.00,11218.25,11242.75,6882,1690,11220.00,11351.00,11164.50,11188.00,237532,36663,11286.50,11351.00,11223.75,11252.25,87955,14074,11288.00,11298.50,11164.50,11188.00,59482,3482,11189.00,11275.25,11143.00,11250.50,142991,3599,11189.00,11357.25,11143.00,11247.25,277283,8993,11247.25,11262.50,11150.25,11166.25,119367,7152,11166.00,11191.75,11105.75,11114.50,74745,3586,11114.00,11161.50,11024.25,11031.25,115553,3599,11112.75,11148.00,11024.25,11031.25,73439,1800,11031.25,11083.50,11024.50,11057.50,40993,2315,11189.00,11357.25,11024.25,11031.25,586948,23330
2022-10-03,NQZ2,63497,11030.00,11358.25,10890.75,11308.75,747335,11030.00,11050.25,10979.00,11022.00,17991,2548,11030.00,11135.50,10890.75,11107.25,237097,38637,11004.50,11061.75,10944.00,11058.50,84121,13428,11073.25,11135.50,11063.75,11107.25,29913,3212,11107.50,11214.00,11039.75,11206.50,136438,3599,11107.50,11236.50,11039.75,11171.50,244283,8975,11170.75,11281.75,11170.50,11264.25,100599,7055,11264.50,11358.25,11261.50,11350.50,58278,3543,11350.25,11356.75,11276.75,11286.50,80524,3568,11344.00,11353.00,11276.75,11286.50,49052,1795,11286.00,11326.75,11280.25,11311.00,26485,1702,11107.50,11358.25,11039.75,11286.50,483684,23141
2022-10-04,NQZ2,59510,11314.50,11675.00,11281.50,11645.25,759873,11314.50,11328.50,11281.50,11298.75,5400,1403,11314.50,11553.75,11281.50,11514.75,193177,34414,11447.00,11553.75,11428.25,11518.50,88300,13898,11502.00,11517.00,11482.25,11514.75,27104,3232,11515.00,11667.25,11512.25,11635.50,157060,3598,11515.00,11675.00,11512.25,11644.50,272112,8974,11644.50,11660.00,11524.25,11609.00,137777,7138,11609.75,11648.25,11581.50,11637.50,54156,3563,11638.25,11644.25,11577.50,11633.75,74610,3576,11609.00,11644.25,11593.00,11633.75,44479,1788,11633.50,11665.50,11631.25,11645.50,27961,1825,11515.00,11675.00,11512.25,11633.75,538655,23251
2022-10-05,NQZ2,55282,11630.25,11711.00,11366.50,11628.00,693069,11630.25,11645.25,11616.25,11624.25,4389,1314,11630.25,11645.25,11477.00,11481.50,154097,30208,11575.75,11593.75,11509.00,11542.50,70092,12463,11525.25,11539.00,11477.00,11481.50,26340,3069,11481.75,11539.00,11390.25,11400.00,139469,3596,11481.75,11539.00,11366.50,11453.00,252854,8974,11453.00,11625.75,11425.75,11568.25,129275,7150,11568.00,11643.00,11559.25,11641.75,49117,3545,11642.00,11711.00,11611.75,11613.50,84967,3580,11672.50,11696.00,11611.75,11613.50,46154,1790,11613.25,11664.75,11612.00,11630.50,22702,1808,11481.75,11711.00,11366.50,11613.50,516213,23249
2022-10-06,NQZ2,58024,11628.00,11729.75,11505.25,11505.75,769425,11628.00,11655.00,11616.00,11649.50,4873,1315,11628.00,11729.75,11523.75,11591.50,175922,32471,11636.50,11666.75,11523.75,11578.25,71998,13197,11588.50,11661.00,11574.75,11591.50,38424,3301,11591.25,11721.50,11528.00,11530.25,172445,3599,11591.25,11721.50,11526.50,11587.50,318985,8991,11587.75,11642.75,11561.25,11624.50,113322,7123,11624.50,11627.75,11528.50,11557.00,58778,3550,11557.00,11588.00,11527.50,11538.50,77394,3575,11575.00,11588.00,11530.50,11538.50,44665,1790,11538.75,11556.25,11506.00,11508.50,24907,2294,11591.25,11721.50,11526.50,11538.50,568479,23239
2022-10-07,NQZ2,53461,11494.50,11564.50,11043.25,11096.25,750469,11494.50,11514.25,11476.50,11492.00,5270,1293,11494.50,11564.50,11300.50,11344.75,187859,28260,11475.50,11528.50,11465.75,11501.25,45920,10296,11521.00,11544.00,11300.50,11344.75,85453,3562,11344.00,11350.00,11204.50,11242.75,151679,3599,11344.00,11350.00,11166.50,11190.25,270463,8984,11190.50,11203.25,11108.75,11114.25,109292,7087,11114.25,11133.75,11087.25,11106.75,52563,3525,11107.50,11135.00,11043.25,11104.25,101629,3587,11066.25,11112.00,11043.25,11104.25,65077,1796,11104.25,11106.50,11086.75,11097.50,28570,1993,11344.00,11350.00,11043.25,11104.25,533947,23183
2022-10-10,NQZ2,56408,11067.75,11136.50,10876.75,10993.50,746649,11067.75,11068.25,10986.00,11004.75,12168,2113,11067.75,11136.50,10986.00,11109.75,162183,31653,11020.75,11091.75,10995.75,11074.00,60037,11474,11073.00,11136.50,11063.75,11109.75,27963,3034,11110.25,11126.00,10983.00,11037.25,135088,3598,11110.25,11126.00,10927.75,10987.50,278606,8991,10988.00,11068.25,10876.75,11037.75,150859,7148,11038.00,11043.75,10971.50,11004.75,64605,3569,11003.50,11049.50,10984.00,10992.50,71538,3578,11011.00,11042.75,10984.00,10992.50,36595,1788,10992.50,11004.50,10977.00,10994.50,18815,1454,11110.25,11126.00,10876.75,10992.50,565608,23286
2022-10-11,NQZ2,57072,10987.00,11039.50,10767.25,10880.50,822278,10987.00,11011.25,10984.00,11009.25,2897,869,10987.00,11031.25,10853.25,10919.50,177088,31905,10893.25,10958.00,10853.25,10934.00,82006,13151,10977.25,10990.75,10915.50,10919.50,27057,3204,10919.75,10944.75,10788.50,10838.25,153082,3599,10919.75,10995.75,10788.50,10961.00,309020,8996,10960.50,11039.50,10913.00,10969.00,128053,7146,10969.75,10985.25,10810.75,10813.00,75223,3562,10812.75,10860.00,10767.25,10849.00,110573,3598,10818.25,10860.00,10792.50,10849.00,50311,1799,10849.00,10882.00,10840.00,10880.25,22251,1850,10919.75,11039.50,10767.25,10849.00,622869,23302
2022-10-12,NQZ2,57911,10875.00,10976.75,10805.50,10853.00,722611,10875.00,10877.75,10852.25,10859.75,3906,1124,10875.00,10976.75,10836.00,10864.25,205951,33096,10945.25,10974.00,10874.25,10940.75,77970,12964,10950.75,10958.50,10843.00,10864.25,53103,3458,10864.75,10945.75,10805.50,10865.50,147193,3600,10864.75,10945.75,10805.50,10916.00,260453,8989,10916.00,10925.25,10837.50,10843.50,93500,6982,10843.25,10919.25,10830.25,10856.50,82594,3580,10856.00,10885.25,10836.75,10845.00,60954,3557,10862.50,10885.25,10839.75,10845.00,33680,1777,10845.00,10854.00,10833.75,10853.25,19104,1692,10864.75,10945.75,10805.50,10845.00,497501,23108
2022-10-13,NQZ2,51739,10859.00,11142.75,10484.75,11065.50,1033416,10859.00,10865.25,10849.75,10854.75,2019,702,10859.00,10999.00,10497.00,10522.75,225978,26418,10834.50,10944.00,10803.25,10914.75,63709,11218,10961.50,10984.00,10497.00,10522.75,115126,3588,10523.00,10697.00,10484.75,10611.50,190935,3600,10523.00,11114.75,10484.75,11005.75,468456,9000,11005.25,11117.25,10914.25,11069.00,158437,7168,11069.25,11121.50,11006.75,11111.75,65518,3554,11112.00,11142.75,11053.50,11084.25,90543,3592,11093.00,11132.00,11053.50,11084.25,50049,1798,11084.50,11112.75,11060.75,11066.25,24350,1989,10523.00,11142.75,10484.75,11084.25,782954,23314
2022-10-14,NQZ2,59854,11064.75,11253.50,10726.75,10746.25,833656,11064.75,11086.25,11057.75,11077.25,5480,1293,11064.75,11253.50,10988.25,11183.75,242816,34808,11154.50,11156.25,10988.25,11027.50,92197,14256,11083.50,11253.50,11038.25,11183.75,66683,3539,11183.75,11207.50,10860.00,10936.25,182532,3600,11183.75,11207.50,10821.75,10840.75,314700,8991,10841.00,10875.50,10783.25,10842.00,112021,7083,10842.50,10853.00,10767.25,10788.25,52720,3536,10787.50,10824.50,10726.75,10739.25,82602,3568,10791.00,10809.25,10726.75,10739.25,50302,1787,10739.25,10766.00,10734.75,10747.50,28770,1854,11183.75,11207.50,10726.75,10739.25,562043,23178
2022-10-17,NQZ2,55202,10720.00,11146.25,10713.00,11134.00,628453,10720.00,10803.00,10713.00,10793.50,7210,1584,10720.00,10997.75,10713.00,10997.75,165761,30224,10837.25,10916.75,10810.50,10902.75,54511,11490,10905.25,10997.75,10895.50,10997.75,35211,3268,10997.25,11133.25,10994.75,11089.00,146961,3600,10997.25,11138.00,10994.75,11115.25,257805,8972,11115.75,11137.25,11077.25,11127.25,78970,6911,11126.50,11146.25,11097.25,11115.75,37313,3453,11116.00,11138.50,11088.25,11108.00,62755,3549,11114.50,11138.50,11091.50,11108.00,39098,1780,11108.25,11146.25,11103.50,11134.00,25743,2073,10997.25,11146.25,10994.75,11108.00,436843,22885
2022-10-18,NQZ2,59609,11161.25,11431.75,11081.50,11322.75,826716,11161.25,11196.50,11160.00,11186.50,8635,1695,11161.25,11410.50,11160.00,11403.75,204819,33869,11311.50,11356.25,11237.75,11339.75,83707,13311,11356.25,11410.50,11356.25,11403.75,33761,3276,11403.50,11431.75,11264.00,11264.75,135136,3597,11403.50,11431.75,11083.50,11158.00,302793,8991,11158.00,11254.75,11129.50,11242.75,125029,7097,11242.25,11248.75,11081.50,11145.00,70266,3522,11144.75,11217.50,11098.25,11183.25,74108,3572,11146.75,11217.50,11143.50,11183.25,44929,1791,11183.00,11338.50,11156.75,11325.50,49577,2539,11403.50,11431.75,11081.50,11183.25,572196,23182
2022-10-19,NQZ2,58920,11320.25,11382.75,11049.00,11151.00,730151,11320.25,11339.00,11306.75,11330.25,4456,1171,11320.25,11382.75,11104.75,11126.75,193810,33467,11242.75,11292.25,11127.50,11169.75,88917,13856,11134.75,11147.50,11104.75,11126.75,31455,3231,11127.50,11283.00,11110.00,11274.25,147056,3599,11127.50,11284.50,11110.00,11204.50,265016,8982,11204.75,11208.25,11049.00,11092.75,121764,7095,11092.50,11153.75,11084.25,11101.00,47949,3486,11101.00,11153.50,11086.00,11149.25,57528,3549,11114.00,11151.50,11103.50,11149.25,29611,1777,11149.50,11212.75,11109.00,11151.00,44019,2324,11127.50,11284.50,11049.00,11149.25,492257,23112
2022-10-20,NQZ2,60251,11134.00,11328.75,11008.00,11059.75,732537,11134.00,11145.75,11090.25,11098.50,5325,1377,11134.00,11219.00,11008.00,11110.75,204347,34499,11088.75,11188.25,11029.00,11159.75,71567,12936,11184.75,11219.00,11082.75,11110.75,48272,3418,11111.00,11328.75,11091.00,11311.00,136183,3600,11111.00,11328.75,11091.00,11273.00,234574,8963,11273.25,11275.25,11074.00,11092.00,137158,7123,11092.75,11103.00,11041.25,11090.25,58716,3547,11090.25,11120.25,11056.50,11096.25,61496,3568,11083.25,11118.00,11056.50,11096.25,33427,1785,11096.00,11126.75,11050.00,11059.75,36118,2538,11111.00,11328.75,11041.25,11096.25,491944,23201
2022-10-21,NQZ2,57471,11061.25,11386.25,10935.50,11378.00,828173,11061.25,11063.50,11011.00,11016.75,6333,1543,11061.25,11101.75,10935.50,11036.75,208795,32133,11037.75,11086.25,10966.75,10985.25,67643,12757,10951.00,11101.75,10935.50,11036.75,73179,3398,11036.25,11225.25,10995.25,11117.25,172471,3599,11036.25,11225.25,10995.25,11204.25,329796,8996,11204.25,11292.00,11179.75,11288.75,138513,7115,11289.00,11320.25,11273.50,11302.00,53032,3536,11302.00,11374.25,11294.50,11356.50,72795,3561,11360.50,11374.25,11346.50,11356.50,44125,1789,11356.75,11386.25,11348.50,11379.25,25157,2111,11036.25,11374.25,10995.25,11356.50,594136,23208
2022-10-24,NQZ2,63083,11393.75,11530.25,11207.75,11459.25,706408,11393.75,11530.25,11388.00,11475.50,16302,2434,11393.75,11530.25,11260.75,11366.00,227294,38300,11378.00,11450.25,11260.75,11419.50,97747,14478,11374.50,11416.25,11354.50,11366.00,31414,3327,11365.50,11426.00,11207.75,11237.50,149431,3600,11365.50,11426.00,11207.75,11418.50,269637,8978,11419.25,11454.75,11373.50,11390.75,94428,7029,11390.50,11481.25,11390.50,11473.00,38004,3437,11473.25,11515.75,11454.75,11472.00,56844,3540,11504.00,11507.25,11454.75,11472.00,28685,1774,11472.00,11487.25,11453.75,11461.50,20148,1783,11365.50,11515.75,11207.75,11472.00,458913,22984
2022-10-25,NQZ2,55354,11453.75,11734.00,11430.25,11585.75,651141,11453.75,11483.25,11453.50,11482.00,3530,1029,11453.75,11527.25,11430.25,11519.00,137731,29429,11493.75,11512.75,11440.00,11467.25,52040,11397,11466.25,11527.25,11449.00,11519.00,28353,3045,11518.75,11664.75,11513.00,11647.50,141722,3599,11518.75,11697.00,11513.00,11683.25,248475,8953,11683.00,11706.00,11615.25,11647.50,100914,7058,11646.75,11700.75,11644.00,11675.00,42799,3478,11675.50,11727.50,11669.00,11710.50,63393,3554,11709.50,11727.50,11694.50,11710.50,38094,1789,11710.25,11734.00,11539.75,11585.75,57758,2863,11518.75,11727.50,11513.00,11710.50,455581,23043
2022-10-26,NQZ2,58947,11510.00,11703.50,11415.00,11474.25,769865,11510.00,11525.25,11471.00,11475.25,17862,2510,11510.00,11568.50,11436.25,11483.75,168267,32980,11496.50,11568.50,11490.25,11515.00,68338,12871,11493.50,11519.00,11473.50,11483.75,26205,3231,11483.75,11588.50,11433.00,11577.25,156704,3599,11483.75,11703.50,11433.00,11663.50,287848,8988,11663.25,11679.75,11472.25,11526.50,135981,7130,11527.00,11543.25,11458.75,11475.75,53990,3540,11476.50,11485.00,11439.00,11440.25,67450,3567,11469.25,11482.00,11439.00,11440.25,37963,1790,11440.50,11537.50,11415.00,11478.00,56221,2720,11483.75,11703.50,11433.00,11440.25,545269,23225
2022-10-27,NQZ2,58635,11417.75,11537.50,10921.50,11095.50,761967,11417.75,11463.25,11416.00,11462.00,7442,1625,11417.75,11537.50,11355.75,11407.75,196817,32067,11458.50,11477.25,11365.75,11376.75,61767,12238,11383.00,11459.50,11378.50,11407.75,59451,3555,11407.50,11464.00,11263.75,11422.75,144648,3600,11407.50,11464.00,11263.75,11288.25,267341,8987,11288.00,11337.50,11247.50,11262.50,106136,7052,11262.75,11273.75,11229.75,11240.25,41020,3479,11240.25,11284.25,11220.25,11232.00,59283,3564,11269.25,11284.25,11220.25,11232.00,32680,1778,11232.25,11251.00,10921.50,11099.50,91216,3462,11407.50,11464.00,11220.25,11232.00,473780,23082
2022-10-28,NQZ2,58366,11122.75,11626.00,11062.00,11625.50,716853,11122.75,11189.75,11122.75,11153.75,13693,2189,11122.75,11224.00,11062.00,11207.75,193780,33090,11088.75,11153.75,11062.00,11134.75,57052,11957,11106.75,11224.00,11069.00,11207.75,60759,3511,11207.25,11399.50,11206.00,11389.75,157838,3599,11207.25,11497.25,11206.00,11457.00,278609,8982,11456.75,11554.50,11435.00,11532.00,102915,6970,11532.00,11585.00,11514.50,11573.25,46800,3477,11573.25,11605.50,11548.00,11588.00,64102,3525,11585.50,11605.50,11568.25,11588.00,40456,1774,11587.75,11624.50,11581.75,11624.50,30466,2296,11207.25,11605.50,11206.00,11588.00,492426,22954
2022-10-31,NQZ2,50929,11592.50,11595.00,11367.25,11452.75,598263,11592.50,11595.00,11545.50,11569.00,7087,1529,11592.50,11595.00,11483.75,11491.75,106617,25923,11543.00,11563.50,11483.75,11525.25,41823,9783,11514.75,11517.75,11485.50,11491.75,19160,2909,11491.75,11522.50,11388.50,11397.25,130612,3597,11491.75,11522.50,11367.25,11446.75,239484,8969,11447.00,11513.25,11424.50,11472.25,103297,7080,11472.00,11498.75,11451.50,11458.25,48488,3515,11458.50,11482.50,11416.50,11437.75,75665,3588,11450.25,11482.50,11432.25,11437.75,41273,1796,11437.50,11469.75,11435.75,11453.75,24643,1837,11491.75,11522.50,11367.25,11437.75,466934,23152
2022-11-01,NQZ2,50104,11455.00,11619.00,11288.75,11320.50,599463,11455.00,11467.75,11446.75,11461.75,2587,874,11455.00,11614.50,11446.75,11595.50,105983,24915,11540.25,11594.75,11503.25,11586.25,45783,10514,11597.50,11614.50,11583.00,11595.50,18861,2846,11595.00,11619.00,11375.25,11431.50,150879,3598,11595.00,11619.00,11325.75,11363.25,272434,8984,11363.50,11411.25,11315.75,11349.00,105594,7089,11349.00,11374.00,11328.25,11372.00,37676,3441,11372.00,11380.00,11330.75,11333.00,49960,3538,11338.00,11360.00,11330.75,11333.00,27533,1777,11333.00,11340.25,11288.75,11321.75,27757,2119,11595.00,11619.00,11315.75,11333.00,465664,23052
2022-11-02,NQZ2,50023,11320.25,11460.00,10909.00,10941.75,764800,11320.25,11343.75,11320.25,11340.50,3933,995,11320.25,11390.00,11295.50,11331.50,103302,24399,11356.25,11390.00,11330.25,11355.00,37287,9685,11329.00,11351.50,11310.00,11331.50,19447,2867,11331.75,11341.00,11259.75,11263.00,97038,3595,11331.75,11341.00,11224.50,11231.75,176352,8930,11232.00,11273.50,11191.00,11247.50,73805,6749,11247.50,11460.00,11118.00,11164.75,232127,3595,11165.75,11243.75,10946.75,10965.50,136495,3598,11013.75,11039.50,10946.75,10965.50,58920,1798,10965.50,10965.50,10909.00,10942.50,42605,2732,11331.75,11460.00,10946.75,10965.50,618779,22872
2022-11-03,NQZ2,55910,10938.00,10996.00,10708.00,10728.50,692887,10938.00,10946.00,10901.25,10921.75,6960,1623,10938.00,10996.00,10798.00,10821.50,162826,30661,10963.00,10974.75,10816.00,10828.25,69259,12725,10830.00,10841.50,10798.00,10821.50,34937,3407,10821.25,10848.50,10708.00,10839.75,159918,3600,10821.25,10888.50,10708.00,10772.00,292992,8994,10771.75,10861.75,10752.00,10781.00,104097,7091,10780.75,10817.50,10764.00,10805.50,44039,3502,10804.75,10812.50,10717.00,10735.50,63027,3537,10794.00,10809.00,10717.00,10735.50,43257,1786,10735.25,10741.50,10716.50,10729.50,25832,2106,10821.25,10888.50,10708.00,10735.50,504155,23124
2022-11-04,NQZ2,53810,10712.00,10974.25,10636.00,10871.25,872460,10712.00,10721.75,10692.75,10711.25,6095,1489,10712.00,10935.75,10636.00,10929.50,210307,28589,10813.75,10844.25,10749.50,10815.00,60695,11408,10790.00,10935.75,10636.00,10929.50,96163,3571,10929.50,10963.75,10724.50,10931.00,179981,3600,10929.50,10974.25,10700.75,10706.75,335354,8992,10706.50,10795.75,10667.75,10683.25,152557,7152,10682.50,10816.75,10662.75,10807.50,64570,3550,10808.00,10893.00,10792.75,10881.25,80019,3583,10835.50,10893.00,10817.25,10881.25,42422,1795,10881.25,10916.50,10866.25,10873.75,29578,1927,10929.50,10974.25,10662.75,10881.25,632500,23277
2022-11-07,NQZ2,54055,10786.50,11038.50,10751.00,11014.00,545651,10786.50,10817.50,10751.00,10797.50,8910,1806,10786.50,10972.00,10751.00,10936.50,141535,29661,10819.75,10972.00,10813.00,10928.50,54773,11173,10912.50,10945.50,10907.50,10936.50,20856,3038,10936.75,10968.75,10847.25,10888.00,118493,3598,10936.75,10968.75,10847.25,10870.00,210325,8945,10870.00,10940.75,10850.25,10931.00,69698,6809,10930.75,11024.75,10930.75,10996.25,54380,3503,10996.00,11038.50,10994.75,11013.50,50041,3508,11024.00,11038.50,10997.25,11013.50,28943,1761,11013.25,11029.25,11003.50,11013.00,19626,1614,10936.75,11038.50,10847.25,11013.50,384444,22765
2022-11-08,NQZ2,52261,11016.00,11231.25,10928.75,11088.75,717993,11016.00,11026.75,11004.25,11022.50,2812,931,11016.00,11104.50,10954.75,11076.75,121069,27083,10984.75,11094.00,10954.75,11074.75,52588,11249,11059.25,11104.50,11057.75,11076.75,21085,3023,11076.50,11111.50,11006.75,11085.50,130902,3599,11076.50,11231.25,11006.75,11197.50,245460,8969,11197.75,11219.00,11029.75,11038.25,131563,7047,11038.50,11065.00,10928.75,11026.25,105350,3596,11026.75,11158.75,11017.25,11089.75,90251,3587,11111.00,11158.75,11087.00,11089.75,48415,1795,11089.50,11099.25,11063.75,11090.75,24224,1961,11076.50,11231.25,10928.75,11089.75,572624,23199
2022-11-09,NQZ2,56512,11089.25,11164.25,10822.25,10842.75,653941,11089.25,11130.25,11084.25,11127.00,4605,1363,11089.25,11164.25,11005.75,11010.00,156238,31435,11119.50,11154.50,11019.75,11089.50,59583,12162,11027.00,11056.00,11005.75,11010.00,28698,3251,11010.75,11049.00,10961.50,10995.50,139729,3599,11010.75,11049.00,10925.50,10982.25,249364,8955,10982.25,10991.50,10855.75,10874.50,107851,7038,10874.75,10907.00,10835.75,10843.50,50595,3527,10843.50,10896.25,10822.25,10837.25,64590,3546,10876.25,10881.50,10822.25,10837.25,40934,1792,10836.75,10852.75,10826.75,10840.75,25215,1996,11010.75,11049.00,10822.25,10837.25,472400,23066
2022-11-10,NQZ2,51504,10841.00,11677.00,10808.00,11675.25,838935,10841.00,10855.75,10834.75,10845.25,3800,1073,10841.00,11359.00,10808.00,11356.50,222143,25737,10859.00,10904.75,10843.00,10879.25,42941,9881,10873.25,11359.00,10808.00,11356.50,133542,3579,11356.75,11469.00,11269.25,11419.75,191086,3599,11356.75,11498.75,11269.25,11493.25,315276,8985,11493.00,11508.25,11422.25,11499.25,115554,7087,11499.25,11526.75,11486.25,11525.00,41979,3457,11525.50,11644.75,11513.00,11638.25,101981,3589,11576.75,11644.75,11570.75,11638.25,65795,1798,11638.25,11677.00,11617.25,11674.00,41864,2622,11356.75,11644.75,11269.25,11638.25,574790,23118
2022-11-11,NQZ2,57401,11669.75,11876.75,11569.25,11836.25,674991,11669.75,11685.00,11646.00,11678.00,6224,1681,11669.75,11777.25,11614.75,11624.50,163497,32590,11751.75,11777.25,11671.50,11704.00,59506,12011,11701.50,11712.75,11614.75,11624.50,33754,3309,11624.25,11761.25,11569.25,11752.25,148758,3594,11624.25,11780.75,11569.25,11710.25,260901,8963,11710.00,11850.00,11684.00,11842.50,99131,7059,11842.25,11876.75,11823.50,11874.25,49548,3507,11874.75,11875.75,11787.75,11842.25,78780,3586,11833.75,11874.50,11821.25,11842.25,43168,1792,11842.25,11853.75,11828.75,11835.75,23079,1675,11624.25,11876.75,11569.25,11842.25,488360,23115
2022-11-14,NQZ2,52308,11791.00,11898.50,11702.00,11768.50,567983,11791.00,11818.50,11766.25,11812.00,8167,1788,11791.00,11826.50,11745.75,11764.75,113628,27519,11786.00,11811.75,11745.75,11799.25,46579,10453,11785.50,11797.75,11752.75,11764.75,16429,2748,11764.75,11816.00,11702.00,11771.00,123820,3595,11764.75,11826.50,11702.00,11805.75,231363,8945,11805.75,11893.00,11783.25,11890.50,92493,6958,11890.75,11898.50,11836.50,11854.25,39132,3451,11854.75,11883.50,11730.50,11736.25,67525,3534,11827.75,11830.00,11730.50,11736.25,42779,1789,11736.25,11772.50,11729.00,11767.75,23727,1881,11764.75,11898.50,11702.00,11736.25,430513,22888
2022-11-15,NQZ2,51958,11768.50,12118.75,11761.75,11894.00,765481,11768.50,11784.00,11767.00,11768.75,3530,1067,11768.50,12118.75,11761.75,12023.25,179768,26805,11844.75,11920.50,11824.00,11916.25,48239,10658,11930.50,12118.75,11927.50,12023.25,81877,3549,12023.00,12063.50,11963.00,12039.25,123309,3599,12023.00,12063.50,11943.50,12036.75,233570,8960,12036.50,12039.50,11764.50,11848.50,165058,7061,11848.75,11934.50,11779.25,11915.50,95682,3590,11916.00,11952.00,11872.75,11901.50,66362,3562,11928.00,11934.75,11872.75,11901.50,35948,1786,11901.25,11937.00,11880.25,11892.75,24968,1961,12023.00,12063.50,11764.50,11901.50,560672,23173
2022-11-16,NQZ2,54800,11882.00,11963.00,11706.50,11771.50,568951,11882.00,11899.75,11857.00,11895.25,5598,1492,11882.00,11963.00,11813.25,11821.25,144140,29703,11955.25,11959.50,11870.25,11905.00,40678,9845,11887.00,11909.50,11813.25,11821.25,41927,3416,11821.50,11836.25,11724.00,11748.75,126063,3596,11821.50,11836.25,11706.50,11767.25,211855,8923,11768.75,11830.00,11737.50,11743.50,88311,6930,11743.75,11774.00,11731.25,11762.75,39164,3429,11763.75,11771.25,11712.00,11743.75,53895,3530,11730.50,11771.25,11712.00,11743.75,31406,1773,11743.50,11805.00,11733.00,11772.75,31539,2270,11821.50,11836.25,11706.50,11743.75,393225,22812
2022-11-17,NQZ2,52812,11777.75,11827.50,11528.25,11746.50,645645,11777.75,11784.00,11764.25,11779.50,3155,959,11777.75,11827.50,11528.25,11548.75,155868,27660,11802.50,11827.50,11622.50,11634.25,66111,12150,11598.75,11620.25,11528.25,11548.75,39528,3310,11548.75,11672.75,11543.75,11658.50,118125,3598,11548.75,11708.50,11543.75,11702.00,230436,8964,11702.00,11775.00,11680.75,11747.25,108362,7097,11747.25,11756.75,11664.25,11686.50,59636,3555,11686.25,11708.50,11625.50,11702.00,68063,3567,11633.00,11708.50,11632.00,11702.00,36512,1783,11702.25,11748.00,11700.50,11745.25,23217,1951,11548.75,11775.00,11543.75,11702.00,466497,23183
2022-11-18,NQZ2,51430,11747.75,11843.00,11607.00,11711.00,578497,11747.75,11760.50,11720.00,11720.50,4126,1244,11747.75,11843.00,11672.25,11841.50,118930,26844,11711.00,11836.00,11672.25,11807.50,51267,10932,11833.75,11843.00,11811.75,11841.50,23032,2990,11841.50,11842.50,11675.75,11704.50,121028,3599,11841.50,11842.50,11645.00,11677.25,217261,8952,11677.00,11690.75,11607.00,11640.75,106800,7023,11640.75,11672.00,11636.50,11665.50,38896,3427,11665.00,11741.25,11664.75,11707.25,73031,3549,11703.50,11741.25,11682.25,11707.25,44885,1782,11707.00,11721.75,11699.50,11712.25,23512,1616,11841.50,11842.50,11607.00,11707.25,435988,22951
2022-11-21,NQZ2,48213,11723.00,11756.00,11553.00,11589.00,474645,11723.00,11756.00,11701.75,11708.50,5261,1405,11723.00,11756.00,11595.25,11652.75,96810,23891,11651.25,11682.50,11595.25,11621.25,35359,8925,11652.75,11671.75,11639.50,11652.75,22474,2836,11652.75,11699.75,11587.25,11611.50,100092,3585,11652.75,11699.75,11564.50,11578.75,180023,8904,11578.50,11634.50,11553.00,11602.75,90510,6942,11603.00,11621.00,11579.50,11594.50,41184,3437,11594.50,11612.50,11577.00,11592.25,49811,3501,11583.50,11611.75,11577.50,11592.25,30013,1771,11592.25,11598.25,11584.75,11590.00,16252,1519,11652.75,11699.75,11553.00,11592.25,361528,22784
2022-11-22,NQZ2,47703,11588.00,11759.25,11526.50,11739.25,524885,11588.00,11596.50,11578.00,11594.00,2616,874,11588.00,11642.00,11526.50,11616.50,102073,23790,11588.25,11624.00,11526.50,11604.75,49374,10246,11615.75,11642.00,11611.75,11616.50,16889,2791,11616.50,11628.25,11527.25,11609.00,104473,3588,11616.50,11656.25,11527.25,11641.50,208099,8921,11641.25,11700.00,11641.25,11697.50,99126,6750,11697.50,11707.25,11674.25,11701.75,47786,3294,11702.00,11757.50,11696.75,11755.25,50695,3405,11730.00,11757.50,11725.25,11755.25,29355,1720,11755.00,11759.25,11733.50,11739.50,17015,1526,11616.50,11757.50,11527.25,11755.25,405706,22370
2022-11-23,NQZ2,44852,11741.50,11892.75,11720.00,11877.75,466500,11741.50,11751.75,11738.25,11743.50,2308,823,11741.50,11793.50,11720.00,11749.75,80397,20460,11761.25,11793.50,11739.25,11783.25,30056,8377,11757.50,11778.25,11738.00,11749.75,22546,3048,11750.00,11868.25,11745.25,11862.25,93536,3586,11750.00,11890.50,11745.25,11785.25,171621,8876,11785.75,11824.00,11741.75,11810.75,75134,6825,11811.00,11884.75,11781.25,11868.25,74042,3552,11868.25,11892.75,11838.75,11859.00,49702,3528,11871.50,11872.75,11838.75,11859.00,27903,1769,11859.25,11880.50,11856.50,11875.00,15512,1589,11750.00,11892.75,11741.75,11859.00,370499,22781
2022-11-24,NQZ2,19113,11878.00,11933.00,11873.25,11910.75,57132,11878.00,11889.75,11873.25,11888.00,2133,783,11878.00,11933.00,11873.25,11912.75,44063,15080,11887.25,11933.00,11874.00,11912.75,22104,6740,11911.00,11922.50,11902.50,11912.75,3541,1250,11913.50,11918.50,11898.75,11911.25,5964,1558,11913.50,11924.75,11898.75,11923.25,10998,3288,11923.25,11925.00,11910.75,11910.75,2071,745,,,,,0,0,,,,,0,0,,,,,0,0,,,,,0,0,11913.50,11925.00,11898.75,11910.75,13069,4033
2022-11-25,NQZ2,29326,11914.25,11924.00,11766.25,11786.75,191273,11914.25,11924.00,11913.00,11917.75,1653,541,11914.25,11924.00,11790.00,11798.00,61248,16964,11903.25,11907.00,11832.25,11835.00,27557,7534,11838.25,11839.75,11790.00,11798.00,13525,2471,11797.50,11827.50,11766.25,11810.50,57187,3552,11797.50,11827.50,11766.25,11798.25,100569,8537,11798.50,11803.75,11773.50,11786.75,29456,3825,,,,,0,0,,,,,0,0,,,,,0,0,,,,,0,0,11797.50,11827.50,11766.25,11786.75,130025,12362
2022-11-28,NQZ2,50126,11731.25,11788.50,11575.25,11623.25,501203,11731.25,11747.00,11717.25,11728.25,5840,1530,11731.25,11747.00,11642.25,11702.25,105658,25896,11687.50,11729.25,11642.25,11703.00,44055,10326,11696.25,11715.25,11690.25,11702.25,14477,2622,11702.50,11788.50,11681.75,11698.00,101200,3597,11702.50,11788.50,11670.25,11712.25,175298,8883,11712.25,11733.75,11626.75,11629.50,97062,6827,11629.50,11635.75,11594.75,11609.00,45850,3397,11608.75,11620.00,11575.25,11616.25,59289,3514,11578.75,11620.00,11575.25,11616.25,33963,1775,11616.25,11629.25,11609.75,11624.50,18003,1596,11702.50,11788.50,11575.25,11616.25,377499,22621
2022-11-29,NQZ2,48148,11625.00,11704.50,11465.00,11519.25,552041,11625.00,11625.50,11615.25,11618.25,2261,809,11625.00,11704.50,11611.25,11621.75,96046,23809,11678.50,11704.50,11647.75,11673.25,36185,9106,11644.75,11650.25,11616.00,11621.75,18869,2955,11621.75,11628.00,11561.25,11624.75,100281,3596,11621.75,11638.50,11465.00,11522.25,226055,8964,11522.25,11553.25,11476.75,11520.25,89652,6923,11520.25,11554.50,11490.00,11505.75,65518,3446,11506.50,11531.75,11499.50,11527.25,61181,3506,11516.75,11531.75,11503.00,11527.25,30960,1770,11527.50,11529.50,11507.00,11519.25,13539,1489,11621.75,11638.50,11465.00,11527.25,442406,22839
2022-11-30,NQZ2,47839,11520.00,12078.50,11497.75,12077.00,746434,11520.00,11521.25,11497.75,11502.50,3167,916,11520.00,11597.75,11497.75,11535.25,98880,22097,11541.50,11586.50,11537.00,11560.50,33836,8614,11580.00,11587.00,11516.25,11535.25,30388,3184,11535.25,11581.50,11518.75,11555.50,94542,3591,11535.25,11581.50,11508.25,11562.50,175020,8904,11562.50,11767.25,11498.00,11760.25,171816,6941,11760.25,11932.00,11751.50,11889.00,136146,3600,11889.25,12035.00,11886.50,12034.50,113326,3592,11969.50,12035.00,11967.00,12034.50,72006,1799,12034.25,12076.25,12028.00,12073.00,50999,2680,11535.25,12035.00,11498.00,12034.50,596308,23037
2022-12-01,NQZ2,52763,12079.25,12145.00,11943.25,12036.50,618345,12079.25,12086.00,12059.25,12074.75,5964,1540,12079.25,12132.75,11992.50,12061.25,144931,28167,12046.50,12057.00,11992.50,12049.75,46784,10416,12066.00,12132.75,12031.25,12061.25,46565,3407,12061.00,12145.00,11956.50,11972.00,140991,3600,12061.00,12145.00,11943.25,12030.75,260209,8973,12031.25,12074.75,11984.50,12054.00,96496,7002,12053.75,12087.50,12029.25,12075.00,40359,3452,12075.50,12099.00,12051.50,12064.00,56414,3530,12061.00,12099.00,12056.75,12064.00,33719,1774,12063.50,12067.50,12035.75,12036.00,19867,1619,12061.00,12145.00,11943.25,12064.00,453478,22957
2022-12-02,NQZ2,46291,12039.75,12067.75,11740.50,11979.00,581582,12039.75,12048.00,12031.75,12039.50,3066,864,12039.75,12067.75,11740.50,11843.75,152882,22009,12024.00,12061.50,12016.25,12056.00,29423,8194,12034.00,12040.25,11740.50,11843.75,88138,3561,11844.00,11952.75,11837.25,11896.00,126952,3597,11844.00,11978.50,11837.25,11948.00,223585,8940,11947.75,11980.00,11896.75,11935.50,73920,6790,11935.25,11990.50,11913.00,11983.50,38925,3381,11983.00,12047.50,11970.75,12009.50,74525,3568,12005.25,12019.25,11970.75,12009.50,35886,1778,12009.50,12015.50,11977.00,11978.00,17681,1587,11844.00,12047.50,11837.25,12009.50,410955,22679
2022-12-05,NQZ2,47086,12000.50,12015.75,11745.50,11813.50,529609,12000.50,12015.75,11981.25,12001.75,5039,1465,12000.50,12015.75,11920.50,11922.75,90721,22477,11966.50,11998.50,11942.50,11961.75,37460,9206,11963.75,11969.25,11920.50,11922.75,19615,2949,11923.00,11972.25,11864.25,11886.50,107104,3595,11923.00,11972.25,11842.25,11847.75,206827,8955,11848.00,11873.00,11783.25,11783.75,97582,6981,11783.50,11802.25,11745.50,11767.50,52244,3518,11767.50,11808.50,11753.50,11803.25,63159,3538,11760.75,11808.50,11758.00,11803.25,40333,1777,11803.50,11813.75,11790.75,11812.00,19027,1605,11923.00,11972.25,11745.50,11803.25,419812,22992
2022-12-06,NQZ2,48591,11812.00,11846.25,11502.00,11566.25,647206,11812.00,11829.75,11796.75,11819.25,4589,1030,11812.00,11846.25,11781.00,11800.50,97050,23655,11798.50,11846.25,11781.50,11823.25,41052,9564,11823.00,11833.00,11797.25,11800.50,15418,2670,11800.25,11805.75,11611.00,11635.50,145160,3600,11800.25,11805.75,11589.25,11620.25,263568,8970,11620.50,11634.25,11543.00,11573.50,118428,7094,11573.50,11574.00,11502.00,11534.25,66749,3558,11534.00,11579.00,11504.25,11565.25,80199,3582,11506.00,11579.00,11504.25,11565.25,45879,1796,11565.50,11572.00,11553.75,11567.00,21078,1712,11800.25,11805.75,11502.00,11565.25,528944,23204
2022-12-07,NQZ2,50011,11566.00,11596.25,11422.50,11498.75,624269,11566.00,11582.25,11565.25,11578.50,3373,1074,11566.00,11596.00,11422.50,11506.75,131585,25549,11559.50,11573.25,11422.50,11446.50,52187,10364,11468.25,11528.50,11467.75,11506.75,35631,3310,11506.75,11596.25,11440.50,11518.25,167504,3599,11506.75,11596.25,11440.50,11509.50,284000,8984,11509.25,11558.00,11473.50,11509.25,86328,6982,11508.75,11529.50,11482.25,11500.00,48934,3504,11500.25,11522.25,11474.50,11507.00,58375,3554,11492.50,11522.25,11490.50,11507.00,30524,1780,11507.25,11515.25,11495.50,11498.00,15026,1426,11506.75,11596.25,11440.50,11507.00,477637,23024
2022-12-08,NQZ2,47340,11500.00,11685.75,11433.00,11637.25,574685,11500.00,11517.25,11500.00,11508.50,3136,956,11500.00,11598.00,11433.00,11566.00,98245,22624,11533.50,11560.50,11511.00,11555.50,33262,8224,11564.75,11598.00,11554.00,11566.00,24094,3134,11566.00,11663.75,11477.25,11649.25,138624,3600,11566.00,11671.25,11477.25,11634.00,245044,8956,11635.00,11685.75,11597.50,11651.50,94898,6957,11651.50,11653.75,11577.50,11624.25,60756,3537,11624.25,11672.00,11604.50,11642.50,58278,3562,11660.50,11672.00,11609.50,11642.50,32290,1789,11642.75,11658.25,11636.25,11637.25,17441,1693,11566.00,11685.75,11477.25,11642.50,458976,23012
2022-12-09,NQZ2,44594,11641.50,11748.00,11517.00,11553.00,436715,11641.50,11657.00,11638.00,11638.00,2122,807,11641.50,11748.00,11517.00,11598.75,115158,21635,11704.25,11735.75,11665.50,11731.75,30830,8172,11721.00,11748.00,11517.00,11598.75,51078,3359,11598.75,11660.75,11550.00,11628.50,114789,3594,11598.75,11717.50,11550.00,11705.25,198769,8859,11705.75,11718.25,11631.75,11662.50,54513,6354,11663.50,11670.00,11628.75,11658.75,21111,2963,11659.00,11673.00,11567.75,11572.00,35259,3252,11647.00,11650.25,11567.75,11572.00,24795,1716,11571.75,11574.50,11550.25,11551.75,11848,1509,11598.75,11718.25,11550.00,11572.00,309652,21428
2022-12-12,NQZ2,39953,11553.00,11834.50,11527.75,11814.50,283240,11553.00,11572.50,11527.75,11537.25,3176,1127,11553.00,11673.50,11527.75,11575.25,51548,16727,11563.75,11617.25,11550.75,11595.50,16668,5935,11599.00,11614.75,11573.50,11575.25,10872,2194,11575.50,11715.00,11543.25,11695.50,51432,3547,11575.50,11719.75,11543.25,11702.00,98669,8633,11702.50,11742.50,11690.50,11718.00,46532,6284,11718.50,11768.00,11700.25,11759.75,23574,3165,11759.50,11828.50,11759.50,11826.75,47691,3486,11798.75,11828.50,11780.00,11826.75,26241,1762,11827.00,11834.50,11806.25,11814.50,15196,1646,11575.50,11828.50,11543.25,11826.75,216466,21568
2022-12-13,NQH3,44453,11816.75,12339.00,11797.25,11951.25,663155,11816.75,11833.00,11816.25,11826.00,2301,830,11816.75,12339.00,11797.25,12295.75,142186,19908,11847.50,11923.50,11822.50,11916.50,29057,7659,11960.25,12339.00,11930.75,12295.75,81153,3456,12295.75,12303.75,12100.00,12123.00,150458,3598,12295.75,12303.75,11974.00,11999.00,274243,8970,11999.00,12018.75,11847.00,11933.00,135490,7096,11932.75,12009.25,11913.00,11943.25,40325,3466,11943.50,11997.00,11879.50,11956.75,57074,3538,11949.75,11997.00,11938.50,11956.75,32343,1774,11956.50,11973.00,11941.00,11952.00,13805,1460,12295.75,12303.75,11847.00,11956.75,507132,23070
2022-12-14,NQH3,43178,11955.00,12069.50,11729.00,11888.75,570463,11955.00,11973.50,11951.50,11960.75,3340,919,11955.00,12014.00,11919.50,11937.50,72453,18810,11965.00,11982.00,11919.50,11945.00,29993,8055,11938.50,11951.25,11921.75,11937.50,13957,2220,11937.75,12044.00,11929.00,12031.50,77757,3583,11937.75,12062.50,11929.00,12030.50,145501,8835,12030.25,12069.50,11987.50,12055.75,60344,6639,12055.50,12064.75,11729.00,11835.75,167410,3594,11836.75,12012.25,11801.50,11871.75,108063,3592,11860.00,11915.50,11801.50,11871.75,46302,1794,11872.00,11897.50,11852.00,11888.00,16651,1695,11937.75,12069.50,11729.00,11871.75,481318,22660
2022-12-15,NQH3,49679,11884.25,11898.00,11404.00,11451.00,615708,11884.25,11898.00,11871.25,11883.50,3137,956,11884.25,11898.00,11642.50,11683.75,127362,24608,11761.25,11779.75,11691.25,11731.00,47137,10520,11689.50,11719.75,11642.50,11683.75,39285,3419,11683.75,11715.50,11526.50,11551.00,147255,3598,11683.75,11715.50,11458.25,11476.25,255300,8977,11475.75,11499.75,11404.00,11425.50,94671,7016,11425.75,11481.25,11413.00,11479.00,40415,3483,11479.00,11496.50,11428.25,11448.75,70285,3562,11490.50,11493.75,11428.25,11448.75,44194,1794,11448.75,11476.25,11436.50,11452.25,27607,2009,11683.75,11715.50,11404.00,11448.75,460671,23038
2022-12-16,NQH3,51829,11446.50,11491.50,11275.50,11320.00,653001,11446.50,11464.00,11446.00,11456.25,3027,917,11446.50,11487.75,11312.50,11408.50,131259,26719,11414.50,11437.00,11312.50,11413.25,66360,12356,11400.75,11419.75,11363.50,11408.50,25650,3000,11409.25,11491.50,11342.00,11351.25,123400,3596,11409.25,11491.50,11295.00,11296.50,253271,8978,11296.25,11352.75,11282.25,11304.00,102749,7005,11304.00,11342.00,11275.50,11331.00,49728,3515,11331.25,11395.00,11312.00,11350.25,87323,3588,11368.75,11395.00,11332.00,11350.25,50455,1794,11350.50,11351.50,11309.00,11319.75,28620,2008,11409.25,11491.50,11275.50,11350.25,493071,23086
2022-12-19,NQH3,46766,11328.75,11411.00,11131.75,11185.00,555437,11328.75,11366.25,11320.50,11353.75,5226,1467,11328.75,11411.00,11320.50,11352.25,80231,21787,11353.50,11411.00,11350.25,11391.50,32376,8625,11371.75,11373.50,11347.00,11352.25,13861,2548,11352.25,11359.00,11230.25,11300.25,118640,3597,11352.25,11359.00,11180.50,11209.25,227180,8981,11209.25,11255.50,11190.00,11190.50,94716,7076,11190.50,11193.75,11151.00,11162.75,61490,3554,11163.50,11204.25,11131.75,11194.25,69978,3574,11154.00,11204.25,11131.75,11194.25,41695,1789,11194.00,11197.25,11178.00,11184.00,21796,1780,11352.25,11359.00,11131.75,11194.25,453364,23185
2022-12-20,NQH3,55141,11182.50,11247.00,11043.50,11193.00,616189,11182.50,11220.75,11182.50,11213.00,4147,1176,11182.50,11228.50,11043.50,11136.00,152510,30527,11094.00,11187.75,11073.50,11128.50,54540,11224,11131.25,11160.75,11117.25,11136.00,20992,2966,11135.75,11219.50,11066.75,11209.00,140175,3600,11135.75,11247.00,11066.75,11175.75,261962,8989,11175.25,11228.00,11153.50,11191.50,96718,7102,11191.25,11217.00,11165.50,11175.50,38826,3475,11175.25,11206.75,11158.50,11174.25,50060,3538,11193.25,11206.75,11173.00,11174.25,30430,1782,11174.00,11195.00,11171.50,11195.00,16034,1494,11135.75,11247.00,11066.75,11174.25,447566,23104
2022-12-21,NQH3,49508,11206.50,11389.75,11181.00,11355.50,623481,11206.50,11234.25,11204.50,11222.00,6809,1499,11206.50,11263.75,11187.00,11219.75,102913,24571,11241.25,11258.00,11187.00,11228.25,39533,9557,11235.25,11248.00,11214.50,11219.75,17266,2764,11219.25,11303.00,11181.00,11291.00,133900,3599,11219.25,11377.75,11181.00,11331.75,252811,8969,11331.50,11372.75,11303.50,11352.50,113373,7077,11352.25,11389.75,11328.50,11343.25,68577,3543,11343.00,11351.75,11307.25,11328.75,65493,3548,11325.75,11345.75,11307.25,11328.75,35194,1777,11328.50,11361.00,11328.50,11354.00,20288,1787,11219.25,11389.75,11181.00,11328.75,500254,23137
2022-12-22,NQH3,45973,11357.00,11384.75,10870.50,11044.25,706160,11357.00,11361.75,11343.50,11350.75,2755,867,11357.00,11384.75,11187.50,11203.25,101205,20726,11353.75,11384.75,11278.50,11293.75,34342,8813,11281.00,11283.50,11187.50,11203.25,40926,3374,11203.25,11208.25,11023.25,11036.50,131656,3600,11203.25,11208.25,10962.00,10976.50,254047,8984,10976.25,10983.50,10870.50,10902.25,136802,7151,10902.75,10986.50,10900.50,10983.50,76624,3574,10983.25,11059.50,10978.25,11051.50,111607,3594,11038.75,11059.50,10991.75,11051.50,63441,1797,11051.25,11080.00,11028.00,11042.25,25819,1930,11203.25,11208.25,10870.50,11051.50,579080,23303
2022-12-23,NQH3,47307,11061.00,11143.00,10916.25,11067.00,529843,11061.00,11064.75,11041.75,11048.50,3670,1146,11061.00,11143.00,10979.25,10995.75,132586,23546,11052.50,11111.00,11026.75,11089.75,36460,9003,11091.50,11143.00,10979.25,10995.75,60321,3367,10995.75,11054.50,10916.25,11038.50,142578,3597,10995.75,11103.25,10916.25,11029.75,240350,8945,11029.75,11082.50,11018.25,11039.75,65424,6759,11040.00,11072.75,11020.75,11072.50,29682,3362,11072.75,11088.25,11036.50,11073.25,49727,3532,11057.50,11081.25,11036.50,11073.25,28217,1774,11073.50,11082.00,11068.75,11069.50,12011,1145,10995.75,11103.25,10916.25,11073.25,385183,22598
2022-12-27,NQH3,44263,11104.00,11183.75,10896.00,10912.00,493787,11104.00,11163.50,11104.00,11156.00,5336,1449,11104.00,11183.75,11040.25,11054.50,82378,19852,11159.25,11177.00,11078.00,11086.25,30228,7577,11098.00,11101.25,11040.25,11054.50,21296,3027,11054.25,11057.00,10896.00,10986.50,124341,3599,11054.25,11057.00,10896.00,10965.25,210661,8943,10965.75,10996.00,10911.75,10918.25,82007,6940,10918.25,10937.75,10899.75,10921.25,41484,3467,10921.00,10958.75,10908.75,10915.00,60234,3550,10940.00,10958.75,10908.75,10915.00,38876,1787,10915.00,10933.50,10910.50,10913.25,16990,1498,11054.25,11057.00,10896.00,10915.00,394386,22900
2022-12-28,NQH3,45677,10915.75,10996.50,10758.75,10783.25,624376,10915.75,10925.75,10908.50,10913.75,2607,890,10915.75,10954.50,10891.50,10898.25,81760,20773,10942.50,10954.50,10892.00,10944.25,34463,8512,10934.00,10934.00,10894.25,10898.25,16424,2670,10898.00,10996.50,10861.75,10895.25,132656,3597,10898.00,10996.50,10790.50,10796.75,259814,8977,10797.00,10891.25,10773.00,10825.75,132621,7126,10826.25,10838.25,10791.50,10802.00,52697,3533,10802.25,10804.25,10758.75,10772.50,77508,3574,10773.00,10786.50,10758.75,10772.50,42905,1788,10772.75,10793.25,10764.00,10783.75,19929,1682,10898.00,10996.50,10758.75,10772.50,522640,23210
2022-12-29,NQH3,44384,10785.75,11071.50,10777.50,11030.00,461005,10785.75,10797.50,10782.75,10792.00,3170,979,10785.75,10904.25,10777.50,10886.75,82629,19938,10816.75,10863.50,10807.50,10839.00,30891,8009,10846.75,10904.25,10843.00,10886.75,23430,3026,10886.25,11016.75,10856.50,10993.75,117862,3599,10886.25,11071.50,10856.50,11061.25,209491,8962,11061.00,11064.50,11009.75,11046.50,69083,6880,11047.50,11064.00,11026.00,11030.00,32389,3434,11030.25,11070.00,11028.25,11037.00,47526,3510,11047.25,11070.00,11034.50,11037.00,29566,1770,11037.00,11041.50,11027.25,11029.75,19856,1649,10886.25,11071.50,10856.50,11037.00,358489,22786
2022-12-30,NQH3,45670,11033.50,11051.50,10855.50,11041.75,457164,11033.50,11036.25,11020.75,11023.75,2468,792,11033.50,11036.25,10904.25,10910.25,85489,20946,10982.50,11011.00,10926.00,10931.50,37342,8622,10908.75,10926.25,10904.25,10910.25,14399,2690,10910.25,10947.75,10855.50,10922.75,98454,3585,10910.25,10971.25,10855.50,10947.25,165086,8848,10947.25,10956.75,10875.00,10910.25,83333,6935,10910.25,10913.25,10882.75,10906.00,32056,3420,10906.00,11020.75,10902.50,11014.75,66891,3563,10945.75,11020.75,10938.25,11014.75,40344,1788,11015.00,11051.50,11014.50,11040.25,24230,1937,10910.25,11020.75,10855.50,11014.75,347366,22766
2023-01-03,NQH3,56169,11122.50,11182.00,10844.75,10941.00,650172,11122.50,11150.00,11037.50,11051.75,9653,2086,11122.50,11171.00,10952.00,11122.75,155487,31318,11084.75,11171.00,11052.50,11094.25,66105,12175,11091.00,11140.75,11086.25,11122.75,18639,2872,11122.50,11182.00,10925.25,10933.50,141286,3596,11122.50,11182.00,10858.50,10874.25,248179,8963,10874.25,10919.75,10844.75,10916.50,99523,7046,10917.00,10963.25,10870.75,10936.75,63496,3536,10936.50,10973.00,10927.50,10944.00,66838,3577,10940.00,10964.25,10932.75,10944.00,33740,1791,10944.00,10948.25,10921.75,10943.50,16591,1713,11122.50,11182.00,10844.75,10944.00,478036,23122
2023-01-04,NQH3,50362,10941.25,11068.50,10863.50,10983.75,751121,10941.25,10950.25,10920.25,10948.00,2947,915,10941.25,11051.25,10920.25,11034.00,112062,25219,10999.75,11051.25,10972.75,10991.50,51347,11337,11033.25,11042.25,11004.75,11034.00,21799,2909,11034.00,11046.50,10863.50,10903.00,178361,3600,11034.00,11068.50,10863.50,11047.25,309413,8985,11047.50,11059.50,10976.25,11019.75,93330,7025,11019.75,11064.00,10901.50,10985.00,124670,3596,10985.00,11021.75,10906.25,10998.25,92383,3594,10965.25,10999.00,10906.25,10998.25,49749,1800,10998.25,11004.50,10973.25,10982.50,19206,1928,11034.00,11068.50,10863.50,10998.25,619796,23200
2023-01-05,NQH3,50898,10988.50,11046.75,10805.00,10837.25,689234,10988.50,11006.50,10986.25,10996.75,3961,1133,10988.50,11046.75,10889.00,10916.50,127005,25981,10950.75,11046.75,10931.25,11010.00,44430,10369,10970.00,10972.50,10889.00,10916.50,34797,3301,10916.75,10927.25,10814.75,10878.25,162461,3600,10916.75,10927.25,10814.75,10854.50,274538,8981,10854.25,10913.50,10820.75,10872.25,135036,7098,10872.25,10912.50,10858.00,10880.50,54833,3557,10880.75,10881.25,10805.00,10823.00,78367,3576,10839.00,10844.25,10805.00,10823.00,45988,1790,10823.00,10840.00,10816.00,10835.75,19404,1691,10916.75,10927.25,10805.00,10823.00,542774,23212
2023-01-06,NQH3,48091,10838.75,11165.75,10751.00,11108.75,726852,10838.75,10848.00,10829.50,10839.25,2897,852,10838.75,10969.50,10751.00,10889.50,162480,23218,10819.00,10835.25,10778.00,10798.50,42825,9498,10772.50,10969.50,10760.75,10889.50,82502,3571,10889.25,10945.00,10766.25,10882.75,180994,3599,10889.25,11043.50,10766.25,11027.25,322809,8993,11027.00,11076.25,10997.50,11070.75,88962,7026,11071.00,11149.25,11069.25,11142.25,56072,3525,11142.50,11165.75,11106.50,11112.75,71972,3570,11132.50,11153.50,11106.50,11112.75,42550,1787,11112.50,11120.00,11093.75,11105.00,24452,1738,10889.25,11165.75,10766.25,11112.75,539815,23114
2023-01-09,NQH3,49752,11126.50,11385.50,11120.25,11184.75,640088,11126.50,11160.75,11123.25,11139.75,6538,1637,11126.50,11205.25,11120.25,11199.25,109185,24895,11131.25,11187.25,11120.25,11171.25,42951,9954,11178.00,11205.25,11170.50,11199.25,22940,2988,11199.50,11325.00,11194.75,11303.00,144486,3599,11199.50,11385.50,11194.75,11367.75,252454,8978,11367.75,11373.75,11264.00,11282.00,110972,7033,11282.00,11308.75,11226.25,11231.75,64320,3551,11232.00,11238.75,11159.75,11185.50,85111,3595,11218.75,11222.25,11159.75,11185.50,48911,1797,11185.25,11191.25,11171.50,11183.75,17999,1686,11199.50,11385.50,11159.75,11185.50,512857,23157
2023-01-10,NQH3,48890,11184.75,11288.75,11094.00,11281.25,555985,11184.75,11187.00,11166.00,11171.25,3297,939,11184.75,11205.75,11094.00,11144.50,123585,24860,11157.75,11205.75,11094.00,11116.50,49007,10254,11103.75,11176.00,11096.50,11144.50,33504,3022,11144.75,11283.25,11138.00,11200.00,149706,3599,11144.75,11283.25,11120.75,11193.75,269157,8974,11194.25,11246.00,11157.00,11242.75,73218,6757,11242.75,11271.75,11235.00,11243.75,32212,3392,11244.50,11283.75,11217.25,11283.00,41975,3429,11241.75,11283.75,11238.25,11283.00,22889,1721,11283.25,11288.75,11276.50,11280.75,15762,1464,11144.75,11283.75,11120.75,11283.00,416562,22552
2023-01-11,NQH3,46525,11282.50,11479.50,11239.75,11475.00,494069,11282.50,11287.00,11269.50,11284.75,3075,934,11282.50,11333.75,11239.75,11325.50,94311,22053,11251.00,11324.25,11244.00,11296.75,39775,9272,11317.25,11333.75,11296.25,11325.50,21414,2965,11325.25,11388.00,11291.00,11386.00,106560,3597,11325.25,11388.75,11291.00,11376.25,192240,8915,11376.25,11442.00,11374.00,11407.75,95369,6972,11407.25,11433.00,11394.75,11416.75,29232,3297,11416.75,11476.50,11416.25,11476.50,62636,3524,11441.00,11476.50,11425.75,11476.50,38398,1778,11476.25,11479.50,11463.25,11473.75,20040,1739,11325.25,11476.50,11291.00,11476.50,379477,22708
2023-01-12,NQH3,47167,11474.50,11579.75,11291.00,11521.50,745360,11474.50,11479.00,11466.00,11474.25,4275,1157,11474.50,11579.75,11291.00,11479.50,211667,22531,11465.25,11494.75,11449.25,11493.00,38902,8708,11527.50,11579.75,11291.00,11479.50,128068,3586,11479.50,11518.75,11311.25,11473.25,155211,3598,11479.50,11518.75,11311.25,11494.25,270295,8968,11494.00,11571.50,11451.75,11566.50,140953,7124,11566.50,11574.75,11516.50,11533.00,48221,3513,11533.00,11538.25,11484.00,11531.00,58662,3554,11518.25,11536.00,11484.00,11531.00,32908,1781,11531.00,11538.50,11520.00,11522.00,15475,1460,11479.50,11574.75,11311.25,11531.00,518131,23159
2023-01-13,NQH3,48694,11528.50,11619.50,11389.00,11601.50,476214,11528.50,11528.50,11514.25,11524.00,2441,810,11528.50,11536.25,11389.00,11426.50,114204,24701,11521.75,11534.50,11405.00,11409.25,50390,10414,11410.25,11427.50,11389.00,11426.50,22701,3039,11426.25,11522.00,11408.75,11515.00,112195,3593,11426.25,11538.25,11408.75,11486.25,195661,8907,11486.25,11568.25,11480.25,11558.75,66853,6740,11558.25,11578.75,11548.50,11567.50,29199,3335,11567.25,11619.50,11563.00,11607.75,52936,3431,11594.25,11619.50,11588.50,11607.75,37839,1790,11607.75,11613.50,11586.50,11602.00,17319,1565,11426.25,11619.50,11408.75,11607.75,344649,22413
2023-01-16,NQH3,23242,11613.50,11638.75,11510.25,11564.00,86445,11613.50,11619.75,11582.50,11587.25,4299,1208,11613.50,11638.75,11510.25,11591.50,63493,17547,11590.00,11591.25,11510.25,11569.00,31998,7578,11575.50,11596.75,11573.00,11591.50,6560,1535,11592.00,11611.25,11582.00,11588.25,10449,2028,11592.00,11611.25,11566.50,11571.50,18193,4262,11571.50,11584.75,11560.50,11564.00,4759,1433,,,,,0,0,,,,,0,0,,,,,0,0,,,,,0,0,11592.00,11611.25,11560.50,11564.00,22952,5695
2023-01-17,NQH3,46704,11570.00,11685.00,11530.50,11623.25,482891,11570.00,11598.25,11569.00,11586.25,3396,1034,11570.00,11604.25,11530.50,11603.00,96186,22768,11551.25,11589.00,11539.00,11558.00,33939,8631,11559.50,11604.25,11555.75,11603.00,24021,3058,11602.75,11685.00,11549.50,11655.50,125862,3600,11602.75,11685.00,11549.50,11619.75,224855,8972,11620.25,11649.75,11588.25,11645.50,65031,6762,11645.75,11650.00,11604.50,11627.25,40076,3374,11626.75,11644.00,11602.75,11625.00,41470,3435,11626.75,11636.75,11602.75,11625.00,24765,1738,11625.25,11637.75,11618.50,11623.00,15228,1380,11602.75,11685.00,11549.50,11625.00,371432,22543
2023-01-18,NQH3,48333,11619.75,11759.50,11468.00,11482.00,608853,11619.75,11623.50,11582.50,11594.00,5235,1304,11619.75,11721.75,11581.75,11700.00,126285,23534,11647.25,11674.00,11614.00,11673.25,31174,8074,11668.50,11721.75,11636.25,11700.00,44700,3339,11699.50,11759.50,11672.25,11713.25,127843,3599,11699.50,11759.50,11518.50,11551.25,271334,8992,11551.50,11560.00,11482.75,11524.25,97669,7047,11524.25,11545.25,11503.50,11522.50,34561,3432,11522.75,11540.75,11471.25,11475.00,59218,3540,11518.75,11519.50,11471.25,11475.00,39728,1793,11474.75,11485.50,11468.00,11482.75,19701,1773,11699.50,11759.50,11471.25,11475.00,462782,23011
2023-01-19,NQH3,50753,11470.50,11487.00,11308.50,11393.50,589272,11470.50,11487.00,11466.50,11480.25,3008,914,11470.50,11487.00,11344.75,11402.00,129017,25804,11444.50,11486.75,11356.25,11365.50,55026,11213,11377.25,11402.50,11344.75,11402.00,33150,3332,11401.75,11446.50,11348.75,11376.75,128156,3599,11401.75,11446.50,11308.50,11322.75,231211,8959,11322.50,11426.00,11322.25,11394.25,97643,7037,11394.50,11454.25,11379.00,11431.00,49190,3526,11430.75,11442.00,11356.75,11359.25,51954,3528,11420.25,11423.50,11356.75,11359.25,31429,1774,11359.50,11416.75,11351.75,11391.75,30193,1885,11401.75,11454.25,11308.50,11359.25,429998,23050
2023-01-20,NQH3,46235,11401.00,11686.75,11365.25,11677.75,568664,11401.00,11406.50,11381.50,11385.50,3870,1075,11401.00,11448.50,11365.25,11432.50,94444,21374,11426.50,11445.00,11365.25,11437.75,41375,9646,11432.00,11443.25,11407.00,11432.50,23066,2918,11432.75,11487.25,11383.50,11483.00,115936,3597,11432.75,11542.25,11383.50,11523.25,217743,8969,11523.25,11604.50,11506.25,11600.00,101849,6992,11600.00,11631.75,11594.50,11627.00,42333,3425,11626.75,11686.75,11625.00,11676.75,85904,3579,11656.50,11686.75,11647.25,11676.75,43042,1792,11676.50,11680.75,11658.50,11677.50,26309,1879,11432.75,11686.75,11383.50,11676.75,447829,22965
2023-01-23,NQH3,43948,11676.75,11983.00,11650.50,11935.50,586327,11676.75,11685.25,11650.50,11656.25,5081,1269,11676.75,11723.25,11650.50,11702.00,84509,19212,11681.25,11706.25,11652.00,11683.75,34207,8023,11710.25,11711.25,11675.00,11702.00,18310,2811,11702.50,11859.50,11671.75,11850.75,129448,3596,11702.50,11957.00,11671.75,11945.25,251458,8962,11946.00,11983.00,11907.75,11960.75,92763,6874,11961.00,11961.25,11861.25,11880.50,66317,3529,11881.25,11941.25,11867.75,11933.25,70381,3559,11902.50,11941.25,11891.25,11933.25,38392,1787,11933.50,11937.50,11914.00,11934.25,20799,1792,11702.50,11983.00,11671.75,11933.25,480919,22924
2023-01-24,NQH3,44514,11933.00,12010.50,11835.75,11970.25,504514,11933.00,11936.00,11916.00,11920.00,2871,964,11933.00,11944.75,11835.75,11856.50,86486,19496,11918.75,11932.75,11873.25,11880.50,33077,8412,11878.50,11886.50,11835.75,11856.50,26596,3012,11856.25,11951.50,11838.25,11895.25,133968,3596,11856.25,11951.50,11838.25,11915.75,220129,8894,11915.75,11938.00,11872.25,11921.00,74768,6830,11921.75,11926.25,11892.00,11920.00,30727,3401,11920.00,11923.75,11859.50,11912.50,46883,3484,11904.50,11916.50,11859.50,11912.50,32104,1770,11912.25,12010.50,11875.75,11970.75,45455,2397,11856.25,11951.50,11838.25,11912.50,372507,22609
2023-01-25,NQH3,50851,11970.50,11976.50,11604.50,11873.50,627872,11970.50,11976.50,11821.25,11840.00,21150,2710,11970.50,11976.50,11701.00,11712.50,131677,25821,11850.50,11858.00,11732.75,11763.25,50088,10440,11751.00,11752.00,11701.00,11712.50,23755,3079,11712.50,11724.00,11614.75,11645.00,130485,3598,11712.50,11788.75,11604.50,11766.25,264680,8970,11766.50,11836.25,11732.50,11817.50,90012,6938,11817.50,11875.00,11806.75,11868.25,51135,3463,11868.25,11903.50,11835.75,11875.25,58873,3542,11866.00,11877.00,11835.75,11875.25,32048,1778,11875.00,11917.00,11846.00,11875.75,31360,2095,11712.50,11903.50,11604.50,11875.25,464700,22913
2023-01-26,NQH3,48467,11874.75,12113.00,11867.25,12060.50,612940,11874.75,11915.75,11867.25,11907.00,7537,1688,11874.75,12025.75,11867.25,12017.25,132332,23640,11940.00,12002.50,11915.50,11992.50,44406,8799,11981.00,12025.75,11930.00,12017.25,39679,3298,12017.75,12075.00,11947.00,12017.25,150343,3600,12017.75,12075.00,11904.25,11970.50,259641,8955,11970.00,12046.75,11966.50,12029.25,90526,6928,12029.50,12063.50,12013.00,12055.00,38592,3454,12055.50,12104.25,12041.00,12103.75,64311,3526,12082.25,12104.25,12062.00,12103.75,40410,1781,12103.75,12113.00,12055.75,12058.50,27397,1945,12017.75,12104.25,11904.25,12103.75,453070,22863
2023-01-27,NQH3,45374,12049.00,12308.50,12016.00,12221.00,582128,12049.00,12051.75,12034.50,12039.25,4440,1252,12049.00,12078.75,12016.00,12052.50,94416,20560,12040.00,12072.00,12019.00,12038.25,35097,8422,12041.00,12078.75,12022.75,12052.50,28372,3081,12052.25,12193.25,12041.75,12164.00,123742,3597,12052.25,12209.00,12041.75,12203.25,234738,8954,12203.50,12265.00,12186.00,12260.25,102511,6970,12260.25,12282.75,12242.75,12276.75,45101,3479,12277.00,12308.50,12218.25,12222.75,83939,3561,12286.75,12303.25,12218.25,12222.75,48157,1786,12222.75,12231.25,12212.25,12221.25,21252,1828,12052.25,12308.50,12041.75,12222.75,466289,22964
2023-01-30,NQH3,52662,12212.50,12252.00,11960.00,11988.75,625724,12212.50,12252.00,12190.75,12205.25,10383,1967,12212.50,12252.00,12039.00,12081.25,134573,27920,12138.50,12139.00,12039.00,12086.25,61641,11732,12093.00,12096.75,12064.50,12081.25,19338,2943,12081.00,12143.25,12027.50,12046.25,121992,3598,12081.00,12143.25,11982.50,12057.25,248884,8972,12057.25,12068.50,11997.50,12020.50,87180,6937,12020.50,12033.75,11983.00,12001.00,49850,3462,12001.50,12019.50,11960.00,11970.75,81484,3560,11975.25,12002.75,11960.00,11970.75,46575,1787,11970.75,11997.00,11963.50,11989.00,23694,1796,12081.00,12143.25,11960.00,11970.75,467398,22931
2023-01-31,NQH3,51622,11984.00,12156.00,11871.00,12119.25,579128,11984.00,12003.75,11980.25,12002.75,3255,1058,11984.00,12017.25,11871.00,11974.50,147541,26920,11979.25,11982.25,11871.00,11931.50,55290,11332,11931.50,12017.25,11929.25,11974.50,44818,3345,11974.00,12057.75,11969.00,12056.50,117146,3594,11974.00,12096.25,11969.00,12072.00,203185,8902,12071.75,12101.25,12041.75,12096.75,74822,6667,12097.25,12119.00,12088.25,12110.50,38520,3383,12110.25,12150.50,12072.25,12146.50,78974,3570,12077.25,12150.50,12074.00,12146.50,49627,1793,12146.50,12156.00,12109.00,12117.00,36003,2160,11974.00,12150.50,11969.00,12146.50,395501,22522
2023-02-01,NQH3,47073,12116.00,12524.50,12055.25,12505.25,656026,12116.00,12119.25,12095.50,12104.25,4092,1162,12116.00,12168.75,12084.75,12144.75,94543,21817,12125.50,12168.75,12104.00,12156.00,40136,9098,12141.50,12152.00,12129.75,12144.75,15913,2635,12144.25,12158.00,12101.25,12137.25,90043,3582,12144.25,12158.00,12076.75,12122.25,156487,8810,12122.25,12161.50,12097.50,12145.75,51087,6580,12145.00,12386.25,12055.25,12337.25,168124,3590,12337.50,12516.25,12333.00,12412.00,142322,3599,12423.75,12516.25,12398.25,12412.00,77580,1800,12412.25,12524.50,12394.00,12505.50,43346,2654,12144.25,12516.25,12055.25,12412.00,518020,22579
2023-02-02,NQH3,54811,12520.00,12949.75,12501.75,12670.25,801056,12520.00,12559.75,12519.00,12542.75,10827,2090,12520.00,12679.25,12501.75,12674.00,162613,28436,12520.75,12613.75,12517.75,12611.75,60061,11501,12616.25,12679.25,12612.25,12674.00,42002,3439,12673.75,12748.25,12647.25,12737.75,149024,3599,12673.75,12839.25,12647.25,12789.00,267730,8974,12789.00,12927.25,12771.25,12924.75,98845,7017,12924.50,12934.50,12714.50,12717.50,99153,3590,12717.50,12837.75,12691.00,12834.75,96295,3592,12780.25,12837.75,12756.75,12834.75,49036,1794,12835.00,12949.75,12618.25,12674.75,76315,3179,12673.75,12934.50,12647.25,12834.75,562023,23173
2023-02-03,NQH3,54045,12748.25,12878.00,12551.25,12616.50,811726,12748.25,12760.00,12654.75,12663.75,12795,2211,12748.25,12761.00,12551.25,12573.25,213296,29242,12613.25,12738.00,12581.50,12735.25,59496,11469,12744.25,12748.00,12551.25,12573.25,91162,3520,12573.00,12834.00,12558.50,12787.75,191167,3600,12573.00,12878.00,12558.50,12789.00,313179,8975,12789.25,12843.75,12617.25,12678.00,133633,7087,12677.75,12681.25,12601.25,12613.25,57436,3561,12613.50,12655.25,12578.50,12632.25,71993,3584,12630.50,12647.25,12598.00,12632.25,37139,1793,12632.25,12632.50,12607.00,12616.50,22119,1581,12573.00,12878.00,12558.50,12632.25,576241,23207
2023-02-06,NQH3,53884,12572.00,12608.50,12455.75,12513.00,529704,12572.00,12605.50,12550.00,12595.25,9721,2003,12572.00,12605.50,12457.25,12507.50,145539,29710,12551.50,12576.25,12457.25,12529.00,65054,12066,12524.25,12530.25,12481.50,12507.50,20840,3046,12507.75,12592.25,12473.50,12486.25,113918,3597,12507.75,12608.50,12455.75,12539.50,213325,8956,12540.00,12567.75,12502.25,12530.00,67698,6885,12530.50,12573.50,12511.50,12529.25,36781,3437,12529.00,12535.50,12467.75,12518.25,51279,3541,12488.25,12531.00,12467.75,12518.25,30421,1783,12518.25,12519.75,12504.00,12511.75,15030,1337,12507.75,12608.50,12455.75,12518.25,369083,22819
2023-02-07,NQH3,48606,12513.00,12818.50,12459.25,12740.00,729611,12513.00,12537.50,12510.00,12532.75,3637,1047,12513.00,12573.50,12475.50,12507.00,108664,23517,12531.00,12573.50,12475.50,12556.25,46304,9967,12530.50,12535.75,12499.00,12507.00,22971,3039,12506.75,12554.25,12477.00,12495.50,100232,3593,12506.75,12594.75,12477.00,12575.75,174757,8909,12575.25,12778.50,12459.25,12505.25,254218,7094,12505.25,12712.00,12504.50,12698.75,86942,3590,12699.00,12818.50,12660.25,12775.75,80598,3575,12746.75,12818.50,12731.25,12775.75,47492,1785,12775.50,12784.00,12721.50,12740.50,24375,1908,12506.75,12818.50,12459.25,12775.75,596515,23168
2023-02-08,NQH3,50518,12747.00,12808.50,12512.75,12559.00,572223,12747.00,12776.00,12745.00,12749.00,5495,1432,12747.00,12808.50,12699.50,12712.25,117461,25885,12783.25,12788.75,12717.00,12741.25,50346,10895,12727.00,12736.50,12699.50,12712.25,22804,2973,12712.75,12752.00,12655.25,12664.75,116086,3599,12712.75,12752.00,12517.25,12580.00,246963,8988,12580.25,12623.00,12539.00,12562.25,92056,7027,12562.25,12601.75,12536.25,12569.50,40629,3462,12569.50,12571.50,12512.75,12546.50,57930,3555,12534.50,12566.25,12528.00,12546.50,33560,1784,12546.75,12559.25,12530.25,12557.75,17142,1585,12712.75,12752.00,12512.75,12546.50,437578,23032
2023-02-09,NQH3,50546,12555.00,12728.50,12366.50,12449.75,607876,12555.00,12568.25,12541.25,12563.00,3623,1088,12555.00,12726.25,12541.25,12722.75,120974,25333,12606.25,12721.25,12605.50,12660.50,55942,11064,12676.25,12726.25,12676.00,12722.75,25276,3141,12722.75,12728.50,12618.00,12629.75,112358,3596,12722.75,12728.50,12557.00,12578.00,219237,8970,12579.50,12615.25,12490.75,12501.00,109040,7090,12500.50,12516.75,12453.25,12462.75,50575,3539,12462.75,12469.00,12366.50,12422.50,88309,3585,12402.75,12462.50,12366.50,12422.50,53000,1797,12422.75,12450.25,12416.75,12447.25,19704,2016,12722.75,12728.50,12366.50,12422.50,467161,23184
2023-02-10,NQH3,53551,12448.75,12451.50,12243.25,12342.00,594599,12448.75,12451.50,12429.25,12436.25,5400,1433,12448.75,12451.50,12270.50,12332.75,145334,28949,12406.75,12446.25,12270.50,12285.00,74751,13219,12331.25,12350.75,12315.75,12332.75,20814,2959,12333.00,12422.00,12284.50,12382.00,133683,3599,12333.00,12422.00,12277.50,12287.25,228533,8976,12287.50,12369.00,12243.25,12310.25,108622,7099,12310.50,12328.75,12280.25,12320.00,43332,3509,12320.50,12363.50,12297.25,12348.75,53229,3532,12306.00,12363.50,12305.50,12348.75,32892,1785,12349.25,12349.75,12331.50,12342.25,15485,1471,12333.00,12422.00,12243.25,12348.75,433716,23116
2023-02-13,NQH3,47936,12357.50,12567.00,12265.25,12545.00,461899,12357.50,12367.00,12294.25,12306.75,5864,1514,12357.50,12433.50,12265.25,12402.25,97637,23757,12325.50,12433.50,12314.25,12412.00,43320,9666,12402.75,12408.00,12381.00,12402.25,13990,2428,12402.50,12473.00,12352.00,12458.50,93436,3591,12402.50,12548.00,12352.00,12525.25,182024,8921,12525.00,12567.00,12511.75,12559.75,68004,6712,12560.00,12566.75,12485.00,12505.50,41286,3442,12505.50,12547.50,12482.00,12533.25,54681,3525,12523.25,12547.50,12512.25,12533.25,34059,1768,12533.75,12550.00,12532.75,12545.50,18194,1565,12402.50,12567.00,12352.00,12533.25,345995,22600
2023-02-14,NQH3,46118,12547.25,12687.00,12390.50,12618.00,710553,12547.25,12549.25,12535.25,12541.50,2124,734,12547.25,12687.00,12460.00,12474.25,171742,21455,12551.75,12600.75,12523.50,12589.75,36103,8564,12587.50,12687.00,12460.00,12474.25,100170,3568,12474.00,12673.50,12390.50,12608.00,148294,3600,12474.00,12673.50,12390.50,12459.75,311084,8986,12458.50,12622.75,12457.00,12584.00,109200,7011,12584.50,12639.25,12535.50,12622.50,46363,3497,12622.00,12665.50,12592.50,12632.50,51658,3503,12631.00,12665.50,12620.00,12632.50,31713,1769,12632.50,12636.50,12604.50,12618.75,20405,1646,12474.00,12673.50,12390.50,12632.50,518305,22997
2023-02-15,NQH3,48935,12620.75,12756.50,12524.25,12747.50,561173,12620.75,12623.75,12605.00,12607.75,3288,1003,12620.75,12623.75,12531.25,12549.00,127784,24128,12537.75,12620.25,12532.75,12595.00,37544,9038,12575.00,12614.50,12534.25,12549.00,45996,3448,12548.75,12631.50,12524.25,12579.50,124112,3595,12548.75,12672.25,12524.25,12651.00,223671,8955,12650.50,12683.25,12607.75,12681.00,87253,6903,12681.25,12721.50,12670.25,12672.50,48953,3492,12672.75,12724.25,12666.25,12723.75,47935,3497,12679.50,12724.25,12675.75,12723.75,27734,1759,12724.00,12756.50,12723.25,12748.75,25498,1944,12548.75,12724.25,12524.25,12723.75,407812,22847
2023-02-16,NQH3,48991,12740.00,12792.75,12455.25,12466.25,669785,12740.00,12750.75,12731.75,12747.25,3920,1102,12740.00,12792.75,12517.25,12524.75,143415,23840,12770.25,12784.00,12679.00,12687.75,42239,9247,12663.25,12674.50,12517.25,12524.75,60183,3530,12524.50,12622.25,12496.50,12610.00,133044,3600,12524.50,12673.25,12496.50,12643.00,241733,8948,12643.50,12694.25,12605.25,12662.00,102966,6981,12662.00,12678.00,12631.75,12654.50,41008,3400,12654.50,12657.50,12475.75,12479.50,112237,3585,12521.25,12527.75,12475.75,12479.50,58302,1793,12480.00,12488.00,12455.25,12465.25,28296,2217,12524.50,12694.25,12475.75,12479.50,497944,22914
2023-02-17,NQH3,52506,12462.50,12466.25,12265.75,12384.00,621213,12462.50,12466.25,12421.00,12428.00,8862,1702,12462.50,12466.25,12338.00,12393.25,136067,27981,12400.50,12408.25,12338.00,12383.25,59039,11663,12369.75,12419.00,12368.00,12393.25,24250,3007,12393.00,12423.75,12296.25,12359.50,141230,3600,12393.00,12423.75,12275.00,12301.50,250872,8959,12301.25,12347.75,12265.75,12306.00,96668,7010,12305.25,12397.00,12304.75,12392.00,56575,3530,12391.75,12407.75,12354.75,12392.50,64208,3550,12355.75,12402.00,12354.75,12392.50,34290,1776,12392.75,12394.75,12380.25,12384.50,16706,1460,12393.00,12423.75,12265.75,12392.50,468323,23049
2023-02-20,NQH3,21342,12380.00,12417.75,12346.50,12366.75,69227,12380.00,12383.25,12346.50,12357.75,4188,1195,12380.00,12417.75,12346.50,12393.50,51786,16401,12391.25,12417.75,12354.00,12400.75,23204,6729,12410.25,12414.00,12388.25,12393.50,4355,1336,12393.75,12395.75,12371.25,12373.25,7800,1991,12393.75,12395.75,12371.25,12375.75,14311,4021,12375.50,12381.25,12366.00,12366.75,3130,920,,,,,0,0,,,,,0,0,,,,,0,0,,,,,0,0,12393.75,12395.75,12366.00,12366.75,17441,4941
2023-02-21,NQH3,48681,12369.25,12379.50,12090.25,12111.50,532449,12369.25,12379.00,12361.75,12377.25,2772,872,12369.25,12379.50,12224.50,12230.25,116878,24397,12322.25,12333.75,12228.00,12265.75,62750,11573,12248.00,12266.50,12224.50,12230.25,18018,2821,12229.75,12290.00,12181.75,12186.00,121636,3599,12229.75,12290.00,12144.75,12154.25,220413,8956,12154.00,12175.00,12132.50,12136.00,67392,6747,12135.75,12145.25,12106.50,12125.50,46672,3451,12125.00,12141.50,12090.25,12095.25,60120,3526,12107.00,12128.00,12090.25,12095.25,39428,1776,12095.50,12118.50,12093.50,12112.00,20905,1588,12229.75,12290.00,12090.25,12095.25,394597,22680
2023-02-22,NQH3,49659,12108.00,12190.50,12034.00,12166.50,634802,12108.00,12117.00,12098.25,12115.25,4123,1141,12108.00,12163.25,12063.25,12122.25,115764,24606,12126.50,12163.25,12063.25,12144.75,63441,11504,12122.50,12139.25,12118.75,12122.25,14226,2619,12122.00,12174.50,12040.00,12071.50,125999,3596,12122.00,12174.50,12034.00,12109.00,224259,8950,12109.00,12169.25,12089.50,12152.00,77007,6856,12152.25,12190.50,12061.75,12068.50,116364,3596,12068.50,12104.75,12048.25,12091.00,75877,3579,12078.75,12093.00,12048.25,12091.00,40458,1792,12091.00,12179.00,12089.50,12167.00,25359,2050,12122.00,12190.50,12034.00,12091.00,493507,22981
2023-02-23,NQH3,48152,12176.25,12261.00,12028.50,12193.00,632855,12176.25,12179.25,12152.00,12168.00,5909,1363,12176.25,12261.00,12150.75,12252.25,123267,23370,12185.50,12226.25,12150.75,12216.75,45933,9616,12220.75,12261.00,12185.25,12252.25,38713,3355,12252.50,12259.75,12164.75,12194.50,120490,3599,12252.50,12259.75,12033.25,12036.50,258359,8989,12037.00,12125.00,12028.50,12114.75,96831,6971,12115.00,12214.25,12104.50,12190.25,66825,3551,12190.75,12248.75,12188.75,12208.25,70664,3579,12240.75,12248.75,12202.75,12208.25,38156,1793,12207.75,12211.50,12188.25,12193.00,16861,1682,12252.50,12259.75,12028.50,12208.25,492679,23090
2023-02-24,NQH3,47255,12190.00,12214.50,11923.00,11999.75,631099,12190.00,12192.25,12171.75,12173.25,3944,1098,12190.00,12214.50,11973.50,11991.75,134103,22723,12154.00,12162.75,12081.50,12098.50,36638,9338,12093.25,12096.50,11973.50,11991.75,60445,3495,11991.75,12043.00,11934.00,11952.75,131790,3599,11991.75,12043.00,11923.00,11988.75,247884,8972,11989.25,11998.25,11931.00,11963.75,96948,6962,11963.50,12013.25,11946.75,12005.75,52369,3496,12005.50,12021.00,11945.25,11999.75,82234,3575,11980.00,12003.75,11945.25,11999.75,51620,1797,11999.75,12005.25,11989.25,12000.00,17532,1514,11991.75,12043.00,11923.00,11999.75,479435,23005
2023-02-27,NQH3,47581,12003.00,12189.50,11990.00,12095.50,574844,12003.00,12025.50,11990.00,12018.50,5985,1528,12003.00,12153.00,11990.00,12133.00,110875,23001,12038.75,12078.00,12036.50,12056.25,37519,8762,12077.00,12153.00,12069.00,12133.00,34127,3268,12133.25,12189.50,12106.25,12161.75,110203,3594,12133.25,12189.50,12065.50,12104.00,235714,8963,12104.25,12133.75,12071.50,12126.75,87196,6960,12126.50,12144.75,12081.00,12091.75,53833,3515,12092.00,12098.75,12058.50,12085.00,71006,3563,12080.75,12090.75,12058.50,12085.00,42451,1790,12084.75,12101.75,12080.75,12093.00,16131,1555,12133.25,12189.50,12058.50,12085.00,447749,23001
2023-02-28,NQH3,48603,12093.50,12172.75,12025.75,12041.25,642448,12093.50,12107.75,12087.50,12095.50,4020,974,12093.50,12146.25,12029.50,12058.75,108997,23400,12044.00,12146.25,12029.50,12138.25,43855,9852,12103.25,12107.75,12057.25,12058.75,26314,3169,12059.00,12124.00,12041.50,12064.25,119690,3599,12059.00,12124.00,12041.50,12085.00,241235,8978,12085.00,12171.75,12083.25,12160.25,117841,7080,12160.25,12172.75,12125.25,12126.50,55489,3504,12126.50,12127.00,12068.50,12085.25,83486,3565,12094.25,12097.75,12068.50,12085.25,53111,1798,12085.00,12085.00,12025.75,12041.00,35300,2056,12059.00,12172.75,12041.50,12085.25,498051,23127
2023-03-01,NQH3,52851,12041.25,12141.75,11924.75,11985.25,750058,12041.25,12041.75,12013.25,12020.50,5265,1378,12041.25,12141.75,11989.25,12052.75,138757,27464,12107.00,12141.75,12080.75,12117.00,41749,9777,12083.50,12083.75,12026.25,12052.75,36010,3290,12052.75,12079.50,11953.00,11971.75,160028,3597,12052.75,12079.50,11924.75,12009.50,333936,8994,12009.75,12036.50,11958.50,11980.50,124697,7102,11980.25,11982.75,11935.75,11956.50,65844,3543,11956.25,11976.25,11941.25,11961.75,64094,3571,11945.75,11976.25,11942.50,11961.75,34196,1787,11961.75,11993.75,11955.50,11985.75,22632,2158,12052.75,12079.50,11924.75,11961.75,588571,23210
2023-03-02,NQH3,54359,11967.00,12096.25,11832.50,12052.25,745470,11967.00,11977.50,11964.50,11973.25,4054,1202,11967.00,11991.75,11832.50,11855.50,153918,29296,11863.00,11918.50,11832.50,11880.25,54715,11287,11874.50,11875.50,11838.00,11855.50,29921,3197,11855.25,11931.25,11846.25,11913.25,139466,3599,11855.25,11938.25,11846.25,11905.25,267617,8992,11905.50,12001.25,11894.75,11998.00,124609,7057,11998.00,12052.50,11997.75,12038.25,78508,3569,12038.50,12096.25,12016.75,12059.00,97571,3583,12051.50,12096.25,12049.00,12059.00,63021,1799,12059.00,12073.25,12047.00,12053.00,23169,1844,11855.25,12096.25,11846.25,12059.00,568305,23201
2023-03-03,NQH3,49266,12049.00,12329.00,12012.00,12324.50,665967,12049.00,12049.00,12031.00,12037.25,4098,1186,12049.00,12154.75,12012.00,12134.75,113882,24412,12025.00,12124.00,12023.25,12083.25,45153,9681,12099.50,12154.75,12089.50,12134.75,28252,3223,12135.00,12224.75,12111.50,12218.50,165782,3598,12135.00,12233.25,12111.50,12227.75,292592,8976,12228.00,12277.50,12215.75,12267.75,103815,6960,12268.00,12308.25,12258.50,12302.75,52568,3463,12303.25,12321.25,12282.75,12308.75,77190,3554,12304.00,12314.75,12282.75,12308.75,43181,1781,12309.25,12329.00,12307.00,12328.00,25784,1883,12135.00,12321.25,12111.50,12308.75,526165,22953
2023-03-06,NQH3,49593,12306.25,12486.25,12276.25,12321.25,603356,12306.25,12317.75,12276.25,12291.25,7436,1497,12306.25,12382.25,12276.25,12360.75,115246,25059,12344.25,12351.75,12295.50,12326.50,40152,9722,12361.00,12382.25,12353.25,12360.75,20128,2942,12361.00,12442.25,12347.25,12432.50,127120,3600,12361.00,12486.25,12347.25,12460.25,229759,8931,12460.50,12468.50,12354.50,12364.25,109827,7025,12364.25,12379.75,12338.75,12340.25,56432,3533,12340.25,12357.75,12314.25,12322.25,73275,3578,12321.25,12339.00,12314.25,12322.25,37026,1793,12322.00,12327.50,12316.25,12322.25,18777,1455,12361.00,12486.25,12314.25,12322.25,469293,23067
2023-03-07,NQH3,45904,12320.25,12381.25,12142.25,12175.50,676067,12320.25,12334.50,12312.25,12330.50,3297,902,12320.25,12381.25,12312.25,12325.50,83865,20967,12336.25,12381.25,12333.00,12347.75,28476,7629,12349.25,12364.00,12323.25,12325.50,17114,2777,12325.50,12362.75,12180.25,12233.25,160083,3599,12325.50,12362.75,12180.25,12224.00,311964,8989,12224.25,12310.25,12169.25,12185.50,144985,7121,12185.25,12203.75,12142.25,12144.75,50262,3513,12145.00,12186.75,12143.50,12165.25,66259,3563,12151.50,12186.75,12150.25,12165.25,37413,1784,12165.25,12186.25,12165.00,12172.75,18674,1729,12325.50,12362.75,12142.25,12165.25,573470,23186
2023-03-08,NQH3,49811,12170.00,12254.50,12108.25,12238.25,624025,12170.00,12184.50,12170.00,12176.75,3279,966,12170.00,12217.25,12138.75,12184.25,116915,25163,12153.75,12217.25,12151.75,12168.50,45064,9531,12178.50,12195.75,12168.00,12184.25,17922,2832,12184.50,12216.00,12108.25,12188.75,137760,3598,12184.50,12254.50,12108.25,12241.75,258921,8983,12241.75,12252.50,12142.00,12150.00,119043,7057,12150.25,12207.75,12150.25,12177.75,47520,3442,12177.75,12245.50,12158.00,12226.50,62314,3503,12168.50,12245.50,12167.75,12226.50,42246,1792,12226.50,12238.50,12222.75,12236.75,19229,1648,12184.50,12254.50,12108.25,12226.50,487798,22985
2023-03-09,NQH3,49549,12231.00,12353.50,11977.50,12009.25,797971,12231.00,12236.75,12223.25,12225.25,3070,921,12231.00,12276.25,12136.25,12246.50,130639,24241,12194.25,12198.50,12136.25,12164.50,46264,10142,12163.50,12276.25,12163.25,12246.50,45202,3390,12247.25,12353.50,12230.00,12304.25,146776,3598,12247.25,12353.50,12230.00,12288.00,249496,8965,12288.00,12291.25,12101.00,12114.50,167278,7146,12114.00,12123.75,12067.75,12076.75,86256,3575,12076.50,12082.50,11977.50,12007.00,134304,3596,12004.50,12053.75,11987.25,12007.00,66217,1798,12007.25,12022.50,11990.25,12007.00,29955,2013,12247.25,12353.50,11977.50,12007.00,637334,23282
2023-03-10,NQH3,55208,12005.00,12109.00,11795.00,11892.50,810327,12005.00,12005.50,11955.75,11985.25,7097,1564,12005.00,12109.00,11921.50,12011.00,205509,29986,11974.75,12054.50,11943.75,12014.50,59908,11429,12007.25,12109.00,11933.00,12011.00,76111,3485,12011.75,12027.50,11865.00,11919.50,152313,3600,12011.75,12079.50,11865.00,11971.75,283640,8996,11971.00,11989.25,11795.00,11811.00,128120,7097,11811.00,11910.00,11806.25,11873.25,92745,3593,11874.25,11902.75,11797.25,11835.75,78683,3571,11866.00,11874.00,11797.25,11835.75,42612,1785,11835.75,11898.75,11828.75,11893.00,21503,1940,12011.75,12079.50,11795.00,11835.75,583188,23257
2023-03-13,NQH3,57978,11894.75,12213.50,11674.25,12073.00,697472,11894.75,12045.00,11850.00,11958.50,19090,2766,11894.75,12095.75,11674.25,11877.25,193590,33097,12075.25,12084.25,11858.00,11937.75,75967,12769,11883.75,11956.75,11674.25,11877.25,37152,3206,11878.75,12067.75,11822.00,11976.25,115129,3600,11878.75,12188.75,11822.00,12163.25,234672,8988,12162.50,12204.00,12056.25,12125.00,130135,7048,12125.75,12213.50,12125.50,12168.75,48400,3492,12169.00,12190.50,12050.00,12052.75,68921,3564,12079.00,12156.25,12050.00,12052.75,41463,1795,12052.50,12082.50,12044.75,12071.75,21681,1772,11878.75,12213.50,11822.00,12052.75,482128,23092
2023-03-14,NQM3,47756,12080.00,12356.50,11954.00,12336.00,640011,12080.00,12095.75,12058.50,12092.50,2103,630,12080.00,12218.00,11954.00,12211.75,129480,22383,12097.50,12153.25,12065.75,12129.75,40958,9410,12149.75,12218.00,12032.25,12211.75,52701,3465,12211.00,12304.25,12200.00,12301.25,110152,3597,12211.00,12356.50,12200.00,12335.25,201066,8949,12335.00,12347.25,12227.75,12243.50,121756,7108,12243.50,12270.75,12192.50,12236.50,65864,3562,12236.50,12338.50,12168.50,12337.75,90346,3586,12206.00,12338.50,12195.25,12337.75,49942,1797,12338.00,12345.00,12310.50,12336.00,31417,2151,12211.00,12356.50,12168.50,12337.75,479032,23205
2023-03-15,NQM3,54194,12329.75,12407.50,12096.75,12397.25,777949,12329.75,12337.25,12312.00,12316.25,4001,1046,12329.75,12374.25,12096.75,12208.00,203653,28909,12353.50,12367.25,12096.75,12164.50,99141,13605,12161.25,12224.75,12105.50,12208.00,56244,3472,12209.50,12276.25,12182.25,12220.75,116420,3598,12209.50,12312.00,12152.25,12262.25,241806,8985,12263.00,12305.75,12183.50,12281.25,119524,7129,12281.50,12389.50,12253.75,12378.00,91777,3577,12378.00,12407.50,12300.00,12359.00,94939,3596,12384.50,12396.25,12300.00,12359.00,48220,1797,12359.25,12405.25,12357.75,12394.00,26164,1978,12209.50,12407.50,12152.25,12359.00,548046,23287
2023-03-16,NQM3,54218,12398.75,12735.75,12314.00,12711.50,695398,12398.75,12424.75,12383.50,12418.25,4888,1235,12398.75,12462.50,12333.25,12343.25,148431,28923,12405.00,12456.75,12376.50,12410.50,57475,11896,12418.00,12421.50,12333.25,12343.25,36594,3276,12343.25,12435.00,12314.00,12400.50,99274,3598,12343.25,12667.00,12314.00,12643.00,279145,8997,12643.00,12688.50,12589.50,12663.50,127548,7114,12663.75,12692.50,12633.00,12691.00,43947,3477,12690.75,12735.75,12682.50,12716.50,70621,3562,12727.00,12729.75,12691.25,12716.50,41200,1787,12716.75,12726.00,12695.75,12711.50,25603,2125,12343.25,12735.75,12314.00,12716.50,521261,23150
2023-03-17,NQM3,51582,12708.00,12811.25,12569.50,12648.50,714956,12708.00,12719.75,12692.75,12716.75,4238,1161,12708.00,12767.75,12660.25,12720.75,139318,26499,12755.25,12767.75,12698.75,12736.50,63853,12044,12675.00,12727.00,12660.25,12720.75,30204,3296,12720.75,12811.25,12669.75,12690.75,129978,3600,12720.75,12811.25,12569.50,12612.00,286687,8996,12612.50,12693.75,12604.50,12673.50,125191,7133,12673.25,12699.25,12583.25,12622.50,63139,3558,12622.00,12667.50,12604.00,12645.75,77291,3575,12663.50,12666.00,12618.50,12645.75,39881,1787,12645.75,12672.00,12641.00,12645.25,23261,1805,12720.75,12811.25,12569.50,12645.75,552308,23262
2023-03-20,NQM3,58117,12690.00,12750.00,12525.25,12701.00,684602,12690.00,12750.00,12662.75,12703.50,13625,2179,12690.00,12750.00,12525.25,12624.00,191650,33198,12569.25,12683.00,12525.25,12639.50,86075,13605,12641.75,12688.50,12619.75,12624.00,26135,3106,12623.75,12633.00,12529.50,12610.50,130689,3600,12623.75,12697.50,12529.50,12618.75,253158,8978,12619.00,12673.25,12565.25,12665.25,115848,7071,12665.50,12687.50,12633.50,12662.50,48622,3511,12662.25,12708.00,12644.00,12687.25,58193,3557,12666.25,12708.00,12655.75,12687.25,35209,1784,12687.75,12704.75,12684.50,12700.50,17058,1783,12623.75,12708.00,12529.50,12687.25,475821,23117
2023-03-21,NQM3,47372,12699.75,12898.25,12676.50,12876.25,557070,12699.75,12702.00,12685.25,12697.25,2320,720,12699.75,12792.00,12676.50,12777.50,103568,22504,12709.00,12792.00,12693.75,12782.25,54008,10728,12767.50,12786.75,12754.00,12777.50,14028,2529,12777.50,12837.25,12734.00,12748.25,109982,3598,12777.50,12837.25,12712.50,12732.25,213675,8969,12732.50,12820.00,12725.75,12786.00,93533,7040,12786.25,12848.75,12781.75,12844.00,43264,3471,12843.75,12898.25,12838.50,12861.75,81043,3568,12860.50,12898.25,12849.50,12861.75,48240,1784,12861.75,12886.00,12861.75,12873.50,21879,1801,12777.50,12898.25,12712.50,12861.75,431515,23048
2023-03-22,NQM3,44820,12873.25,13082.00,12678.00,12698.75,702024,12873.25,12875.00,12862.75,12867.25,1945,575,12873.25,12886.50,12809.25,12875.75,75041,19211,12875.00,12875.50,12809.25,12851.50,39230,9198,12839.50,12876.25,12837.75,12875.75,10900,2257,12876.00,12939.00,12851.25,12933.25,83306,3588,12876.00,12945.25,12851.25,12935.00,156069,8888,12934.75,12935.25,12871.50,12929.50,74847,6888,12929.25,13082.00,12876.75,12928.25,179647,3597,12928.50,12990.25,12722.00,12723.00,173755,3600,12951.00,12960.50,12722.00,12723.00,83889,1800,12723.50,12723.75,12678.00,12703.25,42566,2615,12876.00,13082.00,12722.00,12723.00,584318,22973
2023-03-23,NQM3,51345,12695.00,13031.00,12694.25,12872.50,821239,12695.00,12726.00,12694.25,12723.00,3896,1152,12695.00,12855.25,12694.25,12849.75,118981,25759,12795.00,12855.25,12788.25,12821.75,51996,10643,12822.00,12851.25,12803.00,12849.75,20887,2857,12849.75,12958.50,12847.25,12933.00,127941,3600,12849.75,13031.00,12847.25,12989.00,258011,8991,12988.50,13003.00,12887.25,12892.25,139605,7157,12892.25,12913.50,12736.25,12792.25,113986,3598,12792.25,12912.50,12733.50,12862.00,160285,3599,12804.75,12912.50,12771.50,12862.00,65856,1799,12862.25,12893.00,12826.50,12872.50,30282,2219,12849.75,13031.00,12733.50,12862.00,671887,23345
2023-03-24,NQM3,52925,12871.50,12924.75,12728.00,12922.75,672747,12871.50,12881.00,12835.50,12848.75,4236,1136,12871.50,12920.25,12753.50,12826.25,139710,27622,12874.75,12920.25,12769.00,12778.50,76990,13231,12784.50,12828.00,12772.25,12826.25,21124,2912,12825.25,12844.75,12736.25,12821.00,139169,3600,12825.25,12844.75,12728.00,12826.00,264836,8992,12826.50,12854.75,12753.00,12810.75,123343,7133,12810.75,12868.00,12805.50,12849.00,53093,3533,12848.75,12894.75,12831.50,12880.75,67339,3565,12886.25,12894.75,12847.25,12880.75,34646,1786,12880.50,12924.75,12879.50,12921.00,24321,2060,12825.25,12894.75,12728.00,12880.75,508611,23223
2023-03-27,NQM3,49104,12916.00,12984.50,12765.50,12814.25,554519,12916.00,12942.50,12902.50,12935.50,6019,1486,12916.00,12984.50,12848.75,12919.00,109348,24524,12946.50,12957.50,12848.75,12944.00,48296,9879,12932.50,12938.25,12911.25,12919.00,15108,2535,12919.00,12965.25,12880.75,12896.50,106859,3592,12919.00,12965.25,12774.50,12779.25,209087,8961,12779.00,12834.50,12765.50,12807.50,106332,7052,12807.00,12860.00,12789.00,12853.75,43747,3448,12854.00,12868.75,12776.25,12777.50,66547,3556,12839.50,12845.50,12776.25,12777.50,38604,1787,12777.50,12818.25,12777.50,12812.75,19400,1556,12919.00,12965.25,12765.50,12777.50,425713,23017
2023-03-28,NQM3,45990,12810.50,12833.50,12634.25,12748.00,531684,12810.50,12816.50,12801.75,12814.50,2009,673,12810.50,12833.50,12751.25,12773.25,85589,21462,12820.25,12833.50,12751.25,12788.50,39975,9277,12784.25,12785.75,12757.00,12773.25,14890,2531,12773.50,12777.50,12673.00,12697.50,110221,3593,12773.50,12777.50,12650.00,12710.00,211324,8933,12710.25,12717.00,12634.25,12637.25,101210,6986,12637.50,12690.25,12636.25,12680.75,46194,3433,12680.50,12733.00,12676.75,12730.50,66173,3529,12685.50,12733.00,12676.75,12730.50,39497,1773,12730.25,12754.50,12730.25,12748.25,21136,1635,12773.50,12777.50,12634.25,12730.50,424901,22881
2023-03-29,NQM3,48579,12745.50,12994.00,12742.00,12960.25,556155,12745.50,12756.00,12742.25,12744.25,2578,791,12745.50,12890.00,12742.00,12887.25,108479,24014,12817.75,12856.50,12817.75,12838.75,41573,9760,12839.75,12890.00,12832.75,12887.25,22890,2836,12887.25,12932.75,12881.00,12888.50,104125,3590,12887.25,12932.75,12854.50,12914.75,201991,8946,12914.75,12937.00,12889.75,12906.50,99542,6928,12906.00,12953.25,12894.25,12949.50,51284,3461,12949.50,12994.00,12934.25,12963.25,75089,3551,12980.25,12994.00,12953.25,12963.25,39608,1772,12963.00,12970.50,12957.00,12958.75,19630,1663,12887.25,12994.00,12854.50,12963.25,427906,22886
2023-03-30,NQM3,47788,12962.50,13111.75,12931.50,13089.75,571720,12962.50,12969.00,12950.50,12954.25,2728,854,12962.50,13074.75,12931.50,13063.00,115319,23177,12994.25,13040.50,12975.75,13032.75,40272,9105,13036.50,13074.75,13021.75,13063.00,31115,3025,13063.00,13103.50,13028.25,13095.00,127178,3592,13063.00,13111.75,13028.25,13078.25,230607,8959,13078.25,13084.75,13011.25,13032.75,100097,7028,13033.00,13079.25,13026.75,13068.25,52797,3463,13067.75,13091.25,13055.25,13081.75,53715,3483,13083.00,13091.25,13071.75,13081.75,31500,1767,13081.75,13099.00,13078.75,13090.00,19131,1667,13063.00,13111.75,13011.25,13081.75,437216,22933
2023-03-31,NQM3,48717,13084.25,13311.50,13057.50,13308.00,613372,13084.25,13084.25,13071.25,13082.00,2383,816,13084.25,13138.75,13057.50,13094.00,112839,23937,13093.25,13100.75,13069.75,13074.75,35189,8881,13077.75,13128.00,13057.50,13094.00,33495,3146,13094.25,13162.75,13080.25,13149.75,101351,3593,13094.25,13213.00,13080.25,13210.25,211072,8900,13210.25,13239.50,13207.50,13227.50,92509,6765,13227.25,13252.25,13224.00,13246.50,48860,3444,13246.25,13311.50,13245.00,13299.25,112868,3579,13299.00,13311.50,13254.25,13299.25,69946,1797,13299.25,13310.75,13292.00,13310.25,35051,2071,13094.25,13311.50,13080.25,13299.25,465309,22688
2023-04-03,NQM3,49550,13262.00,13278.75,13154.00,13261.75,536114,13262.00,13275.50,13235.00,13258.50,11150,1937,13262.00,13275.50,13179.50,13206.50,114920,25175,13228.00,13246.75,13202.00,13208.50,38512,9045,13195.50,13226.00,13179.50,13206.50,21435,2853,13206.50,13268.25,13198.25,13263.75,105665,3596,13206.50,13268.25,13154.00,13183.75,208911,8928,13183.50,13209.50,13158.25,13174.50,78885,6825,13174.25,13227.00,13160.25,13223.00,43718,3402,13223.25,13278.75,13221.25,13270.25,69884,3514,13246.75,13278.75,13239.50,13270.25,40785,1779,13270.00,13274.00,13260.25,13261.75,19714,1688,13206.50,13278.75,13154.00,13270.25,401398,22669
2023-04-04,NQM3,46964,13259.00,13348.75,13168.25,13231.25,571017,13259.00,13260.50,13246.25,13246.75,2022,677,13259.00,13348.75,13226.50,13283.50,95909,22523,13255.00,13348.75,13233.25,13324.00,49845,10149,13316.00,13317.00,13278.75,13283.50,15167,2633,13284.00,13326.75,13230.00,13274.00,126229,3600,13284.00,13326.75,13206.25,13233.25,245894,8981,13234.00,13249.00,13184.50,13228.50,98028,6944,13228.75,13237.25,13181.00,13189.75,43996,3383,13190.00,13217.00,13168.25,13212.25,66707,3537,13187.00,13217.00,13168.25,13212.25,37926,1782,13212.50,13233.50,13212.00,13230.25,20431,1582,13284.00,13326.75,13168.25,13212.25,454625,22845
2023-04-05,NQM3,46579,13230.00,13247.25,13006.00,13072.50,585154,13230.00,13236.00,13225.25,13231.75,2346,728,13230.00,13247.25,13176.50,13177.25,97140,22261,13228.00,13230.00,13176.50,13211.00,36712,9264,13212.75,13218.75,13176.50,13177.25,19596,2861,13177.00,13182.00,13088.00,13091.25,129194,3594,13177.00,13182.00,13019.50,13046.00,260322,8970,13046.25,13060.75,13006.00,13058.00,101111,6905,13058.25,13090.00,13051.00,13076.00,52296,3386,13075.75,13092.75,13041.75,13085.75,56264,3533,13058.00,13092.75,13053.00,13085.75,33296,1781,13085.50,13085.75,13065.25,13071.50,17951,1508,13177.00,13182.00,13006.00,13085.75,469993,22794
2023-04-06,NQM3,48630,13072.75,13191.00,12953.25,13163.50,593315,13072.75,13072.75,13056.25,13063.50,2726,783,13072.75,13079.75,12985.25,13011.50,118072,24180,13052.50,13079.75,12985.25,13066.25,51000,10238,13039.75,13056.50,13002.25,13011.50,25886,3014,13011.25,13054.00,12953.25,13023.00,133900,3596,13011.25,13128.00,12953.25,13122.75,253898,8943,13123.00,13173.50,13121.25,13168.50,103577,6944,13168.25,13191.00,13164.00,13170.25,41410,3393,13170.25,13186.00,13153.75,13169.00,57502,3501,13172.00,13186.00,13159.50,13169.00,34112,1770,13168.75,13173.00,13159.25,13163.00,18819,1657,13011.25,13191.00,12953.25,13169.00,456387,22781
2023-04-07,NQM3,10708,13162.75,13192.25,13122.00,13184.25,41215,13162.75,13162.75,13140.00,13155.25,1624,540,13162.75,13192.25,13122.00,13184.25,41215,10708,13167.00,13176.00,13141.75,13149.00,9929,3313,13154.25,13192.25,13122.00,13184.25,16212,2045,,,,,0,0,,,,,0,0,,,,,0,0,,,,,0,0,,,,,0,0,,,,,0,0,,,,,0,0,,,,,0,0
2023-04-10,NQM3,44782,13179.75,13203.25,12967.50,13166.00,548994,13179.75,13203.25,13163.75,13182.00,4995,1247,13179.75,13203.25,13036.75,13045.00,92472,20166,13110.75,13165.75,13092.25,13109.25,28670,6609,13062.00,13072.00,13036.75,13045.00,19856,2774,13045.00,13050.25,12967.50,12993.00,114611,3594,13045.00,13088.50,12967.50,13051.00,216736,8919,13050.75,13138.00,13014.25,13125.50,121851,6998,13125.75,13158.75,13117.50,13156.75,46236,3424,13156.75,13162.75,13134.50,13152.75,51125,3467,13142.00,13152.75,13134.50,13152.75,28089,1753,13153.00,13173.25,13152.25,13166.00,20493,1790,13045.00,13162.75,12967.50,13152.75,435948,22808
2023-04-11,NQM3,46929,13163.25,13208.75,13053.50,13081.25,543953,13163.25,13170.75,13158.25,13166.25,2051,759,13163.25,13208.75,13125.50,13153.75,96204,22810,13161.00,13208.75,13125.50,13137.50,42514,9412,13142.00,13163.50,13127.00,13153.75,16930,2637,13153.75,13160.50,13068.50,13104.00,118322,3597,13153.75,13160.50,13053.50,13077.75,228001,8946,13077.75,13123.25,13063.25,13123.00,97303,6882,13122.50,13133.00,13104.00,13128.00,38205,3292,13128.25,13133.50,13061.50,13072.00,67035,3480,13125.25,13126.75,13061.50,13072.00,46964,1778,13072.25,13087.50,13071.25,13080.25,17144,1501,13153.75,13160.50,13053.50,13072.00,430544,22600
2023-04-12,NQM3,44435,13073.75,13241.75,12937.75,12957.50,678746,13073.75,13087.75,13073.75,13085.75,2141,664,13073.75,13241.75,13038.50,13159.00,134728,19880,13059.25,13100.75,13038.50,13091.50,33094,8088,13056.25,13241.75,13051.00,13159.00,70054,3505,13159.00,13180.50,13033.50,13117.00,136061,3599,13159.00,13180.50,12975.75,13070.25,268983,8970,13070.25,13109.00,13057.75,13069.00,93008,6897,13068.75,13091.25,12983.75,13000.00,85348,3562,13000.25,13017.75,12937.75,12955.00,77374,3576,12955.00,12984.00,12937.75,12955.00,41761,1787,12954.75,12963.50,12946.50,12957.00,19273,1538,13159.00,13180.50,12937.75,12955.00,524713,23005
2023-04-13,NQM3,46558,12957.00,13228.00,12925.50,13180.50,546273,12957.00,12957.50,12931.25,12937.25,3757,988,12957.00,13038.00,12925.50,13023.75,106002,22079,13003.00,13018.25,12962.50,12965.75,36294,8625,12983.75,13038.00,12965.00,13023.75,32446,3255,13023.75,13138.25,13019.75,13134.00,136294,3600,13023.75,13143.75,13019.75,13139.50,226333,8889,13139.50,13195.50,13130.50,13192.25,85878,6827,13192.75,13218.00,13186.00,13206.75,45662,3416,13207.00,13228.00,13197.75,13205.50,58354,3491,13218.00,13228.00,13197.75,13205.50,34980,1760,13205.50,13213.75,13180.25,13180.75,23938,1833,13023.75,13228.00,13019.75,13205.50,416227,22623
2023-04-14,NQM3,47482,13183.00,13255.00,13058.00,13199.50,616890,13183.00,13199.75,13176.75,13194.50,4113,1022,13183.00,13217.25,13101.00,13136.50,114779,22382,13187.50,13217.25,13121.00,13141.75,48516,9842,13158.75,13172.50,13101.00,13136.50,33757,3226,13136.50,13255.00,13132.50,13136.00,143188,3595,13136.50,13255.00,13110.00,13126.00,250763,8956,13125.50,13129.25,13058.00,13109.25,109773,7027,13109.25,13171.25,13093.00,13167.75,52233,3479,13167.50,13190.75,13113.75,13183.25,67661,3551,13160.50,13190.75,13154.00,13183.25,33820,1785,13183.00,13212.00,13177.00,13199.25,21611,2070,13136.50,13255.00,13058.00,13183.25,480430,23013
2023-04-17,NQM3,46350,13212.50,13218.00,13076.75,13181.00,536727,13212.50,13214.75,13186.00,13195.75,3929,1114,13212.50,13218.00,13156.25,13164.50,87964,21922,13202.75,13218.00,13156.25,13178.75,37009,9116,13186.00,13191.50,13158.25,13164.50,19019,2960,13164.25,13206.00,13138.25,13156.25,120499,3597,13164.25,13206.00,13088.00,13105.25,242272,8967,13105.00,13128.75,13076.75,13096.50,83404,6827,13096.50,13146.75,13090.25,13140.50,40853,3359,13141.00,13192.00,13140.50,13184.50,64303,3526,13175.50,13192.00,13164.50,13184.50,40131,1793,13184.25,13196.00,13180.50,13180.50,17851,1732,13164.25,13206.00,13076.75,13184.50,430832,22679
2023-04-18,NQM3,46228,13184.00,13298.75,13138.00,13187.00,567736,13184.00,13184.50,13175.75,13181.00,1681,558,13184.00,13298.75,13160.25,13279.00,101156,21580,13190.50,13293.75,13181.00,13278.00,52548,10031,13283.75,13298.75,13270.75,13279.00,19577,2821,13279.25,13297.75,13167.00,13174.50,138572,3596,13279.25,13297.75,13151.50,13166.75,255224,8939,13166.50,13202.50,13161.50,13173.50,80257,6825,13173.25,13193.25,13138.00,13159.50,52967,3401,13159.50,13200.00,13156.75,13191.00,49569,3456,13169.75,13200.00,13166.25,13191.00,27584,1735,13191.00,13197.50,13146.00,13186.50,28489,2007,13279.25,13297.75,13138.00,13191.00,438017,22621
2023-04-19,NQM3,45956,13170.50,13226.75,13065.00,13168.25,526383,13170.50,13182.00,13170.50,13181.25,2644,675,13170.50,13186.75,13065.00,13084.00,97709,21380,13126.75,13140.00,13065.00,13090.50,47678,9903,13089.50,13091.25,13068.00,13084.00,18126,2657,13083.50,13132.75,13080.50,13113.50,117887,3597,13083.50,13178.00,13080.50,13170.75,223439,8906,13170.75,13211.75,13162.50,13207.50,89714,6831,13207.75,13226.75,13186.50,13206.50,41152,3339,13206.75,13217.25,13169.25,13177.50,48501,3461,13203.00,13211.75,13169.25,13177.50,29634,1762,13177.25,13192.75,13155.25,13170.00,25736,2015,13083.50,13226.75,13080.50,13177.50,402806,22537
2023-04-20,NQM3,48922,13162.00,13200.00,13021.75,13091.00,673041,13162.00,13165.75,13141.75,13147.50,4078,996,13162.00,13165.75,13025.00,13052.25,114077,23967,13132.50,13133.50,13025.00,13047.75,51105,10249,13057.50,13076.00,13049.50,13052.25,20854,2927,13052.25,13151.75,13046.25,13135.75,131436,3598,13052.25,13158.00,13046.25,13140.00,237574,8956,13139.75,13200.00,13113.00,13169.00,113339,7002,13169.00,13172.00,13067.50,13090.25,86054,3565,13090.50,13098.25,13021.75,13070.25,98608,3589,13029.00,13081.50,13025.25,13070.25,48247,1794,13070.25,13097.75,13068.00,13089.75,23337,1830,13052.25,13200.00,13021.75,13070.25,535575,23112
2023-04-21,NQM3,46969,13089.00,13122.00,12982.50,13076.00,587505,13089.00,13089.25,13076.50,13083.25,2255,718,13089.00,13107.75,13005.00,13062.50,101591,22493,13062.75,13091.50,13005.00,13021.75,47867,10264,13045.25,13076.50,13035.50,13062.50,19396,2841,13062.75,13081.75,12982.50,13062.00,143280,3599,13062.75,13097.00,12982.50,13081.75,279580,8974,13081.75,13106.75,13058.25,13100.75,96738,6981,13100.50,13122.00,13078.00,13085.25,40355,3394,13085.75,13093.50,13057.00,13091.25,52927,3509,13075.75,13092.25,13062.50,13091.25,28817,1772,13091.25,13095.00,13072.75,13078.00,16219,1601,13062.75,13122.00,12982.50,13091.25,469600,22858
2023-04-24,NQM3,44808,13070.00,13134.00,12967.25,13049.50,573237,13070.00,13073.25,13060.50,13070.50,2622,748,13070.00,13099.50,13014.25,13075.50,80090,20077,13028.25,13096.75,13016.75,13079.25,35144,8299,13079.00,13099.50,13071.75,13075.50,12581,2262,13076.00,13134.00,13054.00,13090.00,118514,3594,13076.00,13134.00,12967.25,12978.50,254852,8978,12978.75,13050.25,12971.00,13046.75,94386,6935,13047.00,13067.75,13029.25,13052.25,60969,3485,13052.00,13065.00,13039.00,13050.50,64974,3510,13049.25,13065.00,13039.00,13050.50,38388,1769,13050.25,13067.25,13046.25,13049.75,17901,1806,13076.00,13134.00,12967.25,13050.50,475181,22908
2023-04-25,NQM3,48592,13050.25,13059.50,12800.00,12918.75,686298,13050.25,13056.00,13042.50,13047.75,2243,685,13050.25,13059.50,12966.75,12992.50,92198,22774,13015.75,13022.25,12966.75,13002.50,43595,9660,13011.50,13014.25,12992.00,12992.50,11664,2430,12992.25,13015.50,12937.00,12946.00,132412,3597,12992.25,13015.50,12916.00,12921.25,258586,8966,12921.50,12924.75,12854.25,12863.50,135651,7070,12863.25,12872.00,12831.00,12841.75,65932,3554,12841.75,12864.25,12813.25,12813.75,67284,3549,12840.75,12858.00,12813.25,12813.75,42079,1787,12813.75,12942.50,12800.00,12918.75,66418,2661,12992.25,13015.50,12813.25,12813.75,527453,23139
2023-04-26,NQM3,53944,12940.00,13012.25,12863.75,12960.50,744873,12940.00,12992.75,12923.00,12966.50,18808,2282,12940.00,12996.50,12885.25,12951.00,156224,28156,12976.75,12978.75,12885.25,12895.25,62806,11097,12929.25,12958.50,12913.75,12951.00,27824,3027,12951.25,12967.50,12896.50,12913.00,143806,3600,12951.25,12996.50,12896.50,12986.50,280164,8981,12986.75,13012.25,12906.00,12918.00,127644,7044,12918.25,12924.75,12878.25,12884.00,70018,3567,12883.50,12908.50,12863.75,12894.75,71589,3558,12888.50,12908.50,12863.75,12894.75,42541,1786,12894.75,12972.50,12880.50,12960.25,39144,2622,12951.25,13012.25,12863.75,12894.75,549415,23150
2023-04-27,NQM3,48280,12965.00,13333.00,12936.00,13260.75,714374,12965.00,12969.50,12949.50,12956.00,3622,970,12965.00,13048.00,12936.00,13045.00,115471,22697,12990.00,13016.25,12971.75,13006.75,38038,9357,13033.75,13048.00,12983.50,13045.00,40226,3373,13044.75,13092.00,13013.50,13079.00,164378,3600,13044.75,13147.50,13013.50,13135.75,302434,8963,13135.75,13218.25,13132.75,13203.25,104326,6899,13203.25,13235.75,13200.00,13235.25,52773,3450,13235.25,13253.25,13223.50,13224.00,78735,3547,13238.50,13249.75,13223.50,13224.00,47856,1780,13224.00,13333.00,13201.00,13258.75,60433,2700,13044.75,13253.25,13013.50,13224.00,538268,22859
2023-04-28,NQM3,49984,13215.00,13336.00,13169.00,13325.75,665795,13215.00,13225.50,13192.00,13203.25,13861,1865,13215.00,13236.00,13169.00,13216.75,123174,25279,13202.25,13210.75,13174.75,13188.00,40052,9735,13192.50,13230.50,13169.00,13216.75,28610,3095,13216.75,13290.75,13172.25,13289.75,160073,3598,13216.75,13293.00,13172.25,13254.25,309529,8965,13254.25,13291.50,13235.75,13275.75,101338,6996,13275.75,13294.25,13261.50,13283.25,44086,3435,13283.25,13319.00,13274.25,13318.75,60052,3502,13286.75,13319.00,13274.25,13318.75,33690,1766,13318.75,13336.00,13314.50,13327.25,27557,1787,13216.75,13319.00,13172.25,13318.75,515005,22898
2023-05-01,NQM3,41580,13317.00,13370.25,13258.75,13289.00,484092,13317.00,13327.00,13305.50,13310.25,3522,1015,13317.00,13370.25,13285.25,13297.75,66765,17023,13355.50,13357.50,13297.00,13303.00,23200,5994,13292.50,13308.75,13287.25,13297.75,10176,2127,13297.50,13328.25,13279.50,13285.50,102260,3590,13297.50,13332.25,13258.75,13294.00,212845,8937,13293.75,13363.50,13293.75,13348.25,84349,6834,13348.25,13353.00,13285.75,13318.00,47720,3429,13317.75,13321.50,13285.50,13310.25,51353,3459,13307.25,13321.50,13285.50,13310.25,32148,1767,13310.25,13318.25,13284.50,13288.25,20992,1887,13297.50,13363.50,13258.75,13310.25,396267,22659
2023-05-02,NQM3,44791,13290.00,13334.75,13110.25,13169.25,655210,13290.00,13295.00,13278.25,13289.50,2316,697,13290.00,13334.75,13267.75,13299.75,73699,19909,13322.50,13334.75,13293.75,13299.50,28853,8178,13289.50,13305.50,13283.00,13299.75,11564,2356,13299.75,13313.25,13197.75,13212.50,146355,3598,13299.75,13313.25,13110.25,13125.50,327452,8986,13125.50,13221.50,13114.00,13203.25,103863,6972,13203.50,13207.25,13167.75,13203.00,53822,3497,13203.00,13221.00,13170.25,13189.75,69596,3550,13197.50,13203.00,13170.25,13189.75,38557,1781,13189.75,13191.75,13162.50,13169.00,26634,1857,13299.75,13313.25,13110.25,13189.75,554733,23005
2023-05-03,NQM3,44180,13162.00,13314.00,13080.00,13089.00,644034,13162.00,13171.00,13157.00,13164.25,2228,634,13162.00,13231.50,13157.00,13201.25,75330,19044,13192.25,13224.25,13184.00,13215.25,30822,8090,13218.50,13231.50,13195.00,13201.25,13920,2483,13201.25,13242.00,13187.75,13198.00,93282,3593,13201.25,13242.00,13177.25,13209.50,180252,8890,13209.25,13233.75,13188.00,13223.75,62179,6639,13223.25,13314.00,13170.00,13238.00,164591,3596,13237.25,13276.75,13092.50,13098.00,131765,3597,13126.75,13133.75,13092.50,13098.00,55682,1800,13098.00,13132.50,13080.00,13084.75,29714,2390,13201.25,13314.00,13092.50,13098.00,538787,22722
2023-05-04,NQM3,52445,13064.00,13173.00,13001.75,13046.50,650233,13064.00,13087.75,13044.25,13087.00,8968,1738,13064.00,13173.00,13044.25,13079.00,125826,26867,13148.25,13173.00,13089.00,13095.50,47091,10366,13084.25,13103.25,13065.75,13079.00,22070,3093,13079.25,13086.00,13005.00,13013.50,148385,3599,13079.25,13107.25,13001.75,13055.25,261051,8975,13055.25,13131.25,13030.75,13102.00,105887,7050,13102.00,13111.50,13042.50,13060.00,53179,3490,13059.50,13092.75,13038.75,13041.75,75333,3568,13063.00,13092.75,13041.25,13041.75,40389,1793,13041.50,13093.50,13026.25,13044.50,28839,2470,13079.25,13131.25,13001.75,13041.75,495450,23083
2023-05-05,NQM3,45372,13060.00,13359.00,13055.75,13310.50,563685,13060.00,13085.50,13055.75,13084.75,4787,1234,13060.00,13157.50,13055.75,13140.25,98080,20843,13106.00,13140.75,13076.25,13133.25,30686,8223,13131.50,13157.50,13085.25,13140.25,36440,3295,13139.75,13242.00,13124.25,13235.25,132197,3598,13139.75,13277.75,13124.25,13257.75,230009,8929,13257.25,13305.50,13239.00,13303.50,85306,6816,13303.50,13359.00,13295.75,13348.75,60982,3489,13348.50,13353.25,13313.00,13316.00,64176,3501,13340.25,13344.50,13313.00,13316.00,38304,1769,13316.00,13329.25,13307.75,13310.50,25048,1778,13139.75,13359.00,13124.25,13316.00,440473,22735
2023-05-08,NQM3,43105,13316.00,13368.00,13254.50,13336.25,502250,13316.00,13329.75,13310.75,13318.75,3791,997,13316.00,13335.00,13287.75,13297.75,70952,18869,13318.50,13335.00,13297.75,13315.00,24526,6921,13312.50,13317.00,13287.75,13297.75,13809,2460,13298.25,13310.25,13261.25,13270.25,116504,3599,13298.25,13322.25,13254.50,13319.00,217610,8938,13318.75,13354.50,13307.25,13347.50,80680,6816,13347.50,13368.00,13289.00,13360.25,65097,3458,13360.50,13365.50,13337.00,13353.00,49083,3453,13343.50,13363.00,13338.00,13353.00,26347,1747,13352.75,13354.75,13335.00,13336.00,18752,1557,13298.25,13368.00,13254.50,13353.00,412470,22665
2023-05-09,NQM3,41651,13338.50,13347.00,13250.50,13261.25,548380,13338.50,13338.75,13325.25,13333.75,1836,570,13338.50,13347.00,13269.00,13279.25,69957,17706,13324.00,13334.50,13275.00,13286.75,31610,8121,13292.75,13294.00,13269.00,13279.25,16467,2570,13280.00,13317.50,13274.50,13280.25,153804,3598,13280.00,13317.50,13260.00,13264.25,268455,8935,13264.00,13291.00,13256.25,13284.25,85994,6778,13284.50,13294.50,13261.75,13276.25,42941,3264,13276.50,13280.50,13250.50,13257.75,62033,3458,13264.00,13276.00,13250.50,13257.75,38758,1764,13258.25,13272.00,13258.00,13260.00,18946,1493,13280.00,13317.50,13250.50,13257.75,459423,22435
2023-05-10,NQM3,44466,13258.75,13446.75,13202.75,13408.75,833021,13258.75,13273.25,13253.00,13272.00,2524,732,13258.75,13408.50,13202.75,13367.00,140757,19446,13281.75,13285.75,13202.75,13261.25,37214,8332,13258.50,13408.50,13256.50,13367.00,76762,3543,13367.00,13433.75,13321.25,13402.25,194079,3600,13367.00,13433.75,13298.25,13365.75,342683,8964,13366.00,13369.25,13262.25,13312.75,136578,7070,13313.00,13394.25,13308.50,13391.50,84411,3558,13391.50,13446.75,13385.25,13404.75,105004,3579,13431.50,13446.75,13401.75,13404.75,51026,1791,13404.50,13422.75,13404.00,13408.75,23491,1832,13367.00,13446.75,13262.25,13404.75,668676,23171
2023-05-11,NQM3,46509,13410.00,13470.25,13361.50,13447.00,649523,13410.00,13415.00,13403.50,13413.00,2329,618,13410.00,13467.50,13403.50,13427.25,116481,21935,13422.00,13463.75,13404.25,13417.75,42232,9301,13445.00,13467.50,13407.75,13427.25,34392,3240,13427.50,13433.25,13372.25,13404.50,145359,3597,13427.50,13449.75,13361.50,13441.75,282378,8973,13441.25,13459.75,13393.50,13425.50,117420,7004,13425.50,13470.25,13417.00,13463.00,56174,3471,13463.00,13468.00,13430.25,13444.50,58059,3495,13456.50,13457.75,13430.25,13444.50,35489,1778,13444.50,13451.50,13435.50,13447.75,18953,1619,13427.50,13470.25,13361.50,13444.50,514031,22943
2023-05-12,NQM3,44367,13446.00,13494.25,13310.50,13370.50,618592,13446.00,13466.50,13444.75,13463.00,3193,847,13446.00,13494.25,13444.75,13465.75,78146,19584,13473.50,13493.75,13458.00,13466.25,29252,7627,13457.75,13475.00,13453.75,13465.75,12942,2445,13465.50,13487.25,13402.25,13415.00,116918,3593,13465.50,13487.25,13370.00,13403.75,237599,8970,13404.00,13407.75,13315.75,13321.00,151177,7093,13321.00,13346.75,13310.50,13341.00,59563,3469,13340.75,13402.50,13337.25,13396.25,71072,3527,13356.75,13402.50,13356.50,13396.25,45079,1784,13396.25,13398.50,13370.75,13371.25,20961,1707,13465.50,13487.25,13310.50,13396.25,519411,23059
2023-05-15,NQM3,44874,13378.75,13480.00,13350.00,13464.00,492505,13378.75,13378.75,13357.25,13358.50,2850,828,13378.75,13447.50,13350.00,13416.50,85651,20748,13431.25,13447.50,13419.00,13429.00,33536,8009,13423.00,13433.25,13412.50,13416.50,15167,2583,13416.25,13428.25,13351.50,13369.00,108791,3593,13416.25,13448.25,13351.50,13447.50,215194,8927,13447.50,13480.00,13418.00,13449.75,96492,6853,13450.25,13464.25,13442.75,13448.75,38607,3309,13449.00,13467.75,13443.50,13464.00,39063,3388,13459.50,13467.75,13454.75,13464.00,24149,1748,13464.25,13473.25,13459.50,13463.25,17375,1632,13416.25,13480.00,13351.50,13464.00,389356,22477
2023-05-16,NQM3,43420,13461.00,13554.50,13426.25,13503.25,558715,13461.00,13466.75,13456.00,13456.75,1997,651,13461.00,13492.00,13426.25,13436.25,81254,18455,13449.25,13492.00,13438.25,13461.75,31974,7666,13461.00,13480.00,13426.25,13436.25,25103,3023,13436.25,13515.75,13434.50,13494.25,135554,3597,13436.25,13547.75,13434.50,13545.25,250596,8949,13545.50,13554.50,13523.75,13543.75,88020,6879,13543.75,13548.50,13507.25,13535.25,47586,3406,13535.50,13542.00,13481.75,13484.25,64111,3477,13536.75,13539.25,13481.75,13484.25,42135,1753,13484.25,13509.25,13477.25,13502.50,26968,2233,13436.25,13554.50,13434.50,13484.25,450313,22711
2023-05-17,NQM3,45026,13498.50,13669.00,13474.25,13640.75,613221,13498.50,13506.00,13485.50,13495.25,3410,899,13498.50,13526.00,13474.25,13524.00,82866,20177,13495.50,13522.50,13474.25,13515.25,33379,7998,13502.50,13526.00,13494.00,13524.00,18092,2824,13524.00,13540.00,13475.50,13515.00,121650,3599,13524.00,13561.75,13475.50,13552.25,236191,8929,13552.50,13669.00,13537.25,13668.00,146247,7070,13667.75,13668.50,13626.00,13627.50,51364,3433,13627.50,13662.00,13619.00,13638.25,75208,3538,13636.25,13661.00,13630.00,13638.25,41491,1777,13638.25,13653.25,13635.00,13641.50,21228,1862,13524.00,13669.00,13475.50,13638.25,509010,22970
2023-05-18,NQM3,44584,13640.50,13913.00,13628.25,13912.50,738771,13640.50,13645.00,13636.50,13639.75,2468,702,13640.50,13683.25,13628.25,13652.75,93885,19195,13634.00,13683.25,13632.50,13677.75,34193,7558,13670.00,13671.25,13631.50,13652.75,32189,3284,13652.75,13775.75,13651.50,13774.50,157948,3600,13652.75,13855.25,13651.50,13818.50,308016,8986,13818.50,13839.50,13763.50,13767.25,145658,7091,13767.25,13819.00,13756.25,13815.25,58884,3536,13815.50,13901.25,13806.00,13894.25,101087,3568,13843.00,13901.25,13842.25,13894.25,62273,1788,13894.25,13913.00,13887.25,13911.75,31087,2188,13652.75,13901.25,13651.50,13894.25,613645,23181
2023-05-19,NQM3,49291,13908.50,13960.25,13814.25,13841.00,651963,13908.50,13960.25,13899.00,13947.00,12601,1795,13908.50,13960.25,13877.50,13898.50,123332,24484,13902.75,13931.75,13886.25,13901.25,41896,8858,13895.50,13923.25,13888.75,13898.50,27001,3065,13898.25,13929.00,13861.75,13900.75,119563,3600,13898.25,13929.00,13822.25,13860.50,296529,8988,13860.75,13876.00,13821.50,13842.75,113683,6988,13843.25,13851.00,13814.25,13849.75,47346,3444,13850.00,13866.00,13834.25,13859.75,50470,3478,13839.50,13866.00,13834.50,13859.75,29242,1746,13860.00,13860.75,13831.00,13839.25,20507,1890,13898.25,13929.00,13814.25,13859.75,508028,22898
2023-05-22,NQM3,44531,13805.50,13946.75,13794.25,13915.50,531766,13805.50,13842.75,13794.25,13838.50,5774,1191,13805.50,13879.25,13794.25,13850.75,83127,20360,13862.50,13875.75,13824.50,13857.50,30928,7747,13865.50,13869.00,13844.75,13850.75,14101,2448,13851.00,13946.75,13847.00,13906.00,162662,3599,13851.00,13946.75,13847.00,13893.25,249745,8925,13893.50,13924.50,13870.25,13906.00,85511,6805,13906.00,13942.75,13900.50,13924.00,37847,3268,13923.75,13928.25,13884.25,13899.50,52946,3498,13900.50,13908.00,13884.25,13899.50,30597,1762,13899.50,13919.25,13897.00,13914.25,22532,1660,13851.00,13946.75,13847.00,13899.50,426049,22496
2023-05-23,NQM3,47887,13913.25,13979.25,13710.00,13732.75,648245,13913.25,13922.75,13911.50,13918.50,1687,519,13913.25,13979.25,13825.00,13829.50,112100,22850,13917.50,13918.00,13849.00,13853.25,42657,8827,13868.50,13870.00,13825.00,13829.50,23969,2860,13829.50,13878.00,13822.25,13853.75,126258,3596,13829.50,13878.00,13822.25,13863.00,211674,8921,13862.75,13869.25,13765.50,13776.75,138393,7041,13776.75,13792.00,13711.25,13741.25,86023,3550,13741.25,13757.25,13710.00,13730.00,76396,3560,13737.50,13757.25,13723.00,13730.00,42784,1780,13730.00,13736.50,13718.75,13733.50,23544,1948,13829.50,13878.00,13710.00,13730.00,512486,23072
2023-05-24,NQM3,49746,13729.00,13845.75,13566.50,13842.25,694987,13729.00,13745.25,13727.25,13744.00,2717,800,13729.00,13755.75,13627.75,13642.00,113649,23498,13723.75,13731.25,13662.00,13666.00,55409,10675,13670.75,13671.50,13627.75,13642.00,21891,2874,13642.00,13675.00,13586.00,13595.00,144443,3599,13642.00,13675.00,13566.50,13597.50,280244,8949,13597.00,13645.50,13576.25,13633.75,90960,6893,13634.25,13647.75,13601.75,13609.75,56144,3494,13610.00,13705.75,13601.50,13649.25,97461,3566,13678.25,13705.75,13641.00,13649.25,59612,1799,13649.25,13845.75,13641.00,13842.00,56223,3317,13642.00,13705.75,13566.50,13649.25,524809,22902
2023-05-25,NQM3,55106,13877.00,14031.25,13803.00,13981.50,806925,13877.00,13883.75,13803.00,13829.50,20195,2607,13877.00,13976.00,13803.00,13959.25,176802,30019,13872.25,13930.75,13826.75,13928.00,63653,11445,13943.25,13976.00,13923.25,13959.25,35235,3317,13959.50,13965.75,13851.25,13885.50,189316,3600,13959.50,13986.75,13851.25,13941.25,337916,8984,13941.00,14004.25,13937.25,13986.25,117181,7004,13986.25,14031.25,13941.25,13950.25,74452,3551,13950.25,14023.75,13947.25,13977.25,76891,3577,14010.50,14023.75,13973.25,13977.25,44246,1796,13977.25,13993.25,13973.25,13982.50,23619,1954,13959.50,14031.25,13851.25,13977.25,606440,23116
2023-05-26,NQM3,48288,13977.75,14369.00,13924.50,14367.25,715297,13977.75,13988.00,13964.00,13969.50,3770,932,13977.75,14044.75,13924.50,14018.75,112868,23040,13983.50,14044.75,13943.75,14031.75,42699,9545,14024.25,14041.25,13978.50,14018.75,31483,3202,14018.50,14205.00,14014.75,14199.50,155368,3599,14018.50,14301.50,14014.75,14288.75,328274,8993,14288.75,14336.75,14279.50,14318.75,111634,7018,14318.50,14351.75,14294.25,14331.75,50197,3454,14332.00,14368.50,14325.00,14334.50,81854,3560,14351.25,14353.00,14325.00,14334.50,52357,1788,14334.50,14369.00,14329.25,14367.50,30347,2200,14018.50,14368.50,14014.75,14334.50,571959,23025
2023-05-29,NQM3,23594,14437.50,14459.75,14367.50,14404.75,93274,14437.50,14459.75,14400.00,14412.25,9301,1624,14437.50,14459.75,14367.50,14376.25,73111,18621,14426.50,14432.25,14377.75,14380.75,20185,5541,14392.25,14392.50,14367.50,14376.25,5407,1467,14376.50,14384.50,14368.00,14382.25,7562,1778,14376.50,14389.50,14368.00,14377.00,15553,3871,14377.50,14412.25,14375.75,14404.75,4610,1102,,,,,0,0,,,,,0,0,,,,,0,0,,,,,0,0,14376.50,14412.25,14368.00,14404.75,20163,4973
2023-05-30,NQM3,49033,14399.50,14570.00,14336.75,14402.75,779413,14399.50,14409.50,14391.75,14397.50,3425,1030,14399.50,14570.00,14378.50,14513.25,127374,24111,14405.75,14539.75,14396.00,14530.00,63815,11222,14536.00,14549.75,14510.25,14513.25,24128,3009,14513.25,14559.50,14400.00,14415.75,222744,3600,14513.25,14559.50,14400.00,14456.00,352953,8975,14456.25,14462.00,14344.25,14349.25,130941,7116,14349.75,14443.75,14336.75,14428.75,76344,3564,14428.25,14429.25,14371.25,14390.50,69608,3542,14422.25,14426.75,14371.25,14390.50,39143,1775,14390.75,14413.50,14388.75,14408.25,21945,1706,14513.25,14559.50,14336.75,14390.50,629846,23197
2023-05-31,NQM3,49157,14397.25,14429.00,14251.25,14288.75,666911,14397.25,14407.25,14382.50,14405.00,3453,905,14397.25,14429.00,14315.00,14323.75,104559,23970,14343.50,14386.25,14330.25,14340.50,40506,9368,14324.50,14338.00,14315.00,14323.75,18303,2643,14324.50,14412.25,14274.25,14301.75,163024,3598,14324.50,14412.25,14252.75,14287.25,273018,8975,14287.00,14365.00,14251.25,14346.50,118346,7054,14346.75,14360.25,14307.50,14327.25,58638,3527,14327.25,14356.25,14292.50,14302.25,79367,3548,14316.25,14356.25,14292.50,14302.25,53131,1787,14302.25,14314.00,14282.25,14289.00,32817,2059,14324.50,14412.25,14251.25,14302.25,529369,23104
2023-06-01,NQM3,47706,14289.50,14528.25,14248.25,14496.75,610797,14289.50,14299.50,14284.75,14295.75,3001,820,14289.50,14336.50,14248.25,14300.25,104394,22829,14299.75,14336.50,14278.00,14309.25,33049,8206,14290.50,14321.00,14282.00,14300.25,21876,2828,14299.75,14342.00,14252.00,14300.00,149439,3599,14299.75,14421.75,14252.00,14421.00,260427,8969,14420.75,14486.50,14419.50,14484.50,91255,6896,14484.25,14512.75,14474.50,14507.75,43034,3441,14507.50,14528.25,14433.50,14467.75,83780,3557,14488.25,14489.25,14433.50,14467.75,56738,1800,14467.75,14500.00,14467.75,14498.00,27822,1999,14299.75,14528.25,14252.00,14467.75,478496,22863
2023-06-02,NQM3,47064,14494.00,14627.75,14468.25,14587.75,614244,14494.00,14496.25,14487.75,14492.25,1836,651,14494.00,14565.00,14473.00,14542.50,117123,22288,14516.50,14565.00,14497.50,14551.00,43787,9321,14541.00,14548.50,14493.50,14542.50,40366,3402,14542.00,14627.75,14468.25,14521.25,186389,3598,14542.00,14627.75,14468.25,14589.00,291891,8957,14589.00,14609.00,14553.25,14582.25,74699,6854,14582.00,14597.50,14552.75,14587.75,46821,3457,14587.75,14600.50,14565.00,14578.50,60107,3520,14580.75,14590.50,14565.00,14578.50,39269,1778,14578.50,14590.75,14571.75,14588.25,23560,1971,14542.00,14627.75,14468.25,14578.50,473518,22788
2023-06-05,NQM3,46382,14577.00,14694.75,14512.75,14582.25,607894,14577.00,14579.50,14556.25,14567.25,4622,1261,14577.00,14579.50,14512.75,14564.75,85899,21925,14535.25,14575.00,14528.00,14555.75,33082,8177,14554.25,14572.00,14549.00,14564.75,12240,2276,14564.75,14652.25,14562.25,14612.50,155762,3598,14564.75,14688.75,14562.25,14670.50,262884,8943,14670.50,14694.75,14610.00,14632.00,93807,6903,14632.00,14638.75,14544.50,14607.75,78856,3550,14607.50,14613.50,14543.50,14587.25,72494,3559,14592.50,14607.00,14582.00,14587.25,28145,1763,14587.50,14594.00,14583.75,14583.75,13894,1491,14564.75,14694.75,14543.50,14587.25,508041,22955
2023-06-06,NQM3,44139,14582.00,14623.75,14504.50,14594.50,566093,14582.00,14584.00,14564.00,14565.25,2538,765,14582.00,14615.00,14556.50,14566.00,77071,19860,14569.75,14615.00,14564.00,14585.75,29476,7587,14567.75,14585.00,14562.75,14566.00,13763,2346,14565.25,14581.75,14504.50,14574.50,136872,3597,14565.25,14613.50,14504.50,14612.00,248900,8963,14612.00,14623.75,14527.75,14546.75,119266,7018,14546.75,14588.50,14544.75,14584.25,43606,3405,14584.00,14603.00,14560.25,14588.50,60606,3483,14591.50,14601.00,14560.25,14588.50,37148,1770,14588.50,14597.75,14578.00,14593.50,16564,1395,14565.25,14623.75,14504.50,14588.50,472378,22869
2023-06-07,NQM3,44154,14594.50,14675.00,14305.50,14316.00,756556,14594.50,14597.25,14574.75,14579.00,2707,733,14594.50,14614.25,14536.75,14595.75,73784,19070,14568.75,14614.00,14536.75,14613.25,29346,7477,14600.50,14607.50,14590.00,14595.75,12300,2299,14595.00,14675.00,14531.25,14547.25,177606,3598,14595.00,14675.00,14425.50,14429.50,342398,8991,14429.50,14457.00,14340.75,14377.50,154494,7121,14378.00,14408.75,14339.75,14369.00,63917,3560,14368.75,14382.25,14305.50,14333.25,99305,3590,14355.25,14364.50,14305.50,14333.25,63718,1799,14333.25,14336.50,14315.75,14316.75,22569,1802,14595.00,14675.00,14305.50,14333.25,660114,23262
2023-06-08,NQM3,48768,14316.00,14526.75,14256.75,14521.25,610607,14316.00,14334.75,14306.75,14312.25,4128,1042,14316.00,14372.00,14256.75,14341.75,126366,23992,14269.00,14353.25,14261.50,14323.25,42566,8895,14305.00,14372.00,14304.25,14341.75,32994,3063,14341.75,14423.25,14328.00,14414.00,151906,3598,14341.75,14514.75,14328.00,14489.25,265377,8973,14489.00,14523.50,14421.00,14444.50,107627,7013,14444.25,14489.50,14435.75,14486.00,41643,3420,14486.00,14515.50,14479.25,14505.50,50872,3489,14488.25,14515.50,14482.50,14505.50,30293,1765,14505.75,14526.75,14491.75,14520.25,18665,1866,14341.75,14523.50,14328.00,14505.50,465519,22895
2023-06-09,NQM3,42139,14517.00,14687.50,14460.25,14566.25,518929,14517.00,14520.50,14503.75,14509.75,1866,555,14517.00,14564.75,14460.25,14563.00,69827,17989,14497.50,14530.00,14460.25,14516.25,30544,7933,14527.50,14564.75,14525.00,14563.00,14398,2572,14562.50,14687.50,14557.00,14668.75,125950,3599,14562.50,14687.50,14530.75,14538.25,267853,8972,14537.75,14615.25,14496.25,14603.75,93911,6928,14604.00,14614.75,14560.50,14583.25,35173,3345,14583.50,14586.75,14538.25,14552.50,39376,3410,14567.50,14571.75,14538.25,14552.50,21058,1708,14552.75,14571.75,14549.50,14566.00,12726,1480,14562.50,14687.50,14496.25,14552.50,436313,22655
2023-06-12,NQM3,38436,14560.25,15011.50,14554.25,15009.50,389872,14560.25,14608.50,14554.25,14598.25,3539,947,14560.25,14823.50,14554.25,14804.75,50982,14517,14612.75,14820.00,14601.25,14627.50,19991,6132,14792.75,14823.50,14792.25,14804.75,12059,2098,14804.50,14819.25,14764.00,14808.25,102585,3596,14804.50,14856.25,14764.00,14850.00,169189,8825,14850.50,14895.25,14831.00,14892.75,49980,6279,14892.75,14936.25,14882.75,14933.25,30185,3203,14933.00,14983.75,14923.00,14980.50,61496,3535,14954.75,14983.75,14947.00,14980.50,30598,1763,14980.75,15011.50,14978.00,15008.50,27935,2064,14804.50,14983.75,14764.00,14980.50,310850,21842
2023-06-13,NQU3,44818,15006.50,15151.25,14963.00,15107.50,614238,15006.50,15024.00,14997.25,15022.00,2438,714,15006.50,15151.25,14979.50,15097.00,119275,20283,15068.00,15083.50,15004.50,15013.25,32768,7712,15035.50,15151.25,14979.50,15097.00,52522,3367,15097.00,15130.00,14963.00,14990.00,168757,3600,15097.00,15130.00,14963.00,15059.25,275780,8982,15059.00,15115.75,15038.50,15087.00,91244,6953,15087.25,15096.00,15012.00,15065.75,59145,3555,15066.00,15096.75,15059.25,15094.50,52132,3524,15072.25,15096.75,15061.50,15094.50,27426,1771,15094.75,15111.75,15089.00,15108.75,16576,1509,15097.00,15130.00,14963.00,15094.50,478301,23014
2023-06-14,NQU3,43949,15110.25,15243.50,14976.00,15233.50,664659,15110.25,15119.75,15104.50,15117.75,2371,694,15110.25,15152.00,15081.00,15093.50,77526,18605,15084.25,15152.00,15082.25,15119.00,30327,7551,15125.00,15146.00,15085.00,15093.50,22754,2890,15093.75,15171.75,15052.50,15145.75,111189,3593,15093.75,15216.00,15052.50,15166.25,202404,8927,15166.50,15189.75,15116.25,15135.00,74698,6782,15135.50,15168.25,14976.00,15135.25,164808,3597,15134.75,15213.25,15097.50,15192.50,116358,3590,15152.75,15194.25,15097.50,15192.50,51604,1793,15192.75,15243.50,15191.25,15231.00,28742,2424,15093.75,15216.00,14976.00,15192.50,558268,22896
2023-06-15,NQU3,49242,15222.00,15441.00,15066.00,15367.75,680711,15222.00,15229.00,15214.00,15222.00,2443,795,15222.00,15229.00,15066.00,15138.50,120012,24066,15173.00,15194.25,15081.75,15096.50,42706,9794,15095.00,15149.75,15066.00,15138.50,38706,3333,15138.50,15270.25,15114.50,15259.00,153032,3599,15138.50,15324.50,15114.50,15307.25,273418,8972,15308.00,15360.00,15262.00,15350.00,94869,7015,15350.00,15441.00,15322.50,15430.75,70994,3580,15430.75,15437.00,15358.50,15359.00,93067,3590,15407.75,15422.75,15358.50,15359.00,50949,1796,15359.00,15386.50,15351.00,15369.00,28244,2005,15138.50,15441.00,15114.50,15359.00,532348,23157
2023-06-16,NQU3,48887,15368.00,15475.50,15258.50,15300.75,612396,15368.00,15375.00,15351.75,15355.75,4131,979,15368.00,15472.75,15315.00,15459.25,119773,23977,15361.00,15424.00,15336.00,15403.50,46643,9485,15430.00,15472.75,15401.50,15459.25,31439,3057,15459.75,15475.50,15333.00,15403.50,146948,3597,15459.75,15475.50,15324.25,15373.00,250918,8979,15373.50,15416.00,15352.50,15372.00,93419,6989,15372.25,15378.50,15312.00,15314.25,44853,3450,15314.50,15324.50,15265.50,15269.50,79960,3577,15294.75,15324.50,15265.50,15269.50,46271,1794,15269.75,15313.25,15258.50,15299.50,23405,1897,15459.75,15475.50,15265.50,15269.50,469150,22995
2023-06-19,NQU3,23539,15303.25,15322.50,15230.50,15239.25,84818,15303.25,15322.50,15301.75,15317.25,3675,866,15303.25,15322.50,15234.00,15252.25,58016,17395,15283.50,15305.75,15238.25,15242.75,24228,6609,15246.50,15264.50,15245.50,15252.25,5238,1608,15252.25,15253.00,15230.50,15244.50,11743,2351,15252.25,15253.00,15230.50,15246.25,22261,4875,15246.75,15250.50,15237.00,15239.25,4541,1269,,,,,0,0,,,,,0,0,,,,,0,0,,,,,0,0,15252.25,15253.00,15230.50,15239.25,26802,6144
2023-06-20,NQU3,46641,15244.50,15310.75,15126.50,15244.25,555769,15244.50,15252.50,15235.25,15237.00,2035,642,15244.50,15257.75,15168.75,15217.25,95990,21932,15229.75,15251.25,15168.75,15225.50,41560,9292,15238.00,15255.00,15207.25,15217.25,18954,2817,15217.00,15310.75,15131.00,15132.50,149577,3599,15217.00,15310.75,15126.50,15167.25,250841,8972,15167.25,15285.50,15159.00,15235.25,102328,7029,15235.25,15269.75,15229.50,15247.50,37318,3435,15247.50,15287.50,15229.25,15258.00,51243,3478,15253.50,15287.50,15240.75,15258.00,32675,1767,15258.00,15260.50,15230.00,15245.50,17990,1783,15217.00,15310.75,15126.50,15258.00,441730,22914
2023-06-21,NQU3,45472,15247.50,15273.25,15002.25,15038.00,625766,15247.50,15254.25,15239.00,15242.25,2220,647,15247.50,15273.25,15181.75,15200.25,85122,20445,15231.00,15259.75,15215.00,15229.25,29057,7786,15201.00,15217.50,15181.75,15200.25,20117,2902,15200.50,15219.25,15076.00,15089.50,142834,3599,15200.50,15219.25,15002.25,15032.75,281617,8989,15032.75,15094.50,15025.75,15089.50,101270,7058,15089.75,15149.75,15082.75,15130.75,58688,3551,15131.00,15131.00,15033.25,15040.00,76440,3553,15099.00,15100.50,15033.25,15040.00,47949,1790,15040.50,15061.75,15035.75,15037.25,22465,1860,15200.50,15219.25,15002.25,15040.00,518015,23151
2023-06-22,NQU3,49136,15038.75,15238.00,14964.00,15233.25,602196,15038.75,15049.25,15024.25,15032.25,3243,1008,15038.75,15058.00,14970.00,14982.00,112632,23927,14991.25,15024.00,14970.00,14995.50,47226,9633,14991.50,15023.75,14974.50,14982.00,22635,2938,14982.00,15149.00,14964.00,15133.50,137797,3598,14982.00,15181.00,14964.00,15156.25,265337,8981,15156.00,15160.25,15082.50,15154.75,95836,7021,15154.25,15191.00,15135.50,15190.50,43989,3464,15190.25,15217.75,15148.25,15216.00,61274,3554,15162.25,15217.75,15148.25,15216.00,37189,1788,15216.25,15238.00,15206.25,15235.00,23022,2169,14982.00,15217.75,14964.00,15216.00,466436,23020
2023-06-23,NQU3,49358,15236.00,15236.00,14985.25,15053.25,610938,15236.00,15236.00,15226.25,15228.00,1897,665,15236.00,15236.00,15019.00,15041.75,116571,24464,15153.50,15176.00,15090.75,15126.00,44250,9509,15104.75,15104.75,15019.00,15041.75,30917,3127,15041.75,15087.75,14985.25,15044.25,140342,3600,15041.75,15087.75,14985.25,15058.00,241079,8976,15058.00,15155.25,15055.25,15128.00,95639,7001,15127.75,15134.00,15048.75,15060.00,55594,3508,15059.50,15087.50,15030.25,15061.25,77893,3575,15063.00,15087.50,15050.50,15061.25,42371,1783,15061.25,15073.50,15038.50,15053.50,24117,1818,15041.75,15155.25,14985.25,15061.25,470205,23060
2023-06-26,NQU3,48424,15057.75,15152.50,14853.50,14872.75,641699,15057.75,15099.75,15054.25,15097.50,5541,1308,15057.75,15114.00,14998.75,15038.00,92761,23260,15070.50,15072.25,14998.75,15043.25,40857,9426,15060.00,15068.50,15036.25,15038.00,12577,2323,15038.00,15152.50,15024.50,15124.25,111569,3600,15038.00,15152.50,14978.00,15012.50,258488,8992,15013.25,15015.25,14878.50,14905.00,145446,7146,14905.00,14949.00,14892.75,14932.00,49419,3524,14932.25,14948.00,14854.75,14855.00,69365,3540,14920.00,14933.00,14854.75,14855.00,47209,1788,14855.00,14891.75,14853.50,14873.00,26117,1945,15038.00,15152.50,14854.75,14855.00,522718,23202
2023-06-27,NQU3,46139,14875.00,15139.25,14862.25,15088.50,558233,14875.00,14883.50,14862.25,14878.50,2737,810,14875.00,14937.25,14862.25,14921.00,81315,21374,14904.25,14935.75,14896.25,14905.50,29016,7974,14908.75,14937.25,14898.75,14921.00,16719,2827,14920.50,14979.00,14888.00,14943.75,141135,3598,14920.50,15013.50,14888.00,15007.00,256770,8974,15007.00,15115.25,15002.75,15114.50,101644,7057,15114.50,15134.00,15101.25,15107.00,44187,3488,15106.75,15139.25,15101.00,15108.00,52235,3507,15136.25,15139.25,15101.00,15108.00,33023,1770,15108.50,15116.25,15085.25,15088.75,21995,1723,14920.50,15139.25,14888.00,15108.00,454836,23026
2023-06-28,NQU3,48176,15088.25,15219.00,15021.25,15156.50,654756,15088.25,15092.75,15052.00,15055.50,6487,1583,15088.25,15092.75,15021.25,15030.50,96165,23051,15061.00,15088.75,15021.25,15049.50,38365,8658,15058.00,15062.25,15028.25,15030.50,12734,2237,15031.00,15144.75,15025.50,15141.00,156269,3600,15031.00,15207.25,15025.50,15181.00,281804,8979,15181.25,15219.00,15058.75,15102.25,145052,7114,15102.75,15148.50,15100.00,15122.50,40888,3474,15122.50,15128.75,15065.25,15123.50,60492,3544,15105.50,15128.75,15094.00,15123.50,30334,1773,15123.75,15179.50,15120.00,15156.00,30267,1993,15031.00,15219.00,15025.50,15123.50,528236,23111
2023-06-29,NQU3,46146,15161.00,15202.75,15028.50,15108.25,585904,15161.00,15184.50,15155.75,15182.00,3607,1039,15161.00,15202.75,15101.25,15115.75,102469,21573,15137.50,15197.00,15114.75,15180.50,34010,8306,15191.50,15202.75,15101.25,15115.75,37939,3275,15116.50,15144.75,15035.25,15070.25,153382,3600,15116.50,15144.75,15028.50,15121.00,272377,8983,15121.00,15139.75,15056.50,15061.00,94434,6972,15061.00,15079.75,15037.00,15076.75,46617,3446,15076.75,15107.00,15059.00,15098.75,50613,3475,15078.75,15107.00,15063.50,15098.75,31030,1756,15098.75,15117.25,15097.25,15109.25,19340,1682,15116.50,15144.75,15028.50,15098.75,464041,22876
2023-06-30,NQU3,45033,15106.00,15376.75,15099.00,15316.50,517132,15106.00,15111.50,15099.00,15107.00,1886,621,15106.00,15263.75,15099.00,15253.00,101176,20419,15126.00,15185.00,15120.75,15172.00,28063,7443,15186.50,15263.75,15180.00,15253.00,40306,3280,15253.25,15376.75,15238.50,15354.00,119695,3600,15253.25,15376.75,15238.50,15308.00,217407,8961,15308.75,15361.25,15303.00,15354.75,73753,6789,15354.75,15363.75,15334.00,15344.25,35326,3308,15344.25,15369.25,15329.25,15345.25,58473,3511,15355.75,15369.25,15338.50,15345.25,37352,1769,15345.00,15346.00,15307.50,15317.25,30907,2024,15253.25,15376.75,15238.50,15345.25,384959,22569
2023-07-03,NQU3,32919,15331.00,15392.00,15308.00,15357.00,261146,15331.00,15362.50,15330.50,15336.75,5446,1349,15331.00,15392.00,15330.50,15348.75,81312,20011,15351.00,15392.00,15336.25,15338.25,32769,7804,15347.25,15359.75,15334.25,15348.75,15281,2686,15348.75,15390.00,15337.25,15356.25,76003,3582,15348.75,15390.00,15308.00,15319.25,141972,8826,15318.75,15367.00,15316.00,15357.00,37862,4082,,,,,0,0,,,,,0,0,,,,,0,0,,,,,0,0,15348.75,15390.00,15308.00,15357.00,179834,12908
2023-07-04,NQU3,15375,15357.00,15368.50,15334.25,15344.50,44151,15357.00,15359.25,15335.50,15340.25,1474,493,15357.00,15364.75,15334.25,15363.50,29459,10955,15346.75,15361.00,15340.75,15350.25,10503,3898,15356.00,15364.75,15351.75,15363.50,3516,1158,15363.50,15368.50,15349.00,15350.75,5517,1610,15363.50,15368.50,15345.25,15349.50,11417,3460,15349.50,15350.75,15340.50,15344.50,3275,960,,,,,0,0,,,,,0,0,,,,,0,0,,,,,0,0,15363.50,15368.50,15340.50,15344.50,14692,4420
2023-07-05,NQU3,44028,15345.25,15432.00,15255.25,15354.50,471458,15345.25,15351.00,15341.25,15344.25,1891,523,15345.25,15356.50,15255.25,15291.75,81089,20061,15293.25,15316.50,15255.25,15271.75,36920,8863,15271.75,15296.00,15267.00,15291.75,14112,2632,15291.50,15423.50,15291.50,15412.50,120432,3593,15291.50,15432.00,15291.50,15355.25,211923,8934,15355.25,15380.00,15338.25,15369.25,70985,6663,15369.50,15388.00,15324.25,15374.50,54664,3491,15374.50,15392.00,15360.50,15365.25,38944,3421,15387.25,15392.00,15360.50,15365.25,24685,1745,15365.25,15365.50,15351.00,15354.50,13814,1447,15291.50,15432.00,15291.50,15365.25,376516,22509
2023-07-06,NQU3,49649,15353.75,15366.00,15111.50,15222.25,563333,15353.75,15360.00,15350.75,15351.75,1620,565,15353.75,15366.00,15164.50,15193.00,149445,25204,15293.00,15307.00,15264.50,15287.25,39284,9254,15253.00,15260.50,15164.50,15193.00,57836,3493,15193.25,15214.25,15111.50,15150.00,135241,3597,15193.25,15214.25,15111.50,15155.25,228112,8958,15155.50,15236.75,15155.00,15234.25,88236,6944,15234.25,15252.00,15211.25,15249.50,36175,3397,15249.50,15251.25,15222.75,15244.50,43621,3459,15235.00,15247.25,15222.75,15244.50,27058,1755,15244.25,15245.00,15215.75,15222.75,17705,1678,15193.25,15252.00,15111.50,15244.50,396144,22758
2023-07-07,NQU3,45860,15211.75,15359.75,15172.25,15192.50,545665,15211.75,15228.75,15211.75,15225.50,2249,725,15211.75,15314.00,15176.50,15223.75,133475,21549,15208.25,15228.25,15176.50,15206.00,34150,8371,15215.00,15314.00,15183.50,15223.75,67815,3491,15223.75,15278.00,15188.75,15227.25,104332,3594,15223.75,15281.25,15179.50,15281.25,188007,8867,15281.00,15359.75,15278.50,15329.50,94744,6839,15329.00,15332.00,15292.00,15300.75,33327,3337,15300.75,15303.25,15172.25,15180.00,74889,3515,15252.25,15263.25,15172.25,15180.00,49338,1791,15180.25,15204.75,15178.25,15191.50,21157,1738,15223.75,15359.75,15172.25,15180.00,390967,22558
2023-07-10,NQU3,51308,15198.50,15218.25,15063.25,15193.00,596653,15198.50,15198.50,15152.75,15191.50,9451,1764,15198.50,15198.50,15078.00,15167.25,126343,26703,15095.25,15179.75,15083.25,15176.25,40297,9131,15179.50,15183.50,15153.50,15167.25,19027,2801,15166.75,15214.75,15085.50,15179.50,142462,3598,15166.75,15214.75,15085.50,15118.75,252677,8958,15118.75,15181.00,15063.25,15150.25,112479,7007,15150.75,15192.50,15134.00,15188.25,41660,3443,15188.25,15191.25,15149.00,15184.50,43893,3450,15172.75,15185.75,15149.00,15184.50,26178,1742,15184.75,15218.25,15182.25,15193.00,19522,1727,15166.75,15214.75,15063.25,15184.50,450709,22858
2023-07-11,NQU3,45904,15195.75,15278.75,15109.50,15262.50,547676,15195.75,15196.00,15179.25,15190.50,2325,746,15195.75,15239.75,15176.00,15204.75,83882,21344,15232.50,15233.25,15179.25,15226.25,32801,8452,15224.25,15239.75,15199.75,15204.75,16063,2672,15204.25,15233.50,15109.50,15173.25,139603,3597,15204.25,15233.50,15109.50,15231.75,249617,8968,15232.00,15250.00,15175.25,15203.00,91828,6933,15203.00,15214.25,15157.00,15213.00,43099,3451,15212.75,15278.75,15196.75,15258.25,61789,3451,15217.75,15278.75,15203.50,15258.25,43088,1765,15258.75,15266.50,15250.00,15263.75,17367,1744,15204.25,15278.75,15109.50,15258.25,446333,22803
2023-07-12,NQU3,44609,15258.00,15507.75,15254.50,15458.25,640656,15258.00,15273.50,15255.25,15272.00,2264,684,15258.00,15438.00,15254.50,15428.50,124258,20009,15277.25,15316.50,15269.00,15312.00,24543,6986,15309.75,15438.00,15308.25,15428.50,67518,3496,15428.75,15507.75,15408.50,15487.25,132956,3598,15428.75,15507.75,15344.00,15358.00,279225,8976,15357.50,15461.50,15349.00,15455.50,113145,7014,15455.50,15478.00,15441.00,15454.00,40474,3415,15453.75,15472.00,15421.25,15436.75,64016,3531,15440.75,15464.00,15436.50,15436.75,34924,1780,15436.75,15465.75,15436.50,15458.50,19467,1648,15428.75,15507.75,15344.00,15436.75,496860,22936
2023-07-13,NQU3,46900,15457.75,15741.25,15456.50,15699.75,552884,15457.75,15485.50,15456.50,15472.25,4008,965,15457.75,15581.25,15456.50,15575.00,109478,22442,15505.75,15559.75,15498.25,15550.50,34921,8606,15556.00,15581.25,15528.00,15575.00,32397,3221,15574.75,15621.50,15552.25,15572.75,118515,3599,15574.75,15635.50,15552.25,15632.75,214642,8912,15632.25,15671.75,15624.75,15657.50,86486,6771,15657.50,15686.50,15656.75,15681.75,46563,3392,15681.75,15741.25,15679.00,15711.50,73514,3532,15717.75,15741.25,15705.25,15711.50,40779,1783,15711.75,15717.00,15693.50,15699.25,22149,1837,15574.75,15741.25,15552.25,15711.50,421205,22607
2023-07-14,NQU3,46579,15699.00,15857.25,15663.00,15693.75,620808,15699.00,15716.00,15696.75,15708.00,2479,836,15699.00,15738.50,15680.00,15717.00,94038,21763,15699.25,15738.50,15685.75,15711.50,38483,8324,15718.75,15724.50,15702.00,15717.00,15558,2671,15716.25,15857.25,15715.00,15828.50,136556,3599,15716.25,15857.25,15715.00,15816.50,266751,8964,15817.50,15819.75,15724.75,15739.75,113033,7077,15739.50,15763.50,15695.25,15696.25,52071,3469,15696.50,15700.75,15663.00,15684.25,72710,3575,15669.25,15700.75,15663.00,15684.25,34863,1785,15684.25,15711.25,15680.75,15696.00,22156,1714,15716.25,15857.25,15663.00,15684.25,504565,23085
2023-07-17,NQU3,43955,15690.00,15882.75,15661.50,15826.25,513749,15690.00,15690.25,15675.00,15677.75,4332,1099,15690.00,15728.50,15661.50,15726.25,80852,19696,15694.75,15728.50,15678.75,15690.00,33131,7906,15695.75,15727.50,15685.75,15726.25,15907,2523,15726.50,15781.50,15708.75,15751.50,116443,3595,15726.50,15811.00,15708.75,15808.75,217744,8942,15808.75,15821.00,15760.25,15820.25,83265,6799,15820.50,15835.75,15807.50,15824.75,36760,3377,15825.00,15882.75,15823.00,15837.25,74009,3510,15865.00,15870.00,15833.25,15837.25,37628,1763,15837.50,15845.75,15821.50,15827.00,21045,1615,15726.50,15882.75,15708.75,15837.25,411778,22628
2023-07-18,NQU3,44065,15832.00,16029.75,15733.00,15948.25,623544,15832.00,15834.75,15816.00,15818.50,2468,678,15832.00,15843.75,15796.00,15808.00,81623,19346,15823.50,15843.75,15811.25,15819.25,24955,6951,15825.75,15837.75,15796.00,15808.00,25413,3009,15808.25,15816.00,15733.00,15773.00,131523,3596,15808.25,15889.00,15733.00,15878.00,260242,8956,15878.00,15952.00,15867.75,15950.50,125735,7002,15950.25,16012.50,15948.75,16004.50,57748,3511,16004.75,16029.75,15970.25,15972.00,72325,3536,16009.75,16018.25,15970.25,15972.00,43062,1784,15972.25,15979.75,15948.00,15948.00,25822,1700,15808.25,16029.75,15733.00,15972.00,516050,23005
2023-07-19,NQU3,45818,15949.25,16062.75,15911.25,15939.50,674090,15949.25,15964.50,15945.00,15959.75,2945,802,15949.25,16017.50,15945.00,16013.75,84551,20595,15986.00,16009.75,15964.00,15992.75,36476,8798,15998.75,16017.50,15997.50,16013.75,15636,2581,16013.00,16037.00,15971.00,15992.00,138771,3599,16013.00,16049.75,15971.00,16023.50,272937,8966,16023.75,16062.75,15927.00,15946.75,168687,7080,15946.50,15954.75,15911.25,15951.50,50250,3495,15951.00,16000.00,15949.50,15957.00,60882,3527,15982.25,15983.50,15955.50,15957.00,33573,1769,15957.50,15975.50,15920.25,15941.25,36676,2135,16013.00,16062.75,15911.25,15957.00,552756,23068
2023-07-20,NQU3,51187,15922.75,15925.75,15547.00,15596.25,795767,15922.75,15925.75,15845.25,15857.75,12288,2088,15922.75,15925.75,15805.25,15836.50,126121,26020,15850.00,15870.00,15817.25,15866.75,45668,9846,15857.25,15858.00,15805.25,15836.50,26631,2996,15836.25,15895.00,15745.25,15746.75,164713,3600,15836.25,15895.00,15699.25,15743.75,317903,8993,15744.00,15782.00,15679.25,15695.25,131832,7133,15695.00,15696.50,15605.25,15605.25,85374,3578,15605.25,15620.50,15547.00,15595.75,109309,3591,15551.75,15613.75,15550.25,15595.75,58028,1798,15595.50,15604.25,15587.00,15599.00,25162,1854,15836.25,15895.00,15547.00,15595.75,644418,23295
2023-07-21,NQU3,48653,15590.75,15719.25,15522.25,15555.00,693652,15590.75,15602.25,15575.25,15581.75,4324,1214,15590.75,15717.50,15554.50,15690.75,106531,23661,15620.50,15676.75,15611.50,15650.50,39215,9028,15689.25,15717.50,15685.50,15690.75,22593,2868,15691.25,15719.25,15554.00,15559.50,160720,3599,15691.25,15719.25,15549.00,15602.00,297806,8987,15602.25,15654.50,15555.00,15648.50,118577,7117,15648.50,15650.25,15573.00,15578.00,55090,3530,15577.75,15578.25,15522.25,15538.75,90256,3580,15554.50,15568.25,15526.75,15538.75,49079,1793,15538.50,15556.50,15536.50,15554.25,25298,1758,15691.25,15719.25,15522.25,15538.75,561729,23214
2023-07-24,NQU3,45395,15556.00,15618.75,15483.75,15569.00,553073,15556.00,15571.00,15543.75,15545.50,4102,1056,15556.00,15594.25,15527.00,15574.75,82883,20928,15535.25,15594.25,15535.25,15579.75,34646,8010,15571.50,15585.00,15564.50,15574.75,9996,2074,15574.25,15618.75,15483.75,15587.00,156224,3596,15574.25,15618.75,15483.75,15559.25,270740,8980,15559.00,15591.25,15533.25,15585.75,88243,6955,15585.25,15597.75,15539.25,15564.75,39963,3415,15565.00,15573.75,15525.25,15555.25,54062,3509,15527.50,15560.00,15525.25,15555.25,32091,1776,15555.50,15575.00,15554.75,15570.00,17096,1590,15574.25,15618.75,15483.75,15555.25,453008,22859
2023-07-25,NQU3,44513,15570.00,15736.25,15549.25,15727.00,542184,15570.00,15570.75,15560.00,15564.50,1626,489,15570.00,15629.25,15549.25,15588.75,75026,19093,15587.00,15629.25,15577.75,15615.00,34361,8365,15608.75,15613.50,15581.25,15588.75,13644,2317,15588.75,15672.25,15587.75,15633.25,118419,3599,15588.75,15686.00,15587.75,15669.75,224600,8958,15669.75,15709.25,15654.25,15689.00,83134,6778,15688.75,15736.25,15684.25,15689.75,47915,3424,15690.00,15719.75,15667.75,15674.75,59901,3531,15698.25,15709.75,15667.75,15674.75,34220,1767,15674.75,15731.00,15610.00,15724.75,51204,2703,15588.75,15736.25,15587.75,15674.75,415550,22691
2023-07-26,NQU3,48111,15730.25,15739.25,15515.00,15625.00,676819,15730.25,15739.25,15620.00,15645.75,17733,2396,15730.25,15739.25,15606.25,15618.75,101945,22951,15665.50,15678.00,15620.00,15628.00,33230,8623,15630.50,15641.00,15613.00,15618.75,16197,2590,15619.00,15639.25,15566.00,15611.75,124223,3593,15619.00,15639.25,15515.00,15587.25,238837,8956,15587.50,15598.50,15541.00,15558.50,62216,6574,15559.25,15684.50,15534.75,15622.25,125973,3583,15622.75,15646.25,15519.75,15606.50,112813,3596,15568.75,15636.50,15558.00,15606.50,46318,1798,15606.50,15710.50,15605.50,15626.25,34926,2430,15619.00,15684.50,15515.00,15606.50,539839,22709
2023-07-27,NQU3,50373,15638.75,15904.00,15511.25,15584.25,829712,15638.75,15648.75,15631.50,15643.25,3609,837,15638.75,15844.50,15631.50,15830.50,125034,25164,15716.75,15818.00,15712.00,15815.00,47177,9916,15831.25,15844.50,15808.00,15830.50,27784,3206,15830.50,15904.00,15775.00,15778.50,164677,3598,15830.50,15904.00,15762.00,15788.00,306621,8978,15788.50,15856.75,15703.75,15721.25,158554,7136,15721.50,15735.75,15551.75,15557.25,114293,3596,15557.25,15617.25,15511.25,15579.25,102810,3594,15576.75,15589.25,15511.25,15579.25,54431,1797,15579.50,15597.00,15560.50,15587.00,22317,1887,15830.50,15904.00,15511.25,15579.25,682278,23304
2023-07-28,NQU3,53582,15580.00,15896.00,15546.25,15846.00,673025,15580.00,15593.00,15568.25,15591.75,3948,1010,15580.00,15762.00,15546.25,15739.25,148188,28741,15634.50,15718.50,15630.25,15715.75,43874,10035,15735.50,15762.00,15721.00,15739.25,30308,3281,15739.00,15829.25,15715.75,15802.00,141478,3596,15739.00,15895.25,15715.75,15891.50,261247,8966,15892.00,15896.00,15774.50,15832.50,122148,7046,15833.00,15881.75,15820.75,15863.25,55788,3506,15863.25,15879.75,15830.00,15845.75,63733,3521,15861.00,15868.50,15830.00,15845.75,41297,1787,15846.00,15852.50,15833.50,15843.75,21874,1790,15739.00,15896.00,15715.75,15845.75,502916,23039
2023-07-31,NQU3,50231,15850.00,15917.00,15791.25,15869.00,517387,15850.00,15917.00,15841.00,15899.25,9473,1779,15850.00,15917.00,15791.25,15859.50,110531,25904,15825.00,15873.75,15807.00,15873.00,29224,7913,15873.00,15895.25,15856.00,15859.50,18634,2881,15860.00,15905.00,15805.25,15853.50,126510,3591,15860.00,15905.00,15805.25,15844.25,216922,8928,15844.25,15863.00,15809.25,15838.00,72959,6806,15837.75,15858.50,15820.50,15850.75,35261,3348,15850.75,15853.00,15800.25,15849.50,59280,3516,15829.25,15851.75,15800.25,15849.50,38367,1784,15850.00,15876.25,15849.75,15868.25,22397,1717,15860.00,15905.00,15800.25,15849.50,384422,22598
2023-08-01,NQU3,46665,15869.25,15889.25,15728.25,15808.50,520172,15869.25,15877.50,15857.50,15860.75,2516,814,15869.25,15889.25,15755.75,15797.25,96041,22137,15844.50,15848.75,15766.50,15771.00,46154,9910,15767.00,15798.75,15755.75,15797.25,19432,3016,15797.00,15815.25,15728.25,15776.25,138015,3599,15797.00,15836.50,15728.25,15820.00,244363,8925,15820.50,15844.00,15778.00,15828.75,79848,6823,15828.75,15846.50,15819.00,15834.50,37157,3305,15834.50,15849.25,15813.50,15818.25,42489,3406,15832.25,15845.50,15813.50,15818.25,27538,1754,15818.25,15826.50,15800.25,15810.50,20196,2052,15797.00,15849.25,15728.25,15818.25,403857,22459
2023-08-02,NQU3,55615,15757.00,15789.75,15414.00,15451.00,753885,15757.00,15758.50,15684.00,15756.00,12490,1857,15757.00,15789.75,15590.25,15665.00,172707,30323,15675.00,15719.75,15590.25,15698.00,74949,12257,15685.75,15699.00,15653.50,15665.00,28865,3276,15665.75,15669.50,15524.50,15547.00,160980,3597,15665.75,15669.50,15452.50,15455.75,300077,8982,15456.00,15509.00,15414.00,15471.50,131342,7099,15471.25,15514.50,15466.50,15488.75,43905,3492,15488.25,15506.75,15432.25,15481.50,77252,3554,15438.75,15484.00,15432.25,15481.50,45618,1793,15481.25,15481.50,15446.25,15451.75,28420,2146,15665.75,15669.50,15414.00,15481.50,552576,23127
2023-08-03,NQU3,55163,15455.75,15551.75,15339.50,15447.50,651407,15455.75,15488.75,15451.00,15488.75,4533,1298,15455.75,15507.50,15339.50,15360.50,163517,29380,15407.50,15445.50,15339.50,15405.00,75124,12429,15377.25,15409.50,15353.25,15360.50,34198,3354,15360.25,15466.75,15351.00,15361.75,136260,3600,15360.25,15486.25,15351.00,15452.75,249730,8970,15452.75,15523.50,15441.75,15457.50,85543,6852,15458.00,15481.00,15438.50,15473.00,41516,3459,15473.00,15477.25,15415.25,15451.25,53453,3527,15441.00,15465.00,15427.75,15451.25,27227,1763,15451.25,15551.75,15410.75,15448.25,57548,2954,15360.25,15523.50,15351.00,15451.25,430242,22808
2023-08-04,NQU3,52042,15441.00,15610.25,15336.50,15362.75,761900,15441.00,15484.00,15431.00,15476.25,6518,1465,15441.00,15562.50,15401.75,15510.25,163047,26985,15532.50,15558.25,15432.00,15452.75,48411,10319,15471.25,15536.75,15401.75,15510.25,60718,3447,15511.00,15583.50,15392.75,15459.25,174975,3600,15511.00,15583.50,15392.75,15569.00,287768,8962,15569.75,15610.25,15516.00,15523.75,98650,6953,15523.75,15527.00,15359.00,15377.75,110343,3597,15377.25,15409.00,15336.50,15352.25,79708,3586,15373.50,15391.25,15336.50,15352.25,43356,1792,15352.50,15377.25,15346.00,15364.50,22272,1938,15511.00,15610.25,15336.50,15352.25,576469,23098
2023-08-07,NQU3,49359,15370.50,15495.50,15334.25,15490.50,572075,15370.50,15398.75,15357.75,15397.00,5865,1319,15370.50,15466.50,15357.75,15435.75,110147,24933,15418.75,15466.50,15394.75,15416.75,42850,9466,15397.75,15451.75,15397.25,15435.75,16319,2681,15435.75,15473.25,15357.00,15416.25,146972,3598,15435.75,15473.25,15334.25,15409.25,268666,8983,15409.25,15447.50,15391.75,15445.00,86874,6921,15445.00,15461.00,15421.25,15447.25,39656,3440,15447.50,15491.25,15435.50,15483.25,48958,3437,15446.50,15491.25,15435.50,15483.25,31899,1748,15483.50,15495.50,15479.75,15490.50,17684,1630,15435.75,15491.25,15334.25,15483.25,444154,22781
2023-08-08,NQU3,50506,15495.00,15497.75,15218.00,15351.00,630918,15495.00,15497.75,15481.00,15485.00,2922,822,15495.00,15497.75,15318.75,15374.75,127830,25957,15406.25,15444.75,15348.50,15368.50,51716,10836,15367.50,15393.50,15357.25,15374.75,22749,2980,15375.00,15379.75,15244.00,15285.50,154679,3600,15375.00,15379.75,15218.00,15238.25,278479,8985,15238.25,15305.75,15228.50,15298.00,96229,7021,15297.50,15345.00,15285.75,15336.75,46451,3459,15336.25,15370.00,15313.50,15355.75,64683,3522,15335.50,15370.00,15313.50,15355.75,41693,1780,15355.75,15359.50,15345.25,15351.50,17189,1546,15375.00,15379.75,15218.00,15355.75,485842,22987
2023-08-09,NQU3,48377,15351.75,15432.50,15146.50,15203.75,644369,15351.75,15359.75,15345.50,15350.25,2504,830,15351.75,15432.50,15343.50,15360.25,101990,23382,15404.50,15432.50,15363.25,15398.50,42959,9229,15376.50,15397.50,15357.75,15360.25,16330,2677,15359.75,15368.50,15257.25,15280.25,121889,3597,15359.75,15368.50,15146.50,15167.00,271754,8992,15167.00,15263.50,15162.75,15246.50,102091,7007,15246.75,15306.50,15240.75,15276.25,54426,3507,15276.50,15277.25,15167.25,15186.75,88987,3573,15251.00,15256.00,15167.25,15186.75,54564,1786,15186.75,15211.75,15171.00,15202.00,25061,1900,15359.75,15368.50,15146.50,15186.75,517258,23079
2023-08-10,NQU3,48036,15202.50,15442.25,15136.00,15217.75,789672,15202.50,15221.25,15200.75,15216.75,3511,984,15202.50,15357.50,15200.75,15303.50,154046,23205,15250.00,15294.00,15243.50,15263.00,40450,8953,15293.75,15357.50,15244.00,15303.50,70538,3452,15302.75,15442.25,15273.25,15396.25,154143,3600,15302.75,15442.25,15206.50,15238.75,341558,8998,15238.75,15280.75,15136.00,15150.75,150516,7140,15151.50,15245.00,15139.75,15242.00,64690,3550,15241.75,15248.50,15173.75,15199.50,62509,3539,15200.50,15211.50,15173.75,15199.50,35071,1788,15199.50,15221.50,15192.50,15216.50,16315,1587,15302.75,15442.25,15136.00,15199.50,619273,23227
2023-08-11,NQU3,48112,15219.00,15266.75,15037.25,15103.75,609531,15219.00,15237.25,15215.25,15233.50,2564,809,15219.00,15266.75,15079.25,15086.75,125685,23589,15228.75,15241.75,15142.50,15174.75,44809,9260,15174.25,15186.00,15079.25,15086.75,40771,3302,15086.50,15174.25,15052.00,15144.00,131582,3597,15086.50,15174.25,15037.25,15077.75,252538,8977,15077.50,15119.25,15051.50,15082.00,101550,7015,15082.00,15138.00,15080.25,15130.25,53001,3515,15130.25,15131.75,15080.75,15094.25,61943,3534,15118.00,15128.25,15080.75,15094.25,33302,1767,15094.00,15116.00,15090.25,15104.75,14750,1465,15086.50,15174.25,15037.25,15094.25,469032,23041
2023-08-14,NQU3,51258,15104.00,15282.00,15020.75,15280.00,550435,15104.00,15146.25,15100.25,15139.50,5671,1264,15104.00,15225.00,15020.75,15066.50,135987,26826,15080.25,15225.00,15073.00,15130.00,51121,9510,15089.00,15094.25,15051.75,15066.50,20441,2758,15066.00,15173.00,15035.00,15140.75,117504,3594,15066.00,15248.00,15035.00,15214.00,223097,8954,15214.25,15246.00,15172.25,15220.00,77537,6863,15220.25,15227.50,15188.00,15216.25,38132,3402,15216.50,15268.00,15205.00,15267.75,54770,3485,15223.75,15268.00,15219.25,15267.75,33458,1752,15267.50,15282.00,15264.25,15281.75,20867,1709,15066.00,15268.00,15035.00,15267.75,393536,22704
2023-08-15,NQU3,51318,15279.00,15335.00,15074.75,15110.00,586418,15279.00,15316.25,15274.00,15313.50,7917,1487,15279.00,15335.00,15152.00,15225.00,152795,27125,15288.25,15295.50,15159.25,15170.75,68050,11667,15194.75,15236.75,15152.00,15225.00,32854,3209,15224.75,15259.25,15113.00,15138.50,131885,3598,15224.75,15259.25,15107.50,15194.50,229316,8933,15194.50,15208.00,15137.75,15156.50,85884,6859,15157.00,15176.25,15139.00,15155.75,29781,3292,15156.00,15164.00,15074.75,15108.25,69866,3510,15094.25,15117.75,15074.75,15108.25,43202,1784,15108.00,15116.75,15096.50,15109.75,18746,1586,15224.75,15259.25,15074.75,15108.25,414847,22594
2023-08-16,NQU3,49157,15110.75,15166.00,14921.50,14937.00,632753,15110.75,15123.25,15109.25,15117.00,2635,864,15110.75,15166.00,15064.00,15077.25,103546,23791,15118.75,15166.00,15077.25,15110.50,41521,9276,15085.00,15100.50,15064.00,15077.25,19300,2759,15077.50,15144.00,15051.00,15101.25,119128,3599,15077.50,15144.00,15033.50,15042.50,221485,8962,15042.00,15066.00,14987.25,15050.00,104854,6962,15050.25,15087.00,14983.25,15024.50,84037,3579,15024.75,15032.25,14940.50,14945.75,90634,3587,14965.75,14987.00,14940.50,14945.75,44148,1793,14946.00,14951.25,14921.50,14936.75,27999,2256,15077.50,15144.00,14940.50,14945.75,501010,23090
2023-08-17,NQU3,51474,14940.25,15018.25,14738.25,14743.50,673555,14940.25,14953.00,14938.00,14942.75,2585,738,14940.25,15018.25,14887.50,14995.00,121055,26011,14960.25,14986.50,14934.25,14986.25,42391,9506,14993.50,15018.25,14980.25,14995.00,23033,2981,14995.25,15007.50,14882.00,14885.00,130540,3598,14995.25,15007.50,14856.75,14903.75,262821,8987,14904.00,14957.50,14860.75,14876.25,107243,7044,14876.75,14882.75,14800.25,14815.25,64513,3557,14815.25,14823.00,14754.50,14782.25,92856,3585,14790.00,14809.25,14758.25,14782.25,44865,1790,14782.50,14790.00,14738.25,14744.00,24936,2267,14995.25,15007.50,14754.50,14782.25,527433,23173
2023-08-18,NQU3,52949,14748.00,14802.75,14609.25,14744.00,720645,14748.00,14759.25,14731.50,14745.00,6262,1338,14748.00,14791.00,14620.00,14625.75,153765,28104,14766.00,14776.75,14641.00,14660.25,63053,11159,14640.00,14661.50,14620.00,14625.75,31598,3204,14626.25,14697.00,14609.25,14638.75,148772,3600,14626.25,14742.25,14609.25,14741.00,285651,8990,14741.00,14751.00,14667.00,14725.75,126414,7109,14725.50,14779.00,14714.75,14750.25,57662,3542,14750.75,14802.75,14722.25,14732.50,71816,3541,14755.00,14802.75,14731.75,14732.50,43124,1778,14732.75,14770.75,14731.50,14744.25,25265,1651,14626.25,14802.75,14609.25,14732.50,541543,23182
2023-08-21,NQU3,49548,14762.50,15013.75,14720.50,14972.00,631917,14762.50,14788.00,14752.00,14770.25,5186,1265,14762.50,14858.50,14720.50,14806.75,112323,24701,14739.50,14853.50,14737.25,14849.50,46499,9688,14850.75,14850.75,14795.00,14806.75,19620,2947,14806.75,14932.50,14805.50,14831.50,142307,3595,14806.75,14932.50,14788.75,14808.25,257027,8964,14808.00,14963.75,14805.50,14944.25,122982,7049,14944.75,14994.00,14939.25,14980.50,48263,3484,14980.50,15013.75,14978.50,14981.00,63068,3537,14989.50,15013.75,14978.50,14981.00,37340,1777,14981.25,14991.00,14963.25,14972.50,28147,1797,14806.75,15013.75,14788.75,14981.00,491340,23034
2023-08-22,NQU3,49333,14974.50,15118.25,14932.00,14963.25,617160,14974.50,14977.00,14955.25,14959.00,3377,924,14974.50,15118.25,14943.00,15087.50,117176,25006,14996.50,15107.00,14996.00,15100.75,55303,10528,15102.25,15118.25,15080.25,15087.50,19978,2928,15088.50,15093.25,14997.75,15013.75,143261,3599,15088.50,15093.25,14969.25,14983.75,263631,8975,14984.00,14997.50,14932.00,14962.00,117701,7019,14962.00,14990.50,14939.25,14971.25,45227,3437,14971.50,15011.00,14932.50,14961.00,57372,3539,14970.25,14972.25,14932.50,14961.00,32304,1783,14961.00,14968.25,14953.75,14964.25,15964,1340,15088.50,15093.25,14932.00,14961.00,483931,22970
2023-08-23,NQU3,49518,14959.75,15356.75,14957.25,15355.75,596340,14959.75,14980.50,14959.75,14971.00,2583,694,14959.75,15083.00,14957.25,15011.00,127911,23868,15027.50,15083.00,14957.25,14986.00,54456,10011,14964.75,15018.25,14964.75,15011.00,28694,3089,15011.25,15145.00,14999.50,15133.25,134087,3596,15011.25,15207.00,14999.50,15203.00,237238,8940,15202.25,15242.50,15167.75,15236.25,76605,6691,15236.50,15238.00,15185.75,15206.25,44122,3426,15206.25,15233.25,15184.00,15193.75,56553,3506,15225.50,15233.25,15184.00,15193.75,33356,1766,15193.75,15352.00,15190.75,15351.75,53644,3057,15011.25,15242.50,14999.50,15193.75,414518,22563
2023-08-24,NQU3,54751,15333.00,15418.00,14817.00,14832.50,838193,15333.00,15344.25,15294.00,15319.75,11569,1975,15333.00,15418.00,15294.00,15336.50,164418,29158,15382.75,15418.00,15338.50,15366.50,64928,11048,15342.50,15359.75,15322.75,15336.50,32035,3113,15336.75,15339.75,15083.50,15084.50,201157,3600,15336.75,15339.75,14943.50,14954.75,372982,8995,14955.50,15039.50,14949.75,14971.00,127319,7078,14970.75,15006.50,14932.50,14962.25,54303,3498,14962.00,14967.50,14858.00,14873.25,80418,3553,14921.75,14931.75,14858.00,14873.25,52580,1794,14873.50,14873.50,14817.00,14830.75,38650,2449,15336.75,15339.75,14858.00,14873.25,635022,23124
2023-08-25,NQU3,49886,14833.00,15048.75,14751.75,14972.25,812403,14833.00,14871.25,14830.00,14870.50,5532,1312,14833.00,14918.25,14785.25,14890.50,119577,25177,14797.25,14889.50,14797.25,14878.25,47134,9761,14898.50,14918.25,14877.75,14890.50,18908,2734,14891.00,15048.75,14870.00,14888.50,189883,3600,14891.00,15048.75,14751.75,14807.75,395906,8998,14808.00,14904.75,14802.25,14877.25,126084,7107,14877.25,14997.75,14875.25,14992.50,72737,3553,14992.25,15027.00,14966.25,14978.25,76239,3563,15016.00,15020.75,14966.25,14978.25,43327,1788,14978.25,14993.00,14967.75,14968.50,21800,1472,14891.00,15048.75,14751.75,14978.25,670966,23221
2023-08-28,NQU3,46475,14991.00,15126.50,14973.50,15098.00,583505,14991.00,15029.75,14986.00,15008.75,5573,1397,14991.00,15106.75,14973.50,15098.00,99408,22150,15001.25,15036.50,14976.75,15031.00,33188,7830,15057.50,15106.75,15056.00,15098.00,23977,2979,15097.75,15126.50,15004.50,15091.25,134171,3596,15097.75,15126.50,14983.50,15013.75,249244,8949,15014.25,15105.00,14993.00,15007.50,110402,6964,15007.75,15055.50,15005.25,15048.00,44863,3414,15048.50,15110.25,15029.75,15089.25,61616,3506,15050.75,15110.25,15037.75,15089.25,37370,1770,15089.25,15100.50,15085.00,15098.75,17878,1476,15097.75,15126.50,14983.50,15089.25,466125,22833
2023-08-29,NQU3,46741,15098.75,15430.50,15049.75,15426.25,604862,15098.75,15112.75,15098.75,15106.00,2950,762,15098.75,15147.25,15049.75,15075.50,96431,22227,15117.50,15147.25,15067.75,15075.00,45867,9787,15058.00,15082.00,15049.75,15075.50,15820,2686,15075.75,15296.75,15062.75,15296.50,158754,3599,15075.75,15386.25,15062.75,15368.00,285172,8977,15368.00,15400.75,15353.25,15373.50,87057,6815,15373.75,15413.25,15367.50,15401.25,44382,3387,15401.25,15430.50,15389.00,15410.25,65055,3511,15426.00,15430.50,15401.75,15410.25,39551,1783,15410.00,15429.25,15409.75,15425.50,26711,1813,15075.75,15430.50,15062.75,15410.25,481666,22690
2023-08-30,NQU3,48391,15427.50,15522.75,15361.50,15513.00,586256,15427.50,15443.75,15423.00,15435.25,3981,1062,15427.50,15468.00,15361.50,15417.00,115953,24227,15411.50,15425.00,15361.50,15394.25,44692,9925,15421.75,15451.75,15406.00,15417.00,24742,2950,15417.50,15507.25,15375.00,15404.75,166736,3600,15417.50,15507.25,15375.00,15489.50,275188,8925,15489.25,15522.75,15465.25,15483.00,80575,6746,15483.00,15511.25,15450.00,15507.75,48742,3453,15507.50,15520.25,15478.50,15498.75,48574,3476,15495.50,15509.00,15478.50,15498.75,28441,1749,15498.75,15514.75,15492.50,15513.75,17158,1545,15417.50,15522.75,15375.00,15498.75,453079,22600
2023-08-31,NQU3,47907,15513.75,15606.75,15460.00,15536.50,579580,15513.75,15514.00,15505.75,15506.50,1607,535,15513.75,15544.25,15460.00,15492.00,121429,23458,15491.50,15529.75,15460.00,15520.25,53426,10130,15528.25,15544.25,15481.25,15492.00,26600,3106,15491.00,15592.75,15487.75,15586.75,128875,3594,15491.00,15606.75,15487.75,15565.50,229338,8919,15565.75,15582.75,15493.00,15553.25,102552,6917,15554.00,15596.00,15548.75,15552.75,44215,3411,15552.75,15593.50,15537.25,15545.50,55541,3434,15571.25,15593.50,15537.25,15545.50,34721,1743,15545.50,15549.75,15530.50,15538.00,26467,1756,15491.00,15606.75,15487.75,15545.50,431646,22681
2023-09-01,NQU3,44562,15534.00,15661.25,15454.00,15511.25,566999,15534.00,15536.00,15522.50,15530.00,2556,723,15534.00,15661.25,15502.00,15632.50,116911,20581,15519.25,15581.50,15511.50,15569.00,33732,8502,15573.00,15661.25,15556.25,15632.50,53339,3410,15632.50,15652.75,15498.75,15572.25,158581,3598,15632.50,15652.75,15456.00,15469.50,272338,8947,15469.00,15523.25,15454.00,15504.00,82476,6815,15504.50,15509.25,15459.50,15490.25,33463,3310,15490.50,15527.25,15485.75,15519.50,44588,3438,15510.75,15527.25,15494.50,15519.50,26867,1740,15519.75,15523.25,15508.75,15511.75,17179,1455,15632.50,15652.75,15454.00,15519.50,432865,22510
2023-09-04,NQU3,20589,15517.00,15578.75,15500.50,15523.75,76938,15517.00,15525.75,15500.50,15508.00,2682,721,15517.00,15570.50,15500.50,15554.50,41562,13745,15545.50,15570.50,15542.50,15555.25,16314,5482,15555.75,15557.00,15546.00,15554.50,3508,1241,15554.25,15578.75,15548.75,15549.75,14842,2609,15554.25,15578.75,15512.25,15524.25,30769,5622,15523.75,15534.00,15521.75,15523.75,4607,1222,,,,,0,0,,,,,0,0,,,,,0,0,,,,,0,0,15554.25,15578.75,15512.25,15523.75,35376,6844
2023-09-05,NQU3,47243,15527.75,15586.75,15418.25,15517.50,518999,15527.75,15534.75,15514.00,15520.50,2026,665,15527.75,15534.75,15418.25,15479.25,108871,23212,15484.50,15497.75,15418.25,15472.50,48298,10320,15454.00,15499.25,15436.75,15479.25,26493,3037,15479.00,15523.50,15442.75,15487.50,127466,3600,15479.00,15577.00,15442.75,15519.25,231935,8939,15518.75,15563.50,15517.00,15551.50,72638,6715,15551.50,15586.00,15543.25,15584.50,34045,3288,15584.75,15586.75,15531.75,15535.25,51560,3418,15546.50,15572.25,15531.75,15535.25,30192,1727,15535.00,15539.25,15513.25,15517.00,19887,1651,15479.00,15586.75,15442.75,15535.25,390178,22360
2023-09-06,NQU3,45544,15511.25,15533.00,15310.50,15386.75,587862,15511.25,15524.25,15510.00,15524.00,1748,601,15511.25,15533.00,15438.75,15497.25,86114,21240,15495.50,15510.50,15438.75,15492.75,40552,9409,15491.00,15502.25,15474.25,15497.25,14379,2636,15497.75,15514.25,15385.50,15391.00,153667,3598,15497.75,15514.25,15348.25,15375.75,270656,8976,15376.00,15388.25,15310.50,15358.00,109347,6978,15358.25,15391.00,15345.50,15373.50,43523,3431,15373.50,15404.75,15349.25,15402.25,58096,3500,15356.75,15404.75,15356.50,15402.25,33916,1752,15402.50,15404.50,15383.00,15388.50,20081,1408,15497.75,15514.25,15310.50,15402.25,481622,22885
2023-09-07,NQU3,49880,15385.00,15395.75,15157.50,15286.25,623754,15385.00,15391.50,15379.00,15385.00,2102,625,15385.00,15395.75,15183.00,15204.00,142518,25635,15329.25,15342.75,15273.75,15277.25,58099,11321,15265.25,15266.75,15183.00,15204.00,42609,3345,15204.50,15241.00,15157.50,15213.75,157021,3600,15204.50,15281.25,15157.50,15205.75,277998,8972,15205.75,15287.50,15200.25,15279.50,87936,6920,15280.00,15297.50,15246.00,15289.50,41607,3436,15289.25,15311.75,15260.00,15287.00,56254,3472,15286.00,15311.75,15265.25,15287.00,35833,1759,15287.00,15287.50,15262.50,15286.50,17391,1432,15204.50,15311.75,15157.50,15287.00,463795,22800
2023-09-08,NQU3,48329,15286.25,15390.75,15223.00,15313.00,538217,15286.25,15289.00,15282.50,15285.50,1472,497,15286.25,15343.75,15223.00,15272.50,112252,23845,15328.75,15343.75,15223.00,15244.75,60467,11118,15263.00,15291.00,15262.50,15272.50,15420,2654,15272.50,15390.75,15269.50,15372.00,124202,3596,15272.50,15390.75,15269.50,15340.25,224779,8921,15340.25,15364.00,15301.00,15327.50,83272,6842,15327.50,15342.50,15270.25,15271.00,49776,3424,15271.00,15295.75,15255.75,15295.25,47328,3471,15262.75,15295.75,15259.25,15295.25,24938,1748,15295.50,15330.50,15294.00,15312.50,20776,1809,15272.50,15390.75,15255.75,15295.25,405155,22658
2023-09-11,NQU3,42317,15308.00,15696.00,15298.75,15670.00,460061,15308.00,15321.25,15298.75,15320.00,2551,765,15308.00,15634.00,15298.75,15623.50,79718,18477,15564.50,15613.75,15559.50,15596.25,30072,6913,15615.75,15634.00,15604.50,15623.50,15484,2357,15623.50,15646.75,15537.25,15574.00,132559,3598,15623.50,15646.75,15537.25,15566.25,210259,8886,15566.25,15669.00,15559.50,15665.75,82566,6821,15666.00,15683.00,15653.00,15671.00,32258,3324,15671.25,15696.00,15661.00,15672.25,41732,3389,15690.00,15696.00,15661.00,15672.25,24963,1740,15672.50,15681.50,15669.00,15670.50,13464,1409,15623.50,15696.00,15537.25,15672.25,366815,22420
2023-09-12,NQZ3,43979,15662.25,15680.00,15483.75,15506.00,552199,15662.25,15667.00,15653.75,15655.50,2610,723,15662.25,15680.00,15591.25,15605.25,82521,19524,15676.00,15678.50,15617.75,15619.75,34271,8005,15626.75,15643.25,15591.25,15605.25,18489,2756,15605.00,15658.75,15580.25,15586.25,121710,3598,15605.00,15658.75,15516.75,15552.25,235136,8934,15552.00,15615.75,15530.00,15542.75,100304,6955,15543.25,15546.25,15498.00,15504.75,59696,3522,15504.50,15513.00,15483.75,15498.00,57011,3528,15491.50,15513.00,15487.25,15498.00,31445,1775,15497.75,15508.75,15492.75,15503.50,17405,1494,15605.00,15658.75,15483.75,15498.00,452147,22939
2023-09-13,NQZ3,48258,15500.75,15619.75,15406.00,15573.00,687850,15500.75,15510.25,15499.00,15507.00,2726,643,15500.75,15529.75,15406.00,15500.25,155531,23591,15496.25,15529.75,15456.75,15507.00,47788,9329,15494.50,15525.00,15406.00,15500.25,64829,3457,15500.25,15561.50,15454.25,15526.00,165997,3600,15500.25,15603.75,15454.25,15579.00,294581,8973,15579.00,15619.75,15554.00,15605.75,92227,7011,15606.25,15612.00,15523.50,15555.50,54837,3478,15555.50,15562.50,15508.25,15553.25,72689,3556,15541.50,15562.50,15535.00,15553.25,35494,1768,15553.50,15575.00,15545.75,15570.50,17923,1628,15500.25,15619.75,15454.25,15553.25,514334,23018
2023-09-14,NQZ3,48519,15569.00,15714.50,15531.00,15677.25,614052,15569.00,15572.50,15563.25,15567.75,1713,524,15569.00,15647.75,15563.25,15621.75,139593,23856,15616.50,15631.50,15566.25,15607.50,42400,9637,15621.50,15647.75,15568.75,15621.75,53498,3467,15622.00,15638.75,15531.00,15577.00,144041,3599,15622.00,15694.75,15531.00,15677.00,269241,8971,15677.25,15709.25,15651.50,15681.75,86067,6889,15681.75,15690.00,15653.25,15687.25,39149,3417,15687.50,15714.50,15665.25,15681.50,60245,3507,15678.25,15689.75,15665.25,15681.50,34167,1767,15681.50,15697.75,15668.50,15680.75,19584,1858,15622.00,15714.50,15531.00,15681.50,454702,22784
2023-09-15,NQZ3,48775,15677.00,15719.75,15356.75,15383.00,681096,15677.00,15684.00,15671.75,15677.50,2654,751,15677.00,15719.75,15592.25,15614.25,114737,23619,15706.25,15709.50,15642.00,15652.25,41541,9373,15653.50,15654.25,15592.25,15614.25,33216,3135,15614.25,15627.50,15469.25,15493.75,163702,3600,15614.25,15627.50,15412.00,15431.00,293046,8985,15431.25,15468.00,15365.00,15392.75,113394,7085,15393.25,15397.25,15356.75,15377.50,54415,3530,15377.50,15413.75,15359.75,15393.50,79557,3568,15401.00,15413.75,15369.25,15393.50,49258,1791,15393.75,15401.50,15383.00,15384.00,25907,1971,15614.25,15627.50,15356.75,15393.50,540412,23168
2023-09-18,NQZ3,45604,15382.25,15461.00,15330.50,15425.25,501576,15382.25,15407.75,15379.50,15406.00,4255,1012,15382.25,15428.75,15330.50,15352.25,93614,21621,15404.25,15428.75,15330.50,15342.25,39633,8836,15359.00,15373.00,15343.50,15352.25,17000,2703,15352.00,15439.50,15343.00,15412.00,137133,3599,15352.00,15452.50,15343.00,15444.75,241366,8938,15444.75,15461.00,15424.50,15436.25,70150,6734,15436.75,15450.50,15379.00,15396.75,38340,3280,15397.00,15414.50,15386.25,15412.50,43202,3460,15404.00,15414.50,15386.25,15412.50,23196,1728,15412.75,15431.00,15412.00,15425.00,14827,1555,15352.00,15461.00,15343.00,15412.50,393058,22412
2023-09-19,NQZ3,44123,15424.25,15442.25,15248.50,15383.00,544263,15424.25,15430.75,15422.75,15426.50,1592,551,15424.25,15442.25,15345.00,15353.75,85809,19979,15390.00,15442.25,15380.75,15426.75,29150,7782,15412.50,15416.75,15345.00,15353.75,25572,3074,15353.50,15373.25,15273.00,15296.75,138802,3599,15353.50,15373.25,15248.50,15289.25,233463,8922,15289.25,15380.00,15258.00,15373.25,101855,6918,15373.00,15408.00,15354.75,15355.00,53367,3444,15354.75,15390.00,15338.00,15377.00,53507,3508,15365.50,15390.00,15352.50,15377.00,29811,1765,15376.75,15388.75,15370.75,15382.50,16231,1340,15353.50,15408.00,15248.50,15377.00,442192,22792
2023-09-20,NQZ3,44630,15375.25,15436.25,15127.00,15133.75,598468,15375.25,15386.50,15375.00,15379.25,1730,551,15375.25,15436.25,15342.25,15418.25,79313,19980,15372.50,15412.25,15364.25,15402.50,30432,7727,15410.00,15436.25,15398.00,15418.25,15542,2565,15418.00,15435.25,15361.00,15373.25,108607,3595,15418.00,15435.25,15328.50,15374.50,191403,8902,15374.25,15386.75,15347.00,15369.00,54584,6460,15369.25,15392.00,15286.00,15307.50,124056,3580,15307.50,15323.50,15150.75,15156.50,118749,3591,15251.75,15258.50,15150.75,15156.50,65818,1798,15156.00,15158.25,15127.00,15132.25,30312,2100,15418.00,15435.25,15150.75,15156.50,488792,22533
2023-09-21,NQZ3,52948,15133.25,15149.00,14841.00,14849.75,685317,15133.25,15149.00,15115.00,15124.75,6594,1209,15133.25,15149.00,14942.25,14986.75,162600,27709,15106.75,15112.00,14981.00,14983.00,67411,11364,14981.25,14986.75,14942.25,14986.75,38023,3275,14986.50,15020.25,14919.00,14966.75,168950,3600,14986.50,15020.25,14919.00,14946.50,279948,8968,14945.25,15001.00,14921.00,14977.75,92286,6974,14978.25,14982.00,14920.50,14927.00,45086,3487,14926.75,14939.00,14865.00,14866.50,76282,3580,14894.00,14909.75,14865.00,14866.50,44720,1795,14866.50,14869.75,14841.00,14847.25,29051,2215,14986.50,15020.25,14865.00,14866.50,493602,23009
2023-09-22,NQZ3,50030,14854.50,15027.50,14836.25,14876.25,617483,14854.50,14871.50,14851.25,14866.00,3378,1004,14854.50,14972.50,14836.25,14936.00,116438,25219,14910.75,14939.75,14890.25,14923.25,43360,9656,14967.25,14972.50,14933.75,14936.00,17915,2636,14936.25,14964.00,14888.00,14953.50,120619,3597,14936.25,15027.50,14888.00,14978.75,229605,8948,14978.25,15023.25,14909.25,14920.50,103007,7003,14920.25,14924.25,14866.25,14886.00,57996,3540,14886.00,14978.75,14852.50,14867.75,86596,3571,14956.50,14960.50,14852.50,14867.75,49274,1791,14868.00,14891.75,14862.25,14874.50,23771,1735,14936.25,15027.50,14852.50,14867.75,477204,23062
2023-09-25,NQZ3,49840,14880.25,14955.75,14782.25,14951.00,564802,14880.25,14915.00,14880.25,14902.00,4327,1155,14880.25,14946.00,14782.25,14817.50,126300,25179,14917.00,14946.00,14797.00,14822.00,58921,10862,14822.50,14846.00,14782.25,14817.50,25199,3064,14817.75,14896.50,14782.50,14834.75,116540,3598,14817.75,14923.00,14782.50,14897.25,218322,8927,14897.00,14936.25,14864.50,14898.75,84767,6899,14900.00,14917.00,14869.25,14877.75,43200,3478,14877.50,14938.50,14842.50,14937.50,69581,3556,14882.75,14938.50,14881.50,14937.50,35075,1779,14937.50,14955.75,14930.75,14952.00,22577,1789,14817.75,14938.50,14782.50,14937.50,415870,22860
2023-09-26,NQZ3,51399,14949.00,14949.00,14666.25,14725.25,659897,14949.00,14949.00,14940.75,14942.75,2171,652,14949.00,14949.00,14795.00,14821.75,130235,26469,14829.75,14888.75,14795.00,14873.00,58004,11120,14870.00,14870.50,14820.00,14821.75,22444,3005,14821.50,14846.25,14724.50,14761.50,139835,3598,14821.50,14846.25,14724.50,14740.75,261201,8951,14740.25,14784.00,14704.25,14737.25,116114,7013,14737.00,14740.75,14691.00,14702.50,50492,3495,14702.00,14716.25,14666.25,14716.00,76807,3569,14677.25,14716.25,14666.25,14716.00,42739,1787,14715.75,14736.00,14707.25,14725.00,24994,1889,14821.50,14846.25,14666.25,14716.00,504614,23028
2023-09-27,NQZ3,49735,14725.25,14821.50,14586.00,14766.50,707940,14725.25,14728.50,14713.50,14718.75,3635,1064,14725.25,14796.00,14713.50,14750.75,109373,24418,14760.25,14796.00,14744.25,14769.75,42982,9548,14748.75,14781.50,14733.75,14750.75,20243,2766,14750.75,14806.00,14706.00,14756.50,122604,3599,14750.75,14806.00,14672.75,14681.00,240721,8968,14681.00,14685.50,14586.00,14618.50,136164,7129,14618.75,14755.50,14594.50,14738.50,93451,3575,14738.25,14821.50,14701.50,14729.00,102224,3589,14768.75,14773.50,14701.50,14729.00,46787,1792,14729.00,14779.50,14726.00,14772.50,25788,2033,14750.75,14821.50,14586.00,14729.00,572560,23261
2023-09-28,NQZ3,55073,14772.50,14947.50,14658.00,14876.50,723598,14772.50,14774.75,14743.50,14755.75,4742,1276,14772.50,14794.00,14677.75,14695.25,169869,30206,14749.00,14764.00,14677.75,14702.25,57235,11474,14735.00,14777.25,14677.75,14695.25,52186,3435,14695.25,14773.25,14658.00,14736.00,128492,3598,14695.25,14909.75,14658.00,14908.75,275221,8990,14908.50,14947.50,14830.75,14850.75,126456,7095,14851.00,14884.00,14811.25,14832.75,58493,3508,14832.50,14913.50,14832.25,14862.75,72858,3570,14910.00,14913.50,14840.00,14862.75,42790,1795,14862.50,14885.25,14852.00,14877.75,20610,1684,14695.25,14947.50,14658.00,14862.75,533028,23163
2023-09-29,NQZ3,50675,14876.50,15060.75,14811.00,14891.50,734210,14876.50,14894.50,14874.25,14885.75,3316,884,14876.50,15009.75,14825.50,15001.25,135022,25568,14914.25,14974.75,14904.00,14928.75,50005,10247,14960.25,15009.75,14951.00,15001.25,35836,3143,15001.75,15060.75,14970.00,14977.00,135748,3599,15001.75,15060.75,14907.75,14940.00,275885,8988,14940.25,14965.75,14819.75,14823.00,132764,7120,14822.75,14900.25,14811.00,14898.00,64596,3536,14898.25,14929.00,14840.25,14870.50,97690,3578,14877.00,14929.00,14840.25,14870.50,58958,1791,14870.25,14906.25,14850.25,14891.25,28121,1864,15001.75,15060.75,14811.00,14870.50,570935,23222
2023-10-02,NQZ3,52562,14965.00,15046.00,14826.00,14992.50,757149,14965.00,15010.00,14934.75,14941.75,12684,1958,14965.00,15010.50,14826.00,14871.75,150744,27562,14975.25,15010.50,14866.00,14875.00,61278,11023,14861.00,14876.75,14826.00,14871.75,27152,3029,14871.75,14992.25,14847.75,14942.25,152747,3595,14871.75,15046.00,14847.75,14922.75,316040,8985,14922.25,14933.50,14866.75,14907.50,119007,7088,14907.00,14958.00,14864.25,14896.50,66754,3543,14896.50,14985.75,14867.75,14981.25,80129,3572,14912.00,14985.75,14912.00,14981.25,45812,1792,14981.75,15005.25,14977.75,14994.00,24385,1792,14871.75,15046.00,14847.75,14981.25,581930,23188
2023-10-03,NQZ3,53853,14989.50,15031.00,14651.50,14714.50,754379,14989.50,15005.00,14986.50,14987.50,3667,951,14989.50,15031.00,14847.25,14875.00,162830,28757,14974.50,15031.00,14884.75,14900.50,71847,11931,14900.50,14901.00,14847.25,14875.00,31918,3260,14875.75,14974.75,14770.75,14785.50,186253,3600,14875.75,14974.75,14710.50,14727.25,320069,8988,14727.00,14785.00,14689.75,14698.00,113346,7052,14698.25,14716.75,14671.00,14699.25,54432,3532,14699.00,14713.50,14651.50,14703.75,75596,3557,14668.50,14713.50,14651.50,14703.75,45549,1790,14703.25,14734.00,14702.00,14713.25,28018,1950,14875.75,14974.75,14651.50,14703.75,563443,23129
2023-10-04,NQZ3,57659,14713.75,14956.00,14589.00,14902.50,794468,14713.75,14719.00,14701.00,14717.50,3628,1032,14713.75,14799.75,14589.00,14754.25,210438,32744,14592.25,14753.75,14589.00,14743.75,86717,12944,14769.00,14799.75,14749.00,14754.25,28780,3119,14753.50,14834.50,14734.50,14744.00,154581,3596,14753.50,14896.50,14734.50,14893.50,318721,8985,14893.25,14899.00,14815.50,14820.50,108023,7037,14820.25,14875.75,14804.00,14870.00,57644,3539,14870.25,14956.00,14865.75,14928.25,76277,3552,14916.75,14956.00,14908.25,14928.25,42713,1783,14928.25,14932.50,14901.75,14904.00,23290,1791,14753.50,14956.00,14734.50,14928.25,560665,23113
2023-10-05,NQZ3,52703,14903.00,14958.75,14716.25,14860.75,667467,14903.00,14913.75,14894.50,14907.25,3570,1012,14903.00,14958.75,14850.75,14909.25,155935,27994,14893.25,14947.75,14850.75,14941.00,62982,11619,14925.25,14934.75,14859.00,14909.25,40290,3314,14908.50,14926.50,14763.50,14798.00,136190,3599,14908.50,14926.50,14716.25,14765.25,263474,8979,14765.00,14862.00,14760.00,14851.50,117008,7044,14851.50,14907.00,14849.00,14901.75,55310,3522,14901.25,14905.00,14854.25,14863.75,57617,3525,14880.00,14888.25,14854.25,14863.75,31520,1770,14863.50,14872.25,14850.25,14860.75,18014,1615,14908.50,14926.50,14716.25,14863.75,493409,23070
2023-10-06,NQZ3,49991,14853.75,15160.25,14660.00,15139.50,826486,14853.75,14861.25,14853.00,14857.25,2091,581,14853.75,14922.00,14660.00,14736.50,195890,24935,14855.50,14922.00,14850.50,14876.50,46652,10121,14887.00,14891.75,14660.00,14736.50,107815,3575,14736.75,14844.25,14702.25,14841.50,171958,3600,14736.75,15048.50,14702.25,15045.25,360880,9000,15045.75,15098.50,15019.25,15094.75,124815,7037,15094.25,15146.50,15081.50,15134.25,53571,3485,15134.75,15160.25,15109.25,15110.50,67396,3533,15151.00,15160.25,15109.25,15110.50,41470,1783,15110.75,15139.75,15107.75,15139.50,23799,1976,14736.75,15160.25,14702.25,15110.50,606662,23055
2023-10-09,NQZ3,52299,15040.25,15212.75,14949.50,15195.00,609878,15040.25,15040.50,14991.75,15015.25,17161,2429,15040.25,15040.50,14971.75,15011.00,152384,28127,15006.75,15028.25,14971.75,14989.25,55853,10803,15013.00,15034.50,14971.75,15011.00,27887,2972,15010.50,15066.75,14949.50,15030.00,133149,3597,15010.50,15066.75,14949.50,15044.50,221551,8886,15044.75,15188.75,15043.25,15186.00,102487,6826,15185.75,15212.75,15166.75,15199.75,54739,3489,15200.00,15212.00,15167.00,15186.25,61485,3480,15193.75,15194.75,15167.00,15186.25,33313,1751,15186.25,15201.75,15183.25,15194.00,17132,1473,15010.50,15212.75,14949.50,15186.25,440262,22681
2023-10-10,NQZ3,50129,15196.50,15383.50,15171.75,15282.00,639647,15196.50,15197.00,15188.00,15193.75,1894,573,15196.50,15239.25,15171.75,15199.75,126079,25690,15199.75,15239.25,15171.75,15176.75,60735,11020,15192.25,15206.00,15178.75,15199.75,19811,2943,15199.00,15295.00,15180.00,15291.50,120794,3597,15199.00,15383.50,15180.00,15373.25,240805,8958,15373.75,15376.25,15255.25,15291.00,136862,7018,15291.00,15312.75,15261.75,15276.50,59860,3472,15276.25,15300.75,15263.00,15269.25,55986,3468,15292.25,15299.00,15263.00,15269.25,32966,1753,15269.50,15288.00,15268.50,15282.50,19990,1507,15199.00,15383.50,15180.00,15269.25,493513,22916
2023-10-11,NQZ3,49011,15282.25,15416.75,15253.00,15410.75,608228,15282.25,15286.25,15275.00,15284.75,2197,617,15282.25,15345.75,15273.25,15327.75,134756,23938,15288.00,15345.75,15273.25,15334.00,52484,10635,15325.75,15345.00,15284.25,15327.75,44409,3367,15327.50,15387.25,15300.75,15316.50,117298,3594,15327.50,15387.25,15292.00,15315.50,234941,8957,15315.75,15317.25,15253.00,15282.00,98185,6948,15281.50,15341.75,15276.75,15320.50,58029,3517,15320.50,15383.25,15315.25,15379.75,57147,3493,15341.50,15383.25,15334.50,15379.75,35666,1773,15379.75,15416.75,15374.25,15412.75,25055,2136,15327.50,15387.25,15253.00,15379.75,448302,22915
2023-10-12,NQZ3,47663,15407.50,15468.75,15216.25,15324.00,738901,15407.50,15408.00,15397.75,15404.50,2631,878,15407.50,15448.00,15361.50,15391.25,137183,22859,15444.25,15447.50,15413.50,15434.25,36404,8664,15437.75,15444.50,15361.50,15391.25,60601,3454,15391.00,15461.00,15366.00,15417.25,136260,3600,15391.00,15467.00,15366.00,15441.25,251932,8955,15441.25,15468.75,15278.25,15278.50,168901,7085,15278.75,15302.25,15216.25,15279.75,89565,3569,15279.50,15334.75,15275.25,15314.50,72576,3549,15300.75,15334.75,15297.50,15314.50,39792,1773,15314.50,15330.25,15311.25,15322.25,18665,1632,15391.00,15468.75,15216.25,15314.50,582974,23158
2023-10-13,NQZ3,51353,15324.00,15366.75,15062.25,15107.50,768073,15324.00,15326.50,15313.25,15325.00,2419,787,15324.00,15348.75,15217.25,15341.00,139994,26329,15324.50,15340.50,15217.25,15268.00,63601,11592,15275.25,15348.75,15275.25,15341.00,33409,3330,15341.25,15366.75,15266.25,15277.50,133625,3596,15341.25,15366.75,15109.25,15125.50,288057,8982,15125.00,15200.75,15062.25,15113.50,164654,7135,15112.75,15143.75,15090.00,15135.50,66110,3543,15135.50,15169.00,15081.75,15114.25,84703,3570,15103.50,15130.50,15081.75,15114.25,45670,1786,15114.50,15126.75,15101.50,15107.00,24522,1778,15341.25,15366.75,15062.25,15114.25,603524,23230
2023-10-16,NQZ3,50631,15120.00,15336.75,15083.00,15304.75,634978,15120.00,15161.00,15120.00,15150.25,7069,1496,15120.00,15187.50,15083.00,15178.25,128329,26191,15171.75,15172.25,15083.00,15143.75,55368,10685,15133.00,15187.00,15131.25,15178.25,23069,3005,15178.00,15300.50,15168.75,15294.25,145347,3599,15178.00,15325.75,15168.75,15273.25,246915,8949,15273.50,15321.25,15212.00,15306.00,115167,6926,15305.50,15323.00,15284.50,15318.25,49758,3479,15318.00,15336.75,15296.50,15297.50,71129,3523,15326.75,15336.75,15296.50,15297.50,44652,1783,15297.25,15307.50,15279.75,15305.25,23571,1542,15178.00,15336.75,15168.75,15297.50,482969,22877
2023-10-17,NQZ3,49188,15305.75,15309.25,15050.25,15242.50,773295,15305.75,15306.50,15285.50,15288.00,2264,718,15305.75,15306.50,15138.00,15139.75,139561,24387,15268.25,15301.75,15224.50,15248.00,52399,10751,15230.75,15232.75,15138.00,15139.75,50504,3461,15139.50,15204.25,15050.25,15181.25,189224,3600,15139.50,15283.50,15050.25,15263.75,337414,8992,15263.50,15309.25,15191.00,15205.25,132667,7080,15205.00,15241.25,15179.00,15192.50,76161,3556,15192.50,15246.00,15178.25,15235.00,69584,3549,15214.25,15246.00,15202.00,15235.00,35249,1762,15234.75,15251.25,15227.25,15241.00,17805,1607,15139.50,15309.25,15050.25,15235.00,615826,23177
2023-10-18,NQZ3,52937,15236.50,15238.25,14979.25,15061.25,847954,15236.50,15238.25,15225.25,15229.25,3031,825,15236.50,15238.25,15124.00,15131.00,133412,27314,15188.50,15214.25,15137.75,15155.50,61271,11864,15162.25,15172.75,15124.00,15131.00,25258,3127,15131.25,15223.75,15121.75,15169.50,165878,3600,15131.25,15223.75,15093.00,15129.00,310540,8987,15128.75,15177.25,15065.00,15115.00,194803,7173,15115.25,15138.25,15044.75,15059.75,82621,3578,15059.25,15064.25,14979.25,15031.50,93386,3581,15026.25,15043.00,14979.25,15031.50,55260,1792,15032.00,15073.00,15017.25,15060.75,33072,2286,15131.25,15223.75,14979.25,15031.50,681350,23319
2023-10-19,NQZ3,55965,15045.00,15138.25,14839.50,14850.50,1010505,15045.00,15055.00,15030.00,15030.50,6548,1631,15045.00,15107.00,14937.00,15083.75,167644,30302,15002.50,15069.50,14937.00,15038.00,68759,12282,15052.00,15107.00,15027.25,15083.75,39161,3331,15083.25,15109.00,15017.50,15022.75,153400,3600,15083.25,15109.00,14966.25,15040.25,297409,8986,15040.50,15138.25,14925.25,14990.25,326776,7198,14990.25,15019.25,14884.50,14897.25,96895,3593,14896.75,14929.00,14852.25,14896.50,92900,3592,14881.75,14915.00,14852.25,14896.50,55670,1798,14896.25,14897.00,14839.50,14846.25,28700,2276,15083.25,15138.25,14852.25,14896.50,813980,23369
2023-10-20,NQZ3,53928,14850.00,14887.50,14645.00,14649.00,831654,14850.00,14854.50,14827.50,14834.00,5484,1244,14850.00,14887.50,14796.00,14869.25,143767,28512,14829.50,14887.50,14803.50,14862.25,61257,11761,14814.50,14870.00,14810.50,14869.25,25487,3037,14869.00,14886.00,14760.25,14764.00,172026,3600,14869.00,14886.00,14660.25,14723.25,338735,8998,14723.25,14803.25,14686.00,14770.50,163579,7172,14770.00,14781.25,14688.50,14708.50,73361,3569,14708.25,14730.25,14651.75,14669.75,84659,3581,14692.75,14710.25,14651.75,14669.75,49346,1795,14670.00,14671.50,14645.00,14651.50,27478,2080,14869.00,14886.00,14651.75,14669.75,660334,23320
2023-10-23,NQZ3,52914,14680.00,14853.75,14514.25,14749.00,757231,14680.00,14705.50,14662.50,14699.00,7520,1363,14680.00,14716.00,14520.50,14604.50,160942,28051,14701.75,14704.75,14520.50,14592.75,89116,13148,14610.75,14625.50,14591.25,14604.50,21324,2923,14604.25,14687.75,14514.25,14666.75,168880,3600,14604.25,14767.25,14514.25,14756.50,296476,8973,14756.50,14853.75,14745.25,14794.75,128707,7050,14794.75,14819.00,14761.00,14777.50,61881,3521,14777.25,14800.75,14699.25,14710.25,86189,3575,14735.00,14739.00,14699.25,14710.25,47551,1793,14710.25,14753.00,14704.50,14746.75,22957,1731,14604.25,14853.75,14514.25,14710.25,573253,23119
2023-10-24,NQZ3,52659,14744.00,14948.75,14706.00,14830.75,696516,14744.00,14752.75,14737.00,14745.25,3177,795,14744.00,14825.00,14720.00,14774.75,122549,26953,14808.25,14825.00,14740.50,14807.00,54711,11086,14803.25,14807.50,14766.75,14774.75,19335,2869,14774.50,14840.75,14758.50,14832.75,156979,3599,14774.50,14878.00,14758.50,14818.00,282977,8980,14818.00,14834.00,14706.00,14770.50,135418,7081,14770.00,14837.50,14766.00,14826.25,51255,3504,14826.50,14860.75,14816.00,14852.25,59334,3495,14854.50,14860.75,14834.25,14852.25,32282,1745,14852.50,14948.75,14814.00,14827.50,44622,2619,14774.50,14878.00,14706.00,14852.25,528984,23060
2023-10-25,NQZ3,53970,14828.00,14855.00,14444.00,14467.75,805706,14828.00,14855.00,14776.25,14812.50,11732,1695,14828.00,14855.00,14713.00,14739.25,132308,27992,14756.25,14783.75,14713.00,14764.50,55741,11493,14778.75,14783.75,14732.50,14739.25,22974,3087,14739.00,14749.25,14596.75,14612.75,169914,3600,14739.00,14749.25,14576.25,14579.00,328613,8992,14579.50,14595.00,14453.00,14482.75,159981,7159,14482.75,14507.25,14451.25,14474.75,61879,3559,14474.75,14504.25,14452.25,14476.75,74946,3571,14483.75,14504.25,14466.50,14476.75,46265,1795,14476.75,14534.25,14444.00,14464.25,47829,2676,14739.00,14749.25,14451.25,14476.75,625419,23281
2023-10-26,NQZ3,59520,14425.00,14459.00,14140.25,14209.50,979543,14425.00,14430.00,14353.50,14370.75,19612,2475,14425.00,14430.75,14257.00,14418.00,211508,33506,14308.50,14367.00,14257.00,14332.25,76216,12796,14351.00,14430.75,14323.00,14418.00,49728,3486,14418.25,14459.00,14269.75,14323.25,190969,3599,14418.25,14459.00,14227.50,14270.75,365217,8995,14271.00,14273.50,14140.25,14223.00,179642,7168,14223.50,14312.25,14212.00,14310.75,75357,3581,14311.25,14332.50,14178.25,14202.50,100173,3584,14268.25,14268.25,14178.25,14202.50,57348,1797,14202.75,14257.75,14179.25,14209.00,47559,2670,14418.25,14459.00,14140.25,14202.50,720389,23328
2023-10-27,NQZ3,52998,14248.25,14407.75,14209.75,14270.00,774722,14248.25,14302.50,14246.50,14290.25,8026,1756,14248.25,14343.50,14246.50,14306.25,144194,28037,14307.75,14343.50,14276.00,14280.75,54680,10884,14298.25,14334.50,14277.00,14306.25,37752,3346,14306.25,14369.50,14291.00,14324.00,171492,3598,14306.25,14407.75,14274.00,14371.25,320213,8988,14371.25,14385.00,14228.75,14237.25,136769,7134,14237.50,14284.75,14212.25,14219.25,71854,3578,14219.50,14267.75,14209.75,14256.75,74940,3565,14256.25,14267.75,14209.75,14256.75,45425,1792,14256.75,14283.50,14254.75,14270.50,26618,1678,14306.25,14407.75,14209.75,14256.75,603776,23265
2023-10-30,NQZ3,48184,14336.00,14476.50,14303.00,14412.75,699653,14336.00,14345.50,14303.00,14328.50,7903,1561,14336.00,14391.75,14303.00,14364.25,96163,23172,14358.25,14391.75,14351.25,14378.75,38275,8999,14364.00,14369.75,14342.25,14364.25,16817,2724,14364.50,14476.50,14330.75,14339.50,166002,3600,14364.50,14476.50,14306.25,14395.25,316961,8993,14395.25,14429.25,14310.50,14423.50,137608,7107,14423.25,14451.50,14399.25,14432.75,53522,3538,14432.75,14472.00,14414.00,14417.00,72774,3571,14449.75,14455.00,14414.00,14417.00,36071,1788,14417.00,14422.50,14402.75,14410.50,22527,1786,14364.50,14476.50,14306.25,14417.00,580865,23209
2023-10-31,NQZ3,52037,14410.50,14503.75,14311.25,14452.00,708177,14410.50,14416.50,14403.75,14408.00,2271,710,14410.50,14454.00,14320.25,14415.00,135472,26857,14349.75,14448.75,14344.25,14428.00,53151,10790,14449.50,14449.50,14392.75,14415.00,30313,3156,14414.50,14428.75,14311.25,14398.25,150145,3599,14414.50,14434.25,14311.25,14407.50,291929,8981,14407.00,14483.50,14369.25,14476.00,133453,7090,14476.50,14489.75,14441.50,14484.75,50199,3525,14485.25,14503.75,14468.75,14493.50,66921,3531,14486.50,14499.25,14468.75,14493.50,39522,1776,14493.25,14494.25,14443.00,14452.25,30073,2031,14414.50,14503.75,14311.25,14493.50,542502,23127
2023-11-01,NQZ3,47232,14460.00,14762.00,14410.75,14761.25,734498,14460.00,14478.00,14453.25,14463.75,3605,922,14460.00,14534.50,14410.75,14520.75,117673,22024,14491.00,14492.00,14410.75,14421.25,36266,8814,14441.25,14534.50,14439.75,14520.75,46556,3397,14520.25,14638.50,14515.25,14635.00,158324,3594,14520.25,14649.50,14515.25,14612.75,266583,8967,14612.75,14616.75,14562.25,14607.75,88758,6969,14607.75,14677.00,14558.00,14659.00,130236,3568,14658.75,14762.00,14654.75,14744.75,106798,3581,14728.00,14762.00,14724.50,14744.75,44416,1785,14745.00,14760.00,14732.75,14759.50,24318,2102,14520.25,14762.00,14515.25,14744.75,592375,23085
2023-11-02,NQZ3,51442,14761.25,15017.25,14760.00,14970.50,639288,14761.25,14773.50,14760.00,14768.00,3591,1033,14761.25,14953.50,14760.00,14916.75,146422,25794,14792.25,14885.50,14787.75,14879.75,54714,10706,14906.25,14953.50,14903.50,14916.75,38517,3337,14916.50,14952.50,14869.50,14933.75,145408,3599,14916.50,14972.00,14869.50,14938.00,255467,8965,14938.25,14999.50,14922.75,14992.25,100355,6971,14992.25,15008.00,14976.00,14998.50,40308,3372,14998.75,15008.50,14986.50,14995.75,55515,3467,14994.50,15008.50,14990.75,14995.75,37377,1773,14995.75,15017.25,14933.00,14967.75,41081,2851,14916.50,15008.50,14869.50,14995.75,451645,22775
2023-11-03,NQZ3,45656,14928.00,15228.50,14925.50,15186.25,625171,14928.00,14961.75,14925.50,14946.75,6283,1374,14928.00,15065.50,14925.50,15047.50,135517,20996,14953.75,14972.75,14931.50,14971.50,36550,8452,14958.75,15065.50,14940.00,15047.50,64005,3487,15047.00,15163.25,15040.50,15067.75,150264,3599,15047.00,15163.25,15040.50,15146.50,259843,8971,15146.50,15204.50,15135.75,15194.75,101269,7017,15194.50,15218.25,15170.00,15212.75,43407,3440,15212.50,15228.50,15174.00,15177.75,65524,3514,15196.00,15198.75,15174.00,15177.75,38859,1780,15177.75,15189.75,15171.50,15184.50,19466,1696,15047.00,15228.50,15040.50,15177.75,470043,22942
2023-11-06,NQZ3,46728,15187.00,15257.50,15138.00,15222.50,490110,15187.00,15202.50,15172.00,15177.75,6332,1395,15187.00,15225.25,15162.75,15202.50,89871,22535,15192.00,15225.25,15184.00,15206.75,33829,8499,15197.25,15216.50,15194.25,15202.50,14359,2630,15202.00,15257.50,15185.00,15211.75,122069,3595,15202.00,15257.50,15185.00,15226.75,200663,8880,15226.50,15229.00,15138.00,15170.00,90054,6879,15169.50,15210.25,15143.25,15203.00,48072,3452,15203.25,15230.25,15194.50,15227.50,44424,3443,15205.25,15230.25,15194.50,15227.50,25519,1757,15227.50,15236.50,15216.00,15222.75,16978,1524,15202.00,15257.50,15138.00,15227.50,383213,22654
2023-11-07,NQZ3,47768,15215.00,15412.25,15176.00,15376.00,571482,15215.00,15220.25,15203.75,15210.00,3278,939,15215.00,15284.50,15176.00,15271.75,112635,23662,15188.00,15227.25,15176.00,15221.25,44470,9765,15226.00,15284.50,15225.00,15271.75,28535,3044,15271.75,15344.25,15224.00,15336.00,135851,3598,15271.75,15402.75,15224.00,15379.00,241782,8943,15379.00,15407.50,15329.25,15400.00,99733,6936,15400.50,15412.25,15380.50,15385.75,36588,3333,15385.75,15408.00,15354.00,15373.00,62981,3418,15396.50,15408.00,15354.00,15373.00,38848,1721,15373.00,15381.00,15371.50,15376.50,17707,1465,15271.75,15412.25,15224.00,15373.00,441084,22630
2023-11-08,NQZ3,48794,15373.00,15417.50,15286.75,15359.50,541299,15373.00,15375.25,15363.25,15368.75,3427,978,15373.00,15390.00,15336.25,15384.00,96715,24512,15342.00,15378.75,15338.75,15377.50,36927,9266,15375.25,15390.00,15363.75,15384.00,15750,2718,15384.25,15417.50,15339.75,15346.75,123274,3599,15384.25,15417.50,15330.50,15342.25,241919,8958,15342.25,15367.00,15286.75,15357.25,104358,6833,15357.75,15387.00,15350.25,15353.50,38983,3319,15352.75,15394.50,15351.75,15386.25,44074,3428,15370.50,15394.50,15358.50,15386.25,27975,1751,15386.00,15390.75,15359.50,15359.50,15201,1728,15384.25,15417.50,15286.75,15386.25,429334,22538
2023-11-09,NQZ3,48607,15356.25,15453.75,15236.75,15255.50,699981,15356.25,15359.00,15345.25,15358.00,3532,996,15356.25,15411.00,15345.25,15402.00,106142,23760,15377.75,15401.75,15361.25,15383.50,44201,9933,15391.50,15411.00,15376.25,15402.00,24601,3126,15401.75,15432.75,15352.50,15364.25,131190,3599,15401.75,15453.75,15346.00,15446.75,243708,8946,15446.75,15447.00,15305.00,15338.25,160287,7068,15337.75,15343.50,15254.75,15260.75,99064,3587,15260.00,15273.75,15236.75,15252.50,69690,3556,15256.25,15266.25,15236.75,15252.50,34978,1773,15252.75,15264.00,15252.00,15256.00,21057,1676,15401.75,15453.75,15236.75,15252.50,572749,23157
2023-11-10,NQZ3,52122,15254.75,15612.75,15207.25,15583.00,662738,15254.75,15254.75,15223.75,15232.25,4870,1366,15254.75,15329.25,15207.25,15327.25,131507,26844,15261.75,15283.00,15207.25,15277.25,54809,11068,15285.25,15329.25,15276.00,15327.25,25345,3075,15327.25,15390.75,15305.50,15327.00,139597,3599,15327.25,15451.25,15305.50,15448.25,257560,8959,15448.50,15568.75,15445.00,15560.00,141286,7055,15559.00,15580.00,15551.75,15570.25,37538,3402,15570.00,15604.50,15565.50,15591.50,63192,3488,15586.00,15604.50,15579.75,15591.50,45238,1786,15591.25,15612.75,15577.25,15579.75,31519,2352,15327.25,15604.50,15305.50,15591.50,499576,22904
2023-11-13,NQZ3,47959,15586.25,15601.25,15465.25,15557.25,526191,15586.25,15601.25,15548.00,15561.25,9839,1586,15586.25,15601.25,15509.50,15533.25,111829,24176,15537.75,15569.00,15525.75,15562.50,35650,8940,15567.75,15574.25,15527.00,15533.25,25050,2845,15532.75,15539.00,15465.25,15519.00,129461,3598,15532.75,15589.50,15465.25,15577.25,238382,8926,15577.50,15581.75,15536.50,15557.50,88843,6847,15557.25,15588.50,15547.75,15571.50,31162,3293,15571.00,15583.00,15541.50,15544.00,43347,3431,15572.00,15574.50,15541.50,15544.00,24703,1729,15543.75,15558.75,15543.75,15557.00,12489,1268,15532.75,15589.50,15465.25,15544.00,401734,22497
2023-11-14,NQZ3,46332,15558.00,15918.75,15552.00,15893.00,645583,15558.00,15562.75,15552.00,15558.75,2097,658,15558.00,15839.75,15552.00,15814.50,172228,21798,15581.75,15607.75,15567.25,15581.75,38842,9152,15593.25,15839.75,15552.00,15814.50,100328,3543,15814.25,15887.50,15790.25,15880.75,155222,3599,15814.25,15903.00,15790.25,15841.50,253456,8955,15841.75,15888.00,15833.25,15853.75,77656,6792,15853.75,15894.50,15822.00,15889.50,51336,3463,15889.25,15918.75,15862.75,15870.75,65863,3479,15908.25,15915.25,15862.75,15870.75,38410,1756,15870.75,15905.25,15870.50,15894.50,24970,1829,15814.25,15918.75,15790.25,15870.75,448311,22689
2023-11-15,NQZ3,52613,15895.00,16049.50,15832.25,15845.25,676031,15895.00,15913.00,15895.00,15905.00,3798,1164,15895.00,16049.50,15895.00,15950.25,152382,27531,15919.75,15990.00,15916.00,15987.75,53262,11071,15999.75,16049.50,15937.25,15950.25,51176,3496,15950.25,15973.50,15906.00,15942.75,126662,3598,15950.25,15977.25,15892.75,15898.00,252048,8963,15897.75,15917.00,15832.50,15904.00,123424,7025,15903.75,15928.75,15877.50,15913.25,58065,3489,15913.25,15913.75,15873.00,15885.00,59918,3525,15893.00,15912.50,15873.00,15885.00,33551,1765,15884.75,15894.00,15832.25,15846.00,30154,2065,15950.25,15977.25,15832.50,15885.00,493455,23002
2023-11-16,NQZ3,51351,15846.75,15906.75,15796.75,15898.75,627432,15846.75,15865.50,15844.50,15864.50,3805,1075,15846.75,15883.25,15822.00,15849.25,130620,26682,15852.75,15873.00,15828.50,15833.50,40205,9676,15832.25,15883.25,15831.00,15849.25,39139,3395,15849.25,15905.75,15825.25,15874.75,131146,3599,15849.25,15905.75,15796.75,15839.00,268975,8977,15838.50,15902.75,15831.75,15847.00,108805,7050,15846.75,15893.50,15841.25,15878.25,48245,3478,15878.25,15906.75,15865.00,15896.75,52563,3435,15877.75,15906.75,15870.25,15896.75,33641,1750,15896.75,15904.50,15885.00,15898.75,18174,1716,15849.25,15906.75,15796.75,15896.75,478588,22940
2023-11-17,NQZ3,48491,15897.75,15940.00,15825.00,15874.25,556019,15897.75,15898.00,15882.75,15886.25,3012,874,15897.75,15919.75,15867.50,15869.00,110935,24019,15888.25,15918.75,15880.75,15899.75,46942,10425,15916.00,15918.75,15867.50,15869.00,30174,3172,15869.00,15880.75,15827.00,15870.75,122881,3596,15869.00,15880.75,15825.00,15877.25,222003,8957,15877.00,15920.50,15863.50,15910.50,93800,6947,15910.50,15940.00,15896.50,15910.00,47148,3460,15909.75,15927.00,15870.75,15894.75,64852,3467,15910.25,15911.00,15870.75,15894.75,43827,1788,15894.75,15899.75,15873.50,15874.25,17159,1620,15869.00,15940.00,15825.00,15894.75,427803,22831
2023-11-20,NQZ3,49712,15895.00,16116.75,15837.25,16089.50,553359,15895.00,15903.75,15848.25,15864.25,9133,1836,15895.00,15932.00,15837.25,15893.25,113998,25643,15861.00,15932.00,15860.00,15894.25,49968,10242,15894.25,15925.00,15887.50,15893.25,19151,2800,15893.50,16002.25,15892.00,15957.25,133758,3597,15893.50,16021.25,15892.00,16014.25,228183,8882,16014.50,16076.25,16003.50,16070.50,95794,6733,16070.25,16098.25,16058.75,16094.50,42014,3381,16094.75,16116.75,16075.50,16081.25,55221,3472,16105.50,16107.50,16075.50,16081.25,31184,1750,16081.25,16090.25,16079.25,16090.00,18118,1588,15893.50,16116.75,15892.00,16081.25,421212,22468
2023-11-21,NQZ3,50411,16087.50,16122.50,15912.00,15968.50,568179,16087.50,16102.00,16083.00,16100.75,4368,1161,16087.50,16122.50,16000.25,16009.75,118475,25349,16082.75,16094.25,16038.25,16041.50,42827,9556,16034.50,16040.00,16000.25,16009.75,30142,3178,16010.25,16020.75,15922.00,15928.50,126674,3598,16010.25,16020.75,15916.75,15960.00,231019,8932,15960.00,15990.00,15942.00,15976.00,89018,6869,15974.75,15992.00,15957.75,15984.25,47370,3393,15984.25,16001.25,15973.00,15988.50,50082,3451,15991.75,15994.25,15973.00,15988.50,27531,1747,15988.50,16025.00,15912.00,15969.75,32128,2400,16010.25,16020.75,15916.75,15988.50,417489,22645
2023-11-22,NQZ3,49816,15967.25,16173.50,15942.75,16045.50,617548,15967.25,15969.00,15943.00,15955.00,4556,1206,15967.25,16079.25,15942.75,16067.25,129028,25823,15958.75,16061.00,15951.50,16046.00,56172,11112,16065.25,16079.25,16043.25,16067.25,30518,3227,16067.25,16173.50,16005.50,16058.75,188771,3597,16067.25,16173.50,16005.50,16084.75,297445,8909,16084.75,16104.50,16058.00,16093.50,79762,6827,16093.50,16100.00,16012.25,16054.25,53647,3406,16054.75,16063.50,16043.50,16053.50,43814,3390,16052.50,16061.25,16043.50,16053.50,22531,1706,16053.75,16054.25,16038.00,16045.50,13767,1447,16067.25,16173.50,16005.50,16053.50,474668,22532
2023-11-23,NQZ3,21131,16036.75,16086.50,16034.50,16062.50,69784,16036.75,16046.00,16034.50,16045.25,2309,760,16036.75,16086.50,16034.50,16063.50,45900,15505,16075.75,16086.50,16058.00,16058.50,18174,6003,16059.75,16071.75,16057.00,16063.50,4538,1359,16063.50,16069.25,16051.50,16058.00,11125,2241,16063.50,16074.75,16051.50,16063.00,20701,4619,16063.25,16066.50,16058.50,16062.50,3183,1007,,,,,0,0,,,,,0,0,,,,,0,0,,,,,0,0,16063.50,16074.75,16051.50,16062.50,23884,5626
2023-11-24,NQZ3,31532,16062.50,16077.00,15981.75,16011.00,224148,16062.50,16077.00,16059.50,16064.75,1881,660,16062.50,16077.00,16024.50,16027.50,73845,19354,16033.25,16071.50,16024.50,16036.00,35021,8670,16036.00,16053.50,16026.50,16027.50,12958,2492,16027.75,16053.50,15990.50,15991.25,72839,3564,16027.75,16053.50,15981.75,16018.25,122787,8544,16018.25,16025.25,16004.25,16011.00,27516,3634,,,,,0,0,,,,,0,0,,,,,0,0,,,,,0,0,16027.75,16053.50,15981.75,16011.00,150303,12178
2023-11-27,NQZ3,47506,16008.00,16089.25,15938.75,16004.75,499060,16008.00,16009.00,15982.75,15987.00,5860,1360,16008.00,16021.75,15938.75,15996.25,99791,23862,15983.50,16018.50,15970.75,16003.50,35748,8683,16020.75,16021.75,15976.25,15996.25,17374,2740,15996.50,16050.25,15970.25,16015.25,115039,3588,15996.50,16066.00,15970.25,16054.50,208671,8887,16055.00,16089.25,16044.50,16052.25,77165,6668,16052.00,16058.00,15997.75,16020.50,43017,3316,16021.00,16047.50,15999.00,16007.25,51950,3369,16036.75,16047.50,15999.00,16007.25,31936,1719,16007.50,16011.50,16002.75,16004.50,18394,1395,15996.50,16089.25,15970.25,16007.25,380803,22240
2023-11-28,NQZ3,47743,16005.25,16071.50,15945.25,16051.50,590739,16005.25,16013.50,16003.00,16009.50,2909,853,16005.25,16014.00,15945.25,15976.25,105804,23308,15970.00,16010.75,15949.75,15968.75,40492,9292,15974.00,15990.75,15966.75,15976.25,18378,2863,15976.25,16007.50,15958.50,15988.75,111102,3590,15976.25,16071.50,15958.50,16052.25,247746,8950,16052.75,16059.25,15968.25,16006.00,114828,6897,16005.75,16027.75,15985.25,16020.00,49968,3434,16019.50,16052.50,15989.75,16049.50,54744,3454,16005.50,16052.50,16004.50,16049.50,32083,1751,16049.50,16058.75,16044.75,16053.50,17580,1683,15976.25,16071.50,15958.50,16049.50,467286,22735
2023-11-29,NQZ3,50239,16055.50,16208.50,16013.50,16041.25,628455,16055.50,16058.00,16040.50,16052.50,4682,1129,16055.50,16173.25,16040.50,16144.75,131794,25581,16061.50,16144.50,16055.75,16144.25,53067,10462,16157.50,16173.25,16137.75,16144.75,31221,3257,16144.75,16208.50,16085.00,16110.25,160210,3596,16144.75,16208.50,16031.75,16064.50,281162,8966,16064.50,16099.75,16053.75,16077.00,84433,6831,16077.25,16085.00,16035.50,16063.75,47812,3398,16063.50,16066.25,16013.50,16018.00,59778,3473,16021.50,16031.00,16013.50,16018.00,33001,1766,16017.75,16055.50,16017.50,16041.00,23436,1981,16144.75,16208.50,16013.50,16018.00,473185,22668
2023-11-30,NQZ3,47694,16040.25,16098.50,15856.00,15957.00,676474,16040.25,16050.00,16037.00,16047.00,3567,1037,16040.25,16098.50,16030.00,16032.00,120021,22916,16067.25,16078.75,16031.25,16075.50,38663,8741,16082.00,16098.50,16030.00,16032.00,41741,3363,16032.00,16051.50,15918.75,15956.75,173601,3598,16032.00,16051.50,15865.75,15868.50,303533,8955,15868.75,15912.00,15856.00,15872.25,88672,6894,15872.25,15929.25,15872.25,15924.25,47567,3409,15924.00,15988.50,15870.75,15986.00,84077,3521,15884.75,15988.50,15881.75,15986.00,55467,1778,15985.75,15991.25,15956.75,15957.75,32506,1985,16032.00,16051.50,15856.00,15986.00,523849,22779
2023-12-01,NQZ3,47411,15955.00,16050.00,15864.00,16030.25,615725,15955.00,15966.75,15950.00,15963.25,3323,933,15955.00,16000.75,15919.25,15929.75,100552,23097,15949.75,16000.75,15919.25,15924.50,45985,10135,15942.25,15947.75,15920.25,15929.75,19584,2934,15929.50,15963.50,15873.50,15879.50,141119,3599,15929.50,16017.75,15864.00,15999.25,309483,8968,15999.75,16050.00,15978.75,15993.75,103988,6953,15994.50,16031.50,15989.00,16031.00,32641,3317,16031.00,16037.50,16002.50,16026.25,46927,3410,16030.00,16037.50,16005.50,16026.25,27886,1722,16026.25,16036.75,16010.00,16031.00,22053,1650,15929.50,16050.00,15864.00,16026.25,493039,22648
2023-12-04,NQZ3,49830,16022.00,16026.00,15721.25,15857.50,706527,16022.00,16026.00,15988.25,15991.25,8259,1766,16022.00,16026.00,15848.50,15863.00,129650,25290,15949.25,16003.50,15929.50,15961.75,45510,10031,15946.25,15948.50,15848.50,15863.00,38251,3285,15862.50,15876.50,15746.75,15751.00,164182,3598,15862.50,15876.50,15721.25,15829.50,305325,8982,15829.25,15869.00,15817.00,15822.75,120102,6942,15822.75,15842.25,15796.00,15831.25,55068,3455,15830.75,15885.75,15807.75,15872.50,73752,3530,15830.00,15885.75,15829.75,15872.50,46793,1785,15872.25,15874.00,15852.75,15857.50,22435,1611,15862.50,15885.75,15721.25,15872.50,554247,22909
2023-12-05,NQZ3,50315,15863.25,15961.00,15761.25,15899.75,672705,15863.25,15863.25,15845.00,15849.25,3035,858,15863.25,15863.25,15761.25,15796.25,119013,25948,15770.00,15814.75,15761.75,15781.75,51823,11116,15808.50,15817.25,15769.00,15796.25,22260,2969,15796.75,15936.75,15783.25,15883.75,171774,3596,15796.75,15961.00,15783.25,15862.25,322460,8970,15862.50,15897.75,15827.50,15871.75,115949,7009,15872.25,15903.50,15858.00,15898.75,43527,3437,15898.75,15908.50,15883.25,15902.50,50153,3409,15895.50,15906.25,15883.25,15902.50,31688,1725,15902.75,15926.50,15897.00,15900.50,21567,1530,15796.75,15961.00,15783.25,15902.50,532089,22825
2023-12-06,NQZ3,50695,15897.00,16037.75,15802.00,15814.50,662014,15897.00,15929.75,15891.00,15928.00,4249,1175,15897.00,16037.00,15891.00,16031.75,137365,26193,15973.50,15988.00,15921.75,15942.50,47144,10131,15956.25,16037.00,15955.25,16031.75,40654,3285,16031.75,16037.75,15875.75,15902.25,163124,3598,16031.75,16037.75,15863.50,15915.25,296551,8971,15915.50,15924.75,15844.00,15885.75,101289,6934,15885.75,15888.25,15856.75,15866.50,38792,3351,15867.25,15872.75,15802.00,15811.50,68011,3512,15826.25,15844.50,15802.00,15811.50,40511,1779,15811.25,15822.00,15808.75,15815.25,19978,1721,16031.75,16037.75,15802.00,15811.50,504643,22768
2023-12-07,NQZ3,50222,15814.50,16066.00,15791.00,16018.00,612109,15814.50,15825.00,15800.75,15816.75,5578,1404,15814.50,15940.00,15791.00,15934.00,122172,25640,15814.50,15859.50,15803.00,15859.25,43565,10223,15868.25,15940.00,15844.50,15934.00,37491,3368,15934.00,15997.00,15887.50,15996.00,164560,3598,15934.00,16028.00,15887.50,16023.75,294093,8972,16023.50,16056.00,16010.00,16035.75,85389,6853,16036.00,16066.00,16025.25,16025.50,39446,3392,16025.50,16051.00,16019.25,16040.00,48561,3459,16042.75,16048.25,16026.50,16040.00,27003,1747,16039.50,16042.75,16006.00,16016.50,22347,1885,15934.00,16066.00,15887.50,16040.00,467489,22676
2023-12-08,NQZ3,44482,16017.50,16118.75,15888.25,16094.00,525906,16017.50,16029.50,16016.00,16019.75,2589,798,16017.50,16038.75,15888.25,15950.00,120841,21070,15997.00,16038.75,15970.75,15989.25,33450,8665,15984.00,15999.00,15888.25,15950.00,58394,3424,15949.50,16113.50,15947.25,16098.75,130141,3596,15949.50,16113.50,15947.25,16023.75,254985,8948,16024.00,16087.50,15989.50,16085.50,70033,6545,16085.25,16118.75,16081.00,16110.00,27507,3113,16110.25,16117.50,16087.75,16100.50,38341,3309,16109.75,16117.50,16093.00,16100.50,21295,1663,16100.75,16102.25,16086.50,16093.00,14104,1477,15949.50,16118.75,15947.25,16100.50,390866,21915
2023-12-11,NQZ3,41449,16093.00,16460.00,16059.25,16455.50,396321,16093.00,16114.50,16082.25,16105.00,4304,1284,16093.00,16307.75,16059.25,16289.50,69131,18390,16275.50,16301.25,16256.25,16290.00,24884,6563,16279.25,16307.75,16273.25,16289.50,12766,2325,16289.75,16387.50,16281.50,16362.75,101363,3571,16289.75,16412.75,16281.50,16372.75,188194,8832,16373.00,16457.50,16359.50,16451.25,60773,6302,16451.25,16459.50,16429.25,16437.00,23833,3079,16437.25,16450.75,16423.00,16450.75,40701,3332,16431.25,16450.75,16427.75,16450.75,21990,1676,16451.00,16460.00,16441.00,16455.25,13652,1499,16289.75,16459.50,16281.50,16450.75,313501,21545
2023-12-12,NQH4,44810,16453.00,16600.00,16396.50,16596.75,513525,16453.00,16456.25,16441.00,16454.25,2780,858,16453.00,16548.00,16440.25,16444.00,124793,20841,16477.00,16495.50,16462.75,16491.50,30220,7555,16505.00,16548.00,16440.25,16444.00,56229,3365,16443.50,16490.25,16396.50,16467.25,117655,3592,16443.50,16517.00,16396.50,16487.75,193913,8801,16487.75,16534.50,16465.00,16530.25,86795,6739,16530.25,16550.00,16523.25,16549.25,33526,3177,16549.25,16574.00,16542.75,16572.25,53320,3456,16564.00,16574.00,16553.75,16572.25,31413,1750,16572.50,16600.00,16571.75,16597.00,21067,1778,16443.50,16574.00,16396.50,16572.25,367554,22173
2023-12-13,NQH4,44058,16596.00,16806.50,16576.00,16762.50,627202,16596.00,16613.25,16590.00,16609.75,4604,1017,16596.00,16635.75,16590.00,16605.75,87945,19554,16606.25,16617.75,16594.00,16607.00,27494,7536,16609.00,16635.75,16603.75,16605.75,28962,3063,16606.25,16657.25,16597.25,16626.50,106033,3588,16606.25,16657.25,16597.25,16602.75,186986,8845,16603.00,16612.50,16576.00,16598.25,63419,6453,16597.50,16792.25,16590.00,16779.50,140491,3592,16779.25,16806.50,16681.75,16771.00,118674,3593,16722.75,16776.00,16706.50,16771.00,52948,1797,16771.00,16786.00,16754.00,16762.50,29642,2008,16606.25,16806.50,16576.00,16771.00,509570,22483
2023-12-14,NQH4,55150,16777.50,16885.00,16628.00,16743.00,737885,16777.50,16817.75,16775.25,16817.00,7547,1623,16777.50,16885.00,16775.25,16820.25,161544,30360,16854.75,16877.50,16820.25,16839.25,50125,11146,16837.00,16861.00,16807.00,16820.25,41552,3452,16820.50,16877.25,16786.00,16793.00,161279,3600,16820.50,16877.25,16742.00,16779.75,284748,8974,16779.75,16818.00,16628.00,16666.75,140062,7058,16667.00,16742.00,16663.75,16736.25,66434,3542,16736.25,16757.00,16728.75,16751.75,62174,3495,16739.75,16757.00,16729.75,16751.75,38619,1766,16752.00,16766.00,16740.00,16742.50,22872,1705,16820.50,16877.25,16628.00,16751.75,553418,23069
2023-12-15,NQH4,49805,16739.25,16887.25,16732.25,16815.00,641579,16739.25,16763.25,16732.25,16760.75,4418,1232,16739.25,16818.50,16732.25,16775.50,129461,24792,16800.50,16813.50,16782.25,16794.25,39297,9576,16803.00,16818.50,16756.75,16775.50,51610,3441,16775.50,16866.00,16769.00,16859.50,131776,3593,16775.50,16887.25,16769.00,16864.75,226101,8923,16864.75,16870.50,16762.50,16776.75,133776,7032,16776.00,16829.00,16770.25,16808.25,47729,3457,16808.25,16867.75,16806.00,16826.75,73695,3462,16831.75,16867.75,16818.25,16826.75,53238,1750,16826.50,16833.50,16814.00,16814.50,30716,2119,16775.50,16887.25,16762.50,16826.75,481301,22874
2023-12-18,NQH4,46885,16820.25,16974.00,16802.25,16921.75,447862,16820.25,16846.00,16802.25,16823.50,6179,1602,16820.25,16858.75,16802.25,16843.00,90181,23137,16842.00,16854.75,16808.00,16840.50,35201,9084,16843.25,16856.25,16830.75,16843.00,18022,2823,16843.00,16905.50,16832.50,16901.25,108889,3591,16843.00,16914.75,16832.50,16902.75,187690,8816,16903.25,16957.75,16902.75,16953.00,62995,6467,16952.75,16974.00,16947.50,16964.00,35220,3199,16963.75,16972.00,16937.25,16941.50,50342,3403,16970.00,16970.50,16937.25,16941.50,33804,1753,16941.75,16942.25,16912.75,16922.25,21393,1849,16843.00,16974.00,16832.50,16941.50,336247,21885
2023-12-19,NQH4,46016,16917.00,17029.50,16910.75,17026.00,487721,16917.00,16928.25,16916.00,16924.25,2798,933,16917.00,16989.25,16910.75,16952.50,88986,22192,16926.25,16989.25,16923.75,16971.75,37736,8551,16966.00,16970.75,16948.00,16952.50,17030,2837,16952.50,16997.75,16944.50,16989.25,122951,3592,16952.50,17012.50,16944.50,16986.25,221159,8887,16985.75,17005.00,16965.25,16993.50,77425,6734,16993.50,17009.25,16991.50,17001.75,28332,3167,17002.00,17019.25,16984.50,17018.50,50096,3364,16994.50,17019.25,16989.50,17018.50,31712,1715,17018.50,17029.50,17014.75,17023.75,21534,1649,16952.50,17019.25,16944.50,17018.50,377012,22152
2023-12-20,NQH4,47672,17024.00,17073.50,16758.50,16794.75,643149,17024.00,17033.25,17020.25,17028.50,3032,937,17024.00,17046.00,16962.00,16984.25,94868,22974,17037.00,17037.50,16962.00,16972.25,48512,10165,16981.00,16988.00,16974.25,16984.25,12634,2303,16984.50,17054.50,16971.00,17050.50,99815,3579,16984.50,17073.50,16971.00,17039.25,183209,8834,17039.00,17065.75,17022.25,17039.75,71204,6519,17039.75,17043.00,16834.75,16847.50,111221,3494,16847.50,16869.00,16768.50,16771.00,148610,3598,16794.25,16834.75,16768.50,16771.00,66148,1799,16770.75,16793.25,16758.50,16791.00,33975,2231,16984.50,17073.50,16768.50,16771.00,514244,22445
2023-12-21,NQH4,49738,16790.25,16970.25,16790.25,16949.50,631021,16790.25,16813.75,16790.25,16812.25,5660,1541,16790.25,16970.25,16790.25,16926.00,135183,25256,16866.25,16890.75,16859.25,16884.00,38098,9211,16872.00,16970.25,16860.25,16926.00,51241,3379,16925.50,16958.75,16843.25,16887.50,140424,3600,16925.50,16958.75,16843.25,16884.00,240976,8915,16884.25,16884.25,16815.00,16880.00,126095,7028,16879.25,16907.25,16865.00,16876.75,41507,3404,16876.75,16966.00,16873.25,16957.25,66741,3490,16937.75,16966.00,16929.25,16957.25,41357,1773,16957.00,16962.25,16941.00,16950.00,20499,1632,16925.50,16966.00,16815.00,16957.25,475319,22837
2023-12-22,NQH4,45053,16956.00,17041.50,16891.50,16962.50,478748,16956.00,16956.25,16932.00,16942.25,4735,1203,16956.00,17014.00,16891.50,16999.00,104732,21491,16910.00,16952.25,16898.50,16944.75,24657,7363,16964.50,17014.00,16930.50,16999.00,41245,3067,16998.75,17041.50,16989.25,17022.75,97973,3584,16998.75,17041.50,16968.50,16991.25,175089,8775,16990.75,17021.25,16968.00,17005.50,57347,6287,17005.25,17006.25,16896.00,16983.25,80016,3534,16983.75,16992.25,16957.50,16976.25,46534,3406,16989.75,16991.25,16957.50,16976.25,25620,1734,16976.25,16987.25,16958.50,16962.25,14942,1545,16998.75,17041.50,16896.00,16976.25,358986,22002
2023-12-26,NQH4,36249,16964.50,17111.25,16964.50,17090.00,286170,16964.50,17011.00,16964.50,17004.50,5875,1276,16964.50,17037.25,16964.50,17011.50,51296,14575,17032.50,17035.75,16984.75,17015.00,16485,4963,17010.00,17015.50,16997.00,17011.50,8088,1874,17011.50,17057.00,17005.50,17042.00,64469,3494,17011.50,17060.50,17005.50,17051.25,113530,8426,17051.25,17064.50,17037.00,17049.00,42346,5826,17048.50,17072.75,17046.75,17072.25,16542,2663,17072.25,17111.25,17071.00,17081.75,48602,3297,17101.50,17111.25,17071.00,17081.75,31202,1746,17082.00,17091.50,17081.25,17090.00,13805,1446,17011.50,17111.25,17005.50,17081.75,221020,20212
2023-12-27,NQH4,41814,17090.25,17133.00,17055.50,17130.00,417060,17090.25,17102.75,17085.75,17089.75,3395,1054,17090.25,17106.25,17072.75,17091.50,58102,18133,17086.75,17097.00,17072.75,17087.75,20033,6343,17102.50,17106.25,17090.25,17091.50,10532,2230,17091.50,17124.75,17055.50,17082.00,91698,3580,17091.50,17124.75,17055.50,17086.50,153099,8669,17086.50,17127.75,17066.25,17107.75,80625,6518,17107.50,17108.50,17060.75,17081.00,54541,3322,17080.75,17106.50,17071.50,17106.00,49953,3379,17080.00,17106.50,17075.00,17106.00,34062,1749,17106.00,17133.00,17103.75,17130.50,20683,1779,17091.50,17127.75,17055.50,17106.00,338218,21888
2023-12-28,NQH4,41241,17127.00,17165.25,17077.75,17089.50,353018,17127.00,17128.00,17118.25,17121.75,2744,809,17127.00,17165.25,17118.25,17145.50,66381,18418,17154.75,17162.00,17144.25,17154.25,20911,6705,17158.00,17165.25,17134.75,17145.50,16608,2697,17145.25,17159.00,17102.75,17127.50,70664,3562,17145.25,17159.00,17102.75,17113.50,135424,8680,17113.00,17137.50,17092.75,17116.50,66591,6352,17116.75,17129.00,17110.25,17115.25,22597,2979,17115.50,17116.25,17077.75,17086.75,49127,3370,17100.50,17115.75,17077.75,17086.75,28501,1701,17087.00,17102.00,17085.75,17089.75,12845,1429,17145.25,17159.00,17077.75,17086.75,273739,21381
2023-12-29,NQH4,40960,17090.25,17131.00,16938.25,17003.75,460937,17090.25,17101.75,17083.25,17099.50,2822,879,17090.25,17131.00,17066.00,17085.75,62472,17072,17107.50,17131.00,17075.75,17085.00,26907,6870,17082.50,17092.50,17080.00,17085.75,7979,1879,17085.75,17107.50,17073.75,17094.75,60032,3540,17085.75,17107.50,16938.25,16977.75,187941,8887,16977.75,17036.25,16943.25,17020.25,102441,6877,17020.25,17045.75,17015.00,17042.00,31542,3181,17042.50,17049.75,16987.25,17017.25,57869,3452,17036.00,17036.50,16987.25,17017.25,33570,1723,17017.50,17033.50,17003.00,17005.25,18583,1471,17085.75,17107.50,16938.25,17017.25,379793,22397
2024-01-02,NQH4,48362,17019.00,17038.50,16622.50,16731.75,634193,17019.00,17037.00,17013.75,17029.50,4582,1181,17019.00,17038.50,16817.00,16864.00,120721,23715,17017.75,17036.75,16817.00,16826.00,58705,10550,16825.50,16877.75,16821.75,16864.00,26340,3051,16864.00,16873.50,16716.75,16724.50,138752,3598,16864.00,16873.50,16685.00,16771.75,244789,8946,16772.00,16787.75,16688.25,16690.50,101496,6944,16690.25,16707.50,16659.00,16660.75,54235,3443,16660.50,16726.00,16622.50,16723.50,88757,3560,16643.75,16726.00,16636.75,16723.50,51146,1792,16723.25,16736.50,16713.25,16730.75,24126,1741,16864.00,16873.50,16622.50,16723.50,489277,22893
2024-01-03,NQH4,49032,16736.75,16737.25,16522.00,16542.75,668346,16736.75,16737.25,16716.75,16724.75,3468,1023,16736.75,16737.25,16591.50,16610.50,122407,24632,16711.75,16729.50,16602.75,16608.00,53052,11049,16636.00,16646.00,16591.50,16610.50,30913,3031,16610.25,16653.50,16556.50,16583.50,160279,3599,16610.25,16653.50,16544.00,16565.00,268211,8949,16565.25,16619.50,16549.25,16583.00,82557,6731,16583.00,16628.75,16529.75,16593.25,95924,3552,16592.25,16597.00,16522.00,16543.00,82440,3566,16550.50,16579.75,16522.00,16543.00,49265,1783,16542.75,16545.25,16527.25,16540.75,16719,1579,16610.25,16653.50,16522.00,16543.00,529132,22798
2024-01-04,NQH4,47160,16545.25,16587.25,16436.00,16450.75,551255,16545.25,16562.75,16545.25,16549.00,3706,1030,16545.25,16587.25,16444.00,16455.25,109429,22653,16568.25,16584.25,16504.50,16517.25,38764,9064,16502.75,16505.25,16444.00,16455.25,29992,3147,16455.50,16533.25,16443.25,16509.00,125170,3598,16455.50,16583.75,16443.25,16522.75,232871,8934,16522.50,16529.00,16481.25,16504.50,86498,6799,16504.75,16515.00,16464.75,16484.75,44351,3433,16484.50,16511.00,16436.00,16449.25,59387,3470,16483.00,16499.50,16436.00,16449.25,38127,1752,16449.50,16457.50,16436.75,16448.00,18627,1851,16455.50,16583.75,16436.00,16449.25,423107,22636
2024-01-05,NQH4,47098,16455.00,16577.25,16334.25,16465.00,620632,16455.00,16468.75,16450.75,16456.25,3196,935,16455.00,16469.00,16334.25,16446.75,150906,22870,16402.00,16438.75,16367.50,16392.50,37506,9193,16405.75,16451.25,16334.25,16446.75,76861,3470,16447.25,16555.25,16437.50,16537.50,125870,3596,16447.25,16577.25,16437.50,16516.25,227843,8929,16516.00,16519.00,16430.25,16490.50,115845,6994,16491.00,16509.75,16418.75,16422.50,51574,3432,16422.50,16472.25,16403.75,16460.25,60278,3483,16416.50,16472.25,16404.50,16460.25,37179,1769,16460.25,16469.25,16455.75,16465.75,14149,1378,16447.25,16577.25,16403.75,16460.25,455540,22838
2024-01-08,NQH4,48402,16470.00,16811.25,16378.25,16788.25,537622,16470.00,16490.00,16458.75,16480.75,5857,1444,16470.00,16514.25,16378.25,16508.00,107750,24031,16443.00,16481.00,16378.25,16480.00,45209,9783,16489.50,16514.25,16470.75,16508.00,19416,2822,16508.25,16644.50,16505.50,16639.50,131004,3595,16508.25,16674.75,16505.50,16672.25,217304,8870,16672.50,16741.00,16672.50,16740.00,79229,6630,16739.75,16793.50,16731.75,16790.00,43777,3405,16789.50,16810.50,16770.75,16809.50,65738,3534,16778.75,16810.50,16773.50,16809.50,43078,1786,16809.75,16811.25,16786.75,16787.75,23720,1912,16508.25,16810.50,16505.50,16809.50,406048,22439
2024-01-09,NQH4,47721,16788.00,16868.50,16657.75,16829.50,597922,16788.00,16790.75,16780.50,16785.25,3034,932,16788.00,16796.00,16657.75,16670.25,109190,23212,16769.00,16769.25,16683.75,16722.75,46418,9960,16704.75,16704.75,16657.75,16670.25,29274,3171,16670.00,16747.00,16660.50,16722.00,120237,3597,16670.00,16829.25,16660.50,16827.75,222638,8918,16827.75,16868.50,16798.50,16840.25,116744,7012,16840.50,16856.00,16806.00,16826.50,48124,3475,16826.75,16843.00,16776.50,16823.50,83081,3559,16825.25,16841.50,16776.50,16823.50,51598,1786,16823.50,16838.00,16823.50,16830.00,18086,1530,16670.00,16868.50,16660.50,16823.50,470587,22964
2024-01-10,NQH4,47315,16829.50,16983.00,16801.50,16957.00,544039,16829.50,16839.25,16816.50,16839.00,3145,972,16829.50,16906.25,16806.25,16838.75,97165,23161,16843.50,16906.25,16834.50,16844.00,44247,9754,16842.50,16843.75,16809.25,16838.75,17967,2782,16838.50,16874.00,16801.50,16859.50,116879,3598,16838.50,16897.50,16801.50,16880.50,200945,8879,16880.50,16932.50,16869.25,16923.25,92116,6755,16923.50,16981.75,16921.25,16981.75,53528,3452,16981.50,16983.00,16892.75,16936.00,84180,3546,16941.00,16948.25,16892.75,16936.00,46137,1778,16936.25,16959.00,16935.75,16955.50,16055,1508,16838.50,16983.00,16801.50,16936.00,430769,22632
2024-01-11,NQH4,48600,16955.00,17057.00,16753.00,16958.25,748575,16955.00,16967.50,16944.75,16962.00,3355,1118,16955.00,17057.00,16892.25,16982.25,151809,24004,17010.75,17048.00,16992.50,17003.00,40084,9247,17029.00,17057.00,16892.25,16982.25,72660,3513,16982.75,17043.50,16824.50,16887.75,180652,3600,16982.75,17043.50,16753.00,16776.00,341480,8979,16775.75,16936.25,16771.50,16934.50,120963,7065,16934.25,16983.75,16915.50,16977.50,53829,3518,16977.50,16978.75,16926.00,16971.25,64382,3533,16949.50,16975.75,16927.00,16971.25,31631,1763,16971.50,16975.50,16956.50,16958.25,16080,1489,16982.75,17043.50,16753.00,16971.25,580654,23095
2024-01-12,NQH4,50159,16957.75,17042.50,16866.50,16955.25,587576,16957.75,16963.25,16941.25,16954.75,4248,1194,16957.75,17008.25,16866.50,17006.00,137055,25996,16923.00,16977.75,16866.50,16909.75,51646,10362,16907.50,17008.25,16904.50,17006.00,42095,3403,17006.25,17042.50,16935.25,16971.25,141050,3600,17006.25,17042.50,16913.50,16930.50,263353,8968,16930.25,16983.25,16917.25,16981.25,76775,6766,16981.25,16994.00,16943.50,16950.50,39869,3380,16950.75,16980.00,16932.00,16972.25,54123,3494,16958.00,16980.00,16950.50,16972.25,29534,1757,16972.25,16974.00,16947.00,16954.50,16340,1542,17006.25,17042.50,16913.50,16972.25,434120,22608
2024-01-15,NQH4,26782,16961.75,17024.25,16936.25,16970.00,102894,16961.75,16964.00,16938.75,16945.00,3725,1099,16961.75,17024.25,16938.75,16957.25,66356,19520,17000.50,17022.00,16946.50,16962.75,28309,7976,16965.25,16970.25,16939.25,16957.25,6895,1825,16957.00,16966.25,16936.25,16955.75,15030,2593,16957.00,16979.00,16936.25,16962.50,29675,5799,16962.50,16973.50,16954.25,16970.00,6863,1463,,,,,0,0,,,,,0,0,,,,,0,0,,,,,0,0,16957.00,16979.00,16936.25,16970.00,36538,7262
2024-01-16,NQH4,53203,16961.00,17033.75,16811.75,16978.00,703577,16961.00,16965.00,16933.50,16936.00,5294,1350,16961.00,16965.00,16811.75,16912.00,136824,28491,16878.75,16916.75,16811.75,16912.00,53420,10735,16886.50,16930.25,16879.00,16912.00,26556,3151,16912.00,17003.75,16855.00,16996.25,146379,3600,16912.00,17033.75,16855.00,16947.00,314064,8985,16947.00,16961.00,16889.75,16903.50,128943,7059,16903.75,16931.75,16862.00,16926.75,52063,3496,16926.75,16966.00,16921.25,16964.75,53723,3460,16927.00,16966.00,16922.75,16964.75,31966,1753,16964.50,16981.25,16961.00,16978.75,17863,1692,16912.00,17033.75,16855.00,16964.75,548793,23000
2024-01-17,NQH4,53834,16978.00,16982.00,16689.25,16860.25,705339,16978.00,16982.00,16966.50,16977.75,3028,926,16978.00,16982.00,16805.25,16819.00,154452,29215,16841.50,16908.00,16817.75,16891.75,52245,10807,16871.25,16873.00,16805.25,16819.00,39195,3343,16819.00,16843.00,16689.25,16754.25,164921,3600,16819.00,16843.00,16689.25,16809.25,296900,8985,16809.50,16825.00,16733.25,16760.50,113367,7046,16760.50,16843.00,16755.00,16832.00,52572,3491,16831.50,16885.00,16797.50,16878.25,69055,3540,16804.75,16885.00,16802.50,16878.25,41908,1788,16878.25,16878.25,16854.50,16860.00,18947,1542,16819.00,16885.00,16689.25,16878.25,531894,23062
2024-01-18,NQH4,53042,16854.50,17125.75,16834.25,17117.25,836550,16854.50,16861.00,16834.25,16854.50,4796,1315,16854.50,17044.75,16834.25,16994.00,156458,27836,16892.50,17025.25,16883.75,17006.00,62128,11178,17020.00,17044.75,16976.25,16994.00,48187,3374,16993.75,17054.25,16986.25,17033.75,149477,3597,16993.75,17102.25,16986.25,17080.50,304340,8980,17079.75,17083.00,16942.50,17021.00,174008,7149,17021.50,17111.75,17015.25,17099.00,93546,3567,17099.00,17125.75,17084.50,17112.25,83128,3550,17106.50,17125.75,17086.00,17112.25,51601,1775,17112.25,17123.50,17091.50,17118.25,24982,1949,16993.75,17125.75,16942.50,17112.25,655022,23246
2024-01-19,NQH4,53771,17116.00,17471.25,17107.25,17462.75,743817,17116.00,17147.75,17107.25,17147.25,6283,1433,17116.00,17255.25,17107.25,17203.25,142471,28367,17185.25,17253.75,17168.25,17240.00,55551,10920,17235.75,17244.00,17200.25,17203.25,26640,3089,17203.50,17232.75,17166.25,17212.75,138057,3597,17203.50,17271.00,17166.25,17267.00,264458,8985,17266.75,17395.50,17236.50,17394.25,149694,7119,17393.75,17437.50,17385.50,17427.50,85186,3569,17427.75,17448.00,17416.25,17433.75,75610,3564,17428.50,17447.50,17424.25,17433.75,40892,1781,17434.00,17471.25,17432.50,17464.25,26099,2142,17203.50,17448.00,17166.25,17433.75,574948,23237
2024-01-22,NQH4,52542,17466.00,17585.00,17434.00,17455.50,625845,17466.00,17499.50,17466.00,17485.75,9375,1921,17466.00,17582.50,17466.00,17526.25,133136,28121,17537.00,17582.50,17518.50,17571.25,41239,9605,17560.75,17561.00,17513.25,17526.25,24476,3013,17526.25,17585.00,17483.25,17490.75,155396,3597,17526.25,17585.00,17438.75,17511.75,282160,8963,17511.75,17513.00,17434.00,17479.25,95530,6947,17479.00,17487.00,17442.00,17468.75,45206,3425,17469.00,17490.00,17453.75,17455.00,55138,3499,17488.50,17488.75,17454.25,17455.00,31998,1763,17455.25,17462.25,17443.75,17456.75,14609,1578,17526.25,17585.00,17434.00,17455.00,478034,22834
2024-01-23,NQH4,48603,17461.00,17558.25,17409.50,17552.50,500857,17461.00,17474.00,17450.00,17465.00,3339,1060,17461.00,17525.50,17420.50,17487.50,100901,23806,17478.75,17487.75,17420.50,17478.50,40827,9554,17505.00,17525.50,17475.00,17487.50,22214,2891,17488.00,17490.50,17409.50,17464.25,119025,3594,17488.00,17490.50,17409.50,17466.75,210558,8943,17466.50,17494.00,17441.75,17481.75,67704,6709,17482.25,17500.75,17464.50,17497.50,33142,3330,17497.50,17539.00,17489.75,17533.25,58427,3490,17508.75,17539.00,17497.00,17533.25,35445,1745,17533.25,17558.25,17510.25,17554.00,30028,2305,17488.00,17539.00,17409.50,17533.25,369831,22472
2024-01-24,NQH4,51393,17554.00,17793.50,17552.25,17630.25,711437,17554.00,17577.75,17552.25,17576.25,5074,1286,17554.00,17692.25,17552.25,17684.50,118174,25874,17630.00,17671.25,17628.00,17663.00,42854,10061,17689.50,17692.25,17655.50,17684.50,20669,2915,17684.50,17716.25,17637.50,17712.75,134334,3600,17684.50,17765.00,17637.50,17751.00,266411,8982,17750.75,17793.50,17696.50,17715.00,140932,7099,17715.00,17719.00,17632.00,17662.00,73380,3553,17661.75,17683.25,17604.00,17618.00,83338,3579,17619.50,17665.50,17604.00,17618.00,45926,1795,17617.75,17634.00,17569.75,17631.25,29008,2280,17684.50,17793.50,17604.00,17618.00,564061,23213
2024-01-25,NQH4,50940,17614.75,17752.00,17542.00,17579.50,702508,17614.75,17627.50,17606.00,17616.75,5696,1516,17614.75,17727.25,17589.25,17721.25,136266,25349,17629.25,17664.00,17603.00,17635.00,46997,9744,17649.25,17727.25,17613.75,17721.25,45107,3318,17721.00,17734.75,17649.25,17729.50,130856,3598,17721.00,17752.00,17649.25,17722.00,257870,8975,17722.25,17732.00,17570.25,17583.25,154567,7169,17583.50,17608.00,17542.00,17607.75,65031,3555,17608.00,17629.25,17590.25,17625.00,60562,3536,17601.50,17629.25,17592.25,17625.00,36060,1781,17625.00,17650.75,17583.25,17584.25,28008,2329,17721.00,17752.00,17542.00,17625.00,538030,23235
2024-01-26,NQH4,53869,17571.25,17632.00,17466.00,17504.75,626065,17571.25,17571.50,17530.50,17544.25,7758,1620,17571.25,17611.50,17466.00,17558.00,150442,28926,17472.00,17590.25,17466.00,17567.25,48309,10601,17567.25,17611.50,17533.00,17558.00,41560,3389,17558.25,17582.00,17504.00,17577.25,117682,3599,17558.25,17629.50,17504.00,17611.50,227475,8948,17611.25,17632.00,17503.50,17519.00,127514,7086,17519.25,17573.75,17514.25,17563.00,47221,3451,17562.50,17567.25,17515.25,17528.25,51468,3477,17537.00,17544.00,17515.25,17528.25,30987,1769,17528.25,17532.00,17496.75,17504.00,21849,1955,17558.25,17632.00,17503.50,17528.25,453678,22962
2024-01-29,NQH4,49371,17502.00,17716.25,17457.50,17700.25,560766,17502.00,17502.00,17457.50,17479.75,7951,1693,17502.00,17591.50,17457.50,17546.25,101818,24699,17555.75,17591.50,17540.25,17554.50,39583,9303,17548.75,17554.25,17534.50,17546.25,13206,2466,17546.00,17583.50,17526.00,17548.75,113242,3594,17546.00,17583.50,17519.75,17581.25,209026,8929,17581.25,17609.50,17576.25,17588.25,87014,6783,17588.50,17634.00,17583.00,17626.00,44086,3404,17626.00,17716.25,17624.00,17702.50,95879,3573,17705.00,17714.00,17680.50,17702.50,41712,1788,17702.75,17710.50,17687.00,17702.50,22794,1957,17546.00,17716.25,17519.75,17702.50,436005,22689
2024-01-30,NQH4,50109,17711.75,17735.75,17467.00,17470.25,547334,17711.75,17732.75,17699.50,17721.50,6167,1481,17711.75,17735.75,17645.25,17661.50,104617,24173,17690.75,17721.25,17665.50,17681.75,40632,9347,17671.00,17672.50,17645.25,17661.50,16835,2679,17661.25,17684.75,17616.50,17652.00,110075,3596,17661.25,17684.75,17616.50,17634.75,196681,8906,17635.00,17647.50,17554.50,17569.75,101410,6959,17570.00,17601.50,17548.25,17590.25,41736,3450,17590.25,17608.50,17576.25,17591.75,53111,3486,17602.75,17603.00,17576.75,17591.75,31850,1767,17591.75,17608.00,17467.00,17469.00,49614,3108,17661.25,17684.75,17548.25,17591.75,392938,22801
2024-01-31,NQH4,52798,17415.50,17484.00,17221.50,17265.25,803504,17415.50,17462.00,17410.00,17449.25,12305,2142,17415.50,17468.75,17333.75,17399.25,154628,27438,17453.50,17468.75,17333.75,17428.75,66830,11287,17425.50,17454.25,17377.00,17399.25,33963,3227,17399.00,17426.50,17318.00,17319.50,125587,3598,17399.00,17426.50,17283.50,17337.75,239927,8965,17337.75,17403.50,17333.25,17379.75,85874,6882,17380.25,17484.00,17309.00,17383.00,143260,3596,17383.50,17387.75,17230.50,17242.00,144210,3599,17299.75,17303.50,17230.50,17242.00,59386,1799,17242.00,17270.75,17221.50,17264.75,35511,2293,17399.00,17484.00,17230.50,17242.00,613271,23042
2024-02-01,NQH4,52351,17273.25,17646.75,17262.75,17628.00,697672,17273.25,17290.75,17266.75,17282.25,6483,1383,17273.25,17363.75,17262.75,17305.50,128243,25826,17317.25,17363.75,17313.25,17346.50,46179,9763,17325.00,17357.75,17302.50,17305.50,27029,3083,17305.25,17367.75,17270.00,17366.50,130714,3594,17305.25,17371.75,17264.00,17322.00,250033,8971,17322.25,17414.00,17321.75,17369.50,143689,7140,17369.75,17437.00,17369.25,17431.75,53718,3513,17431.75,17453.25,17404.25,17432.75,55221,3492,17437.25,17453.25,17404.25,17432.75,31047,1760,17432.75,17646.75,17416.50,17630.00,66635,3384,17305.25,17453.25,17264.00,17432.75,502661,23116
2024-02-02,NQH4,50894,17588.00,17775.50,17465.50,17687.00,750117,17588.00,17607.50,17578.50,17593.25,9504,1818,17588.00,17643.25,17483.25,17508.50,158481,25539,17598.00,17643.25,17579.00,17626.00,43808,9570,17607.75,17614.00,17483.25,17508.50,67432,3525,17507.75,17624.00,17465.50,17591.50,163702,3600,17507.75,17717.75,17465.50,17699.00,298945,8987,17699.50,17756.50,17664.50,17728.25,146022,7119,17728.00,17775.50,17725.00,17761.75,55834,3538,17762.00,17774.25,17733.25,17736.25,62481,3519,17763.75,17774.25,17733.25,17736.25,39015,1781,17735.75,17738.00,17684.25,17687.25,28134,2166,17507.75,17775.50,17465.50,17736.25,563282,23163
2024-02-05,NQH4,50337,17696.00,17745.50,17554.25,17702.50,614919,17696.00,17723.00,17690.75,17706.50,5993,1513,17696.00,17739.25,17664.00,17722.25,118547,25456,17695.50,17735.75,17673.75,17735.25,42970,9296,17709.00,17725.00,17690.50,17722.25,19948,2863,17722.00,17737.25,17600.75,17629.25,138078,3598,17722.00,17737.25,17554.25,17661.00,251085,8972,17661.25,17722.50,17654.25,17698.25,104109,6997,17698.50,17745.50,17682.50,17736.00,46711,3462,17736.00,17737.00,17673.50,17707.25,70919,3556,17714.50,17730.75,17696.50,17707.25,37486,1777,17707.00,17707.75,17678.75,17703.00,23467,1878,17722.00,17745.50,17554.25,17707.25,472824,22987
2024-02-06,NQH4,48294,17698.50,17769.00,17560.75,17650.25,617029,17698.50,17710.75,17693.00,17694.25,3265,941,17698.50,17769.00,17670.50,17739.00,103917,23514,17765.25,17768.25,17670.50,17703.00,47857,9890,17733.00,17752.50,17726.75,17739.00,15510,2665,17738.75,17767.75,17598.25,17620.25,159631,3599,17738.75,17767.75,17578.00,17588.00,274303,8968,17588.50,17632.25,17560.75,17631.00,106523,7023,17631.50,17640.75,17562.75,17636.25,54814,3531,17635.75,17657.00,17599.25,17651.75,57659,3520,17635.00,17657.00,17599.25,17651.75,35272,1777,17652.00,17668.00,17641.00,17650.00,19766,1721,17738.75,17767.75,17560.75,17651.75,493299,23042
2024-02-07,NQH4,47331,17645.75,17875.50,17629.75,17856.25,603414,17645.75,17663.00,17645.75,17650.25,3999,1043,17645.75,17779.50,17629.75,17776.00,112309,22597,17638.25,17711.25,17636.25,17706.25,36252,8331,17736.75,17779.50,17727.25,17776.00,28106,3072,17776.00,17862.25,17718.75,17861.50,146382,3599,17776.00,17875.50,17718.75,17845.75,271956,8969,17845.75,17859.00,17779.25,17852.00,114555,7066,17852.00,17861.50,17831.50,17852.50,36701,3365,17852.75,17866.25,17830.50,17841.50,48769,3436,17857.75,17859.00,17830.50,17841.50,28139,1739,17841.50,17860.50,17834.50,17857.00,18924,1875,17776.00,17875.50,17718.75,17841.50,471981,22836
2024-02-08,NQH4,44403,17856.25,17896.50,17792.25,17860.25,465048,17856.25,17856.25,17835.25,17842.50,2933,925,17856.25,17862.50,17792.25,17832.50,83119,20208,17847.00,17854.00,17801.50,17807.00,35353,8517,17804.00,17832.50,17792.25,17832.50,19168,2913,17832.25,17866.00,17808.00,17841.75,99305,3594,17832.25,17894.25,17808.00,17889.50,202314,8934,17889.50,17896.50,17849.25,17867.25,83755,6858,17866.75,17875.50,17827.25,17862.75,39368,3438,17862.50,17879.50,17848.00,17862.25,41035,3365,17870.75,17876.00,17848.00,17862.25,25413,1723,17862.25,17874.25,17852.00,17861.25,15364,1582,17832.25,17896.50,17808.00,17862.25,366472,22595
2024-02-09,NQH4,43685,17854.25,18071.00,17852.25,18038.25,490828,17854.25,17870.75,17852.25,17867.25,2308,826,17854.25,17972.00,17852.25,17911.50,105388,19759,17885.50,17939.50,17884.00,17916.75,40726,8681,17911.75,17972.00,17902.50,17911.50,39881,3210,17911.00,17969.75,17875.00,17968.50,113115,3594,17911.00,18007.50,17875.00,17995.25,204282,8912,17995.00,18044.75,17977.75,18038.75,72639,6703,18039.25,18071.00,18029.25,18056.50,34354,3277,18056.00,18057.00,18030.75,18040.50,55266,3496,18043.25,18049.50,18030.75,18040.50,30821,1756,18040.50,18044.00,18028.25,18038.50,18781,1521,17911.00,18071.00,17875.00,18040.50,366541,22388
2024-02-12,NQH4,41369,18040.00,18121.50,17911.25,17929.50,533457,18040.00,18043.75,18003.00,18034.25,6145,1399,18040.00,18059.25,18003.00,18029.75,61295,16364,18040.75,18059.25,18031.75,18039.50,24097,6631,18041.75,18043.25,18021.50,18029.75,11792,2245,18030.00,18051.00,18007.25,18036.00,86755,3583,18030.00,18121.50,18007.25,18099.25,189232,8935,18099.00,18109.25,17991.75,18025.50,125291,7010,18025.50,18026.25,17936.25,17947.00,77596,3548,17946.50,17985.75,17944.75,17959.50,56637,3519,17973.75,17981.00,17952.00,17959.50,32136,1758,17959.25,17968.25,17911.25,17929.25,23330,1972,18030.00,18121.50,17936.25,17959.50,448756,23012
2024-02-13,NQH4,49044,17928.50,17963.25,17542.00,17699.75,842067,17928.50,17940.50,17917.00,17937.75,3727,1063,17928.50,17963.25,17615.75,17629.25,180310,23701,17950.50,17963.25,17807.00,17833.75,60394,11055,17847.50,17870.00,17615.75,17629.25,88371,3568,17628.75,17733.25,17586.75,17733.00,167524,3600,17628.75,17791.75,17586.75,17723.00,316509,8977,17723.25,17728.00,17647.50,17652.75,121914,7060,17653.00,17658.75,17569.75,17575.25,91395,3583,17575.00,17681.25,17542.00,17675.25,105480,3579,17572.25,17681.25,17568.75,17675.25,68064,1798,17675.25,17702.50,17670.50,17701.25,26382,2128,17628.75,17791.75,17542.00,17675.25,635298,23199
2024-02-14,NQH4,49630,17703.00,17887.00,17669.25,17873.50,682995,17703.00,17705.00,17681.50,17690.75,5055,1265,17703.00,17811.75,17669.25,17789.75,116111,24329,17741.25,17811.75,17730.50,17787.00,47751,10131,17776.75,17800.00,17765.75,17789.75,21619,3038,17789.50,17847.00,17743.00,17832.50,139877,3600,17789.50,17847.00,17704.00,17730.50,282753,8975,17730.50,17814.25,17690.25,17782.25,119009,7050,17782.25,17797.75,17730.50,17793.00,59592,3529,17793.00,17882.75,17784.00,17882.75,74579,3555,17839.50,17882.75,17824.00,17882.75,42894,1787,17882.50,17887.00,17858.50,17873.50,30893,2177,17789.50,17882.75,17690.25,17882.75,535933,23109
2024-02-15,NQH4,47033,17870.00,17968.25,17780.50,17955.00,653622,17870.00,17881.25,17865.00,17879.00,2671,797,17870.00,17933.50,17844.00,17890.50,104301,21739,17911.00,17926.50,17881.50,17905.75,31876,8301,17893.75,17933.50,17876.75,17890.50,35555,3289,17890.50,17903.25,17797.00,17816.50,148799,3600,17890.50,17903.25,17780.50,17830.75,270865,8967,17830.75,17933.00,17819.50,17911.00,117953,7055,17911.25,17928.50,17881.00,17909.50,63311,3534,17909.25,17916.75,17873.00,17906.75,68076,3538,17898.00,17916.75,17882.00,17906.75,36222,1759,17906.75,17968.25,17906.25,17956.75,29035,2184,17890.50,17933.00,17780.50,17906.75,520205,23094
2024-02-16,NQH4,47672,17952.00,18026.00,17715.00,17721.50,733793,17952.00,17959.00,17944.25,17952.75,2688,853,17952.00,18026.00,17903.00,17929.25,127657,22590,17967.75,18026.00,17961.00,17994.75,40161,9084,17989.75,17994.00,17903.00,17929.25,52904,3474,17929.75,17933.50,17717.00,17762.25,174176,3600,17929.75,17933.50,17717.00,17884.75,308590,8989,17884.50,17887.00,17802.25,17874.25,117964,7027,17874.75,17903.50,17769.00,17788.75,70803,3504,17789.00,17797.50,17722.25,17746.00,84795,3575,17790.25,17794.50,17722.25,17746.00,49563,1789,17746.25,17751.50,17715.00,17722.50,23848,1966,17929.75,17933.50,17717.00,17746.00,582152,23095
2024-02-19,NQH4,24383,17729.25,17807.50,17726.25,17788.75,95847,17729.25,17792.75,17726.25,17775.75,6472,1490,17729.25,17803.50,17726.25,17788.00,61368,17796,17759.50,17787.75,17738.75,17766.25,21789,6352,17779.50,17789.75,17772.25,17788.00,5630,1491,17788.25,17807.50,17776.25,17782.50,17559,2678,17788.25,17807.50,17772.50,17783.25,29760,5364,17783.75,17796.50,17779.25,17788.75,4719,1223,,,,,0,0,,,,,0,0,,,,,0,0,,,,,0,0,17788.25,17807.50,17772.50,17788.75,34479,6587
2024-02-20,NQH4,53607,17787.75,17793.00,17452.50,17582.50,783676,17787.75,17793.00,17738.75,17749.25,7164,1619,17787.75,17793.00,17614.00,17663.75,149891,28406,17717.00,17719.25,17614.00,17674.00,65882,11666,17666.50,17699.50,17647.25,17663.75,24988,3018,17664.25,17724.00,17503.50,17507.50,185260,3600,17664.25,17724.00,17482.00,17510.75,321246,8977,17510.75,17533.00,17452.50,17531.75,133123,7084,17531.50,17576.75,17505.25,17569.00,63364,3552,17569.25,17600.75,17530.75,17597.75,89044,3576,17588.00,17600.75,17530.75,17597.75,58993,1796,17597.75,17614.50,17575.00,17581.75,26935,1992,17664.25,17724.00,17452.50,17597.75,606777,23189
2024-02-21,NQH4,50789,17573.00,17723.00,17372.75,17710.00,717812,17573.00,17590.00,17563.75,17570.50,4864,1407,17573.00,17590.00,17480.50,17494.25,118133,24471,17575.75,17580.00,17484.00,17484.75,54689,10345,17496.00,17514.75,17480.50,17494.25,20743,2891,17494.75,17525.50,17448.25,17478.75,138002,3598,17494.75,17525.50,17448.25,17507.75,233982,8932,17507.75,17509.50,17427.50,17454.25,124484,6990,17454.75,17487.25,17372.75,17409.25,94171,3578,17409.00,17537.75,17382.75,17536.00,82979,3566,17421.50,17537.75,17416.50,17536.00,53280,1800,17535.50,17703.00,17412.25,17701.25,63397,3223,17494.75,17537.75,17372.75,17536.00,535616,23066
2024-02-22,NQH4,56106,17702.50,18087.00,17676.00,18023.50,745762,17702.50,17708.75,17676.00,17703.50,10559,2023,17702.50,17925.75,17676.00,17890.25,177264,30758,17840.50,17925.75,17839.25,17890.25,74763,11860,17888.00,17903.75,17869.00,17890.25,26575,3184,17889.75,17970.25,17864.00,17951.75,180230,3600,17889.75,17981.00,17864.00,17950.75,300808,8975,17950.50,18056.00,17935.25,18054.50,97404,6991,18054.25,18087.00,18035.00,18052.25,57052,3510,18052.00,18084.75,18040.50,18051.50,78785,3562,18068.00,18084.75,18042.50,18051.50,48017,1791,18051.50,18055.00,18008.25,18024.00,34353,2290,17889.75,18087.00,17864.00,18051.50,534049,23038
2024-02-23,NQH4,46585,18023.25,18144.75,17946.00,17960.75,651208,18023.25,18050.00,18018.50,18041.00,5518,1378,18023.25,18113.00,17999.25,18104.75,103858,21739,18044.75,18046.75,17999.25,18041.75,36482,8304,18061.75,18113.00,18054.50,18104.75,29683,3066,18104.50,18144.75,18043.75,18062.00,144664,3598,18104.50,18144.75,17946.00,18033.00,305088,8977,18033.00,18064.25,17993.00,18035.25,104156,6976,18035.00,18038.00,17988.75,18014.00,48604,3476,18014.75,18020.00,17963.75,17994.50,65294,3530,17970.50,18016.50,17963.75,17994.50,37474,1785,17994.00,17996.50,17955.50,17961.00,24099,1862,18104.50,18144.75,17946.00,17994.50,523142,22959
2024-02-26,NQH4,46915,17961.50,18059.50,17922.00,17949.00,520506,17961.50,17988.25,17942.50,17983.25,5434,1518,17961.50,18028.00,17922.00,18008.50,91324,22376,17944.50,18005.25,17942.00,17979.25,32158,8097,18006.75,18028.00,17995.00,18008.50,14521,2530,18008.75,18050.75,17966.00,18019.00,123259,3597,18008.75,18058.75,17966.00,18046.75,217160,8921,18046.25,18059.50,17980.25,18010.75,95335,6892,18011.00,18041.75,18005.75,18019.25,43058,3421,18018.75,18036.50,17975.50,17975.75,53144,3499,18010.50,18020.75,17975.50,17975.75,30406,1771,17975.75,17981.75,17945.25,17950.25,20448,1792,18008.75,18059.50,17966.00,17975.75,408697,22733
2024-02-27,NQH4,46319,17951.00,18040.25,17908.75,18012.25,563122,17951.00,17970.00,17942.50,17963.00,3449,1028,17951.00,18040.25,17927.50,18022.00,93613,21809,17977.00,18040.25,17952.25,18031.00,36077,8580,17997.50,18032.75,17990.00,18022.00,19690,2889,18021.75,18032.50,17941.00,18006.00,129193,3598,18021.75,18032.50,17941.00,18001.00,229689,8939,18001.25,18010.00,17908.75,17964.75,116361,6944,17964.75,18029.25,17964.25,18029.25,53065,3485,18029.00,18031.25,18001.50,18019.75,53329,3463,18024.50,18029.00,18001.50,18019.75,30200,1754,18020.00,18024.50,18006.00,18011.50,16942,1660,18021.75,18032.50,17908.75,18019.75,452444,22831
2024-02-28,NQH4,48002,18017.50,18019.75,17846.25,17860.50,546729,18017.50,18019.75,18003.75,18006.00,2833,964,18017.50,18019.75,17892.25,17928.75,109576,22831,17978.75,17986.50,17892.25,17923.50,52068,10371,17932.00,17960.75,17917.00,17928.75,27295,3151,17928.50,17946.50,17876.00,17904.50,127913,3595,17928.50,17975.00,17876.00,17961.00,212190,8884,17961.25,17966.50,17894.00,17946.50,94090,6914,17947.00,17954.75,17884.00,17913.25,52703,3495,17913.25,17931.00,17892.00,17910.50,50762,3461,17926.25,17931.00,17892.00,17910.50,28416,1742,17910.50,17920.75,17846.25,17861.50,27313,2402,17928.50,17975.00,17876.00,17910.50,409745,22754
2024-02-29,NQH4,49213,17870.00,18109.50,17826.00,18070.75,671204,17870.00,17879.25,17865.25,17870.75,4313,1194,17870.00,18035.00,17826.00,18032.75,141410,24179,17891.00,17897.50,17826.00,17872.25,42184,9154,17861.25,18035.00,17859.50,18032.75,59664,3420,18033.00,18072.50,17981.00,18015.00,131897,3598,18033.00,18072.50,17898.25,17978.00,268179,8974,17978.00,18050.25,17969.00,18038.50,108959,7007,18038.75,18059.25,18007.00,18033.50,46742,3462,18033.50,18109.50,18020.50,18091.50,69326,3472,18051.00,18109.50,18044.00,18091.50,49894,1776,18091.75,18099.00,18035.50,18069.00,36412,2100,18033.00,18109.50,17898.25,18091.50,493206,22915
2024-03-01,NQH4,49981,18075.00,18372.75,18029.50,18321.00,627961,18075.00,18082.75,18044.50,18058.50,6482,1528,18075.00,18163.00,18029.50,18097.75,121554,25136,18154.25,18156.50,18029.50,18092.75,56671,10672,18101.75,18109.25,18070.50,18097.75,18402,2722,18097.75,18196.75,18093.75,18178.50,136754,3594,18097.75,18249.25,18093.75,18237.50,245656,8947,18237.50,18348.25,18221.75,18346.00,107310,6955,18346.00,18372.75,18332.75,18368.50,62897,3516,18368.50,18368.75,18321.75,18337.50,65515,3526,18343.75,18347.75,18329.00,18337.50,33129,1751,18337.50,18344.25,18315.00,18322.25,24704,1877,18097.75,18372.75,18093.75,18337.50,481378,22944
2024-03-04,NQH4,47447,18336.00,18377.75,18234.25,18244.25,560091,18336.00,18365.50,18327.75,18343.50,8646,1864,18336.00,18377.75,18310.75,18327.00,97352,22750,18359.00,18377.75,18310.75,18333.00,43689,9403,18339.50,18346.75,18316.25,18327.00,14864,2446,18327.00,18334.75,18280.25,18289.25,122942,3596,18327.00,18334.75,18280.25,18317.50,222328,8955,18317.50,18327.50,18270.25,18302.00,80409,6884,18301.50,18346.50,18289.00,18334.75,54109,3448,18335.00,18346.00,18252.25,18261.25,85335,3538,18330.50,18330.75,18252.25,18261.25,56429,1797,18261.25,18266.50,18234.25,18245.75,20460,1852,18327.00,18346.50,18252.25,18261.25,442181,22825
2024-03-05,NQH4,52018,18246.00,18252.00,17832.50,17983.25,785534,18246.00,18252.00,18217.00,18227.00,5896,1364,18246.00,18252.00,18107.25,18136.25,128700,26446,18175.50,18190.75,18107.25,18149.25,54246,10694,18148.00,18155.50,18119.75,18136.25,22855,3049,18136.00,18137.25,17952.25,17958.25,193496,3598,18136.00,18137.25,17907.50,17939.00,339603,8988,17939.50,17978.50,17875.75,17879.75,122481,7099,17879.75,17911.25,17849.00,17854.25,67868,3559,17853.75,17936.50,17832.50,17926.25,94060,3581,17839.00,17936.50,17832.50,17926.25,58077,1794,17925.75,17988.50,17925.75,17985.75,32693,2321,18136.00,18137.25,17832.50,17926.25,624012,23227
2024-03-06,NQH4,50143,17981.00,18174.25,17942.50,18040.25,797730,17981.00,17985.25,17952.75,17963.00,5827,1537,17981.00,18105.75,17942.50,18099.25,126016,25258,18004.00,18076.00,18002.00,18068.00,51646,10455,18075.00,18105.75,18054.00,18099.25,28224,3139,18099.00,18126.50,17963.50,18017.50,172979,3600,18099.00,18130.75,17963.50,18130.50,302901,8966,18130.00,18174.25,18030.50,18080.75,158353,7099,18080.50,18092.75,18002.25,18023.75,97664,3583,18023.50,18062.75,17984.50,18042.25,95837,3592,18018.00,18062.75,17984.50,18042.25,53932,1800,18042.50,18051.75,18028.25,18040.50,16879,1626,18099.00,18174.25,17963.50,18042.25,654755,23240
2024-03-07,NQH4,54898,18041.00,18360.00,17915.75,18254.00,740760,18041.00,18047.00,18022.25,18022.25,3475,1034,18041.00,18188.50,17915.75,18186.50,159665,29145,17953.25,18137.25,17915.75,18121.00,60629,11101,18139.00,18188.50,18134.00,18186.50,35014,3272,18186.25,18238.75,18118.75,18231.00,174180,3600,18186.25,18307.00,18118.75,18299.50,293613,8963,18299.50,18360.00,18286.25,18355.50,102632,7001,18355.75,18358.50,18321.75,18325.50,45434,3447,18325.75,18340.00,18288.50,18314.75,85652,3544,18305.00,18340.00,18301.00,18314.75,47447,1772,18314.75,18323.00,18159.00,18253.00,53608,2779,18186.25,18360.00,18118.75,18314.75,527331,22955
2024-03-08,NQH4,49680,18279.00,18436.50,18012.50,18056.00,977885,18279.00,18290.00,18256.25,18265.75,6263,1362,18279.00,18375.25,18211.00,18315.00,156679,24636,18296.50,18354.50,18251.50,18266.25,51449,10281,18274.50,18375.25,18211.00,18315.00,64625,3459,18314.25,18429.50,18288.00,18427.25,140902,3596,18314.25,18436.50,18149.25,18182.00,414632,8996,18182.50,18213.00,18012.50,18048.25,219226,7173,18048.50,18175.50,18040.25,18149.25,74973,3570,18149.50,18168.75,18040.50,18049.50,90840,3576,18051.00,18090.75,18040.50,18049.50,47868,1789,18049.50,18079.50,18039.00,18057.25,21427,1709,18314.25,18436.50,18012.50,18049.50,799671,23315
2024-03-11,NQH4,46650,18056.00,18304.00,17973.75,18244.25,572575,18056.00,18068.25,17975.25,17977.25,6241,1409,18056.00,18304.00,17973.75,18222.75,113730,22496,18280.75,18304.00,18189.00,18237.50,52095,9343,18191.75,18238.50,18171.00,18222.75,16651,2616,18222.75,18248.50,18138.00,18177.00,149142,3599,18222.75,18269.00,18138.00,18242.25,269537,8961,18242.75,18254.50,18187.25,18221.00,91763,6869,18221.00,18271.25,18205.50,18245.25,37914,3376,18245.25,18248.50,18191.75,18213.50,45975,3457,18204.25,18236.50,18191.75,18213.50,26702,1758,18213.50,18258.25,18211.75,18244.50,13614,1477,18222.75,18271.25,18138.00,18213.50,445189,22663
2024-03-12,NQM4,43833,18253.00,18491.00,18174.00,18471.00,676480,18253.00,18293.50,18247.50,18277.25,4628,1088,18253.00,18381.00,18204.00,18311.75,129471,19096,18320.25,18343.50,18275.25,18294.75,29223,7218,18300.50,18381.00,18204.00,18311.75,71074,3497,18311.50,18366.75,18174.00,18363.75,166995,3598,18311.50,18457.50,18174.00,18418.75,296036,8971,18418.75,18424.75,18323.25,18402.25,122344,7042,18402.75,18464.50,18397.25,18455.00,50682,3447,18455.00,18491.00,18435.00,18476.25,59869,3492,18467.75,18491.00,18455.50,18476.25,35186,1761,18476.50,18482.50,18463.75,18474.25,17959,1760,18311.50,18491.00,18174.00,18476.25,528931,22952
2024-03-13,NQM4,46179,18469.50,18506.75,18281.75,18355.50,687816,18469.50,18480.75,18456.00,18475.75,2456,766,18469.50,18506.75,18412.00,18432.25,96640,21588,18473.75,18506.75,18437.00,18461.00,41060,9370,18426.50,18441.50,18412.00,18432.25,22554,2975,18432.50,18432.75,18302.75,18345.00,184201,3597,18432.50,18432.75,18281.75,18335.50,330358,8985,18335.75,18398.25,18319.25,18391.50,111007,7009,18391.50,18404.25,18367.50,18379.25,45898,3409,18379.25,18389.50,18288.75,18329.00,87863,3555,18297.50,18351.75,18296.25,18329.00,51366,1796,18329.25,18357.75,18323.50,18354.75,15882,1613,18432.50,18432.75,18281.75,18329.00,575126,22958
2024-03-14,NQM4,45029,18342.00,18428.25,18161.25,18266.25,786709,18342.00,18361.25,18337.50,18358.25,3331,930,18342.00,18428.25,18337.50,18374.00,105197,19634,18386.75,18428.25,18375.00,18393.25,31985,7843,18410.25,18412.00,18342.50,18374.00,45591,3396,18374.25,18398.00,18203.25,18303.50,200820,3600,18374.25,18398.00,18203.25,18303.50,338951,8977,18303.75,18313.50,18210.00,18286.25,129918,7110,18286.50,18332.25,18251.50,18255.75,79503,3566,18256.25,18267.00,18161.25,18266.00,104566,3591,18190.75,18267.00,18161.25,18266.00,52831,1797,18265.50,18299.75,18255.25,18266.00,28457,2133,18374.25,18398.00,18161.25,18266.00,652938,23244
2024-03-15,NQM4,47757,18251.00,18322.75,18006.25,18063.50,671985,18251.00,18263.00,18245.50,18249.50,3380,1033,18251.00,18322.75,18137.00,18153.75,125011,22543,18219.00,18322.75,18208.25,18281.75,41133,9057,18257.75,18276.75,18137.00,18153.75,46334,3303,18153.25,18174.50,18029.00,18105.25,172043,3600,18153.25,18174.50,18029.00,18064.25,291762,8984,18063.50,18085.00,18006.25,18084.25,114067,7107,18084.25,18101.25,18041.25,18080.50,49049,3499,18080.25,18106.75,18044.00,18054.50,66135,3563,18083.50,18094.25,18044.00,18054.50,38740,1786,18054.50,18080.75,18051.75,18062.00,25901,2044,18153.25,18174.50,18006.25,18054.50,521013,23153
2024-03-18,NQM4,49522,18073.50,18381.00,18062.25,18227.75,644555,18073.50,18103.00,18062.25,18077.25,5463,1436,18073.50,18296.00,18062.25,18283.75,122192,24102,18152.25,18268.25,18139.25,18261.25,53738,9794,18279.25,18296.00,18263.25,18283.75,23318,2802,18283.25,18381.00,18277.50,18380.50,163805,3599,18283.25,18381.00,18276.50,18294.75,279934,8979,18295.00,18314.00,18235.25,18274.00,104031,7037,18274.00,18311.75,18254.50,18278.00,45335,3495,18278.50,18297.00,18219.00,18227.00,63112,3489,18278.00,18291.00,18219.00,18227.00,40171,1760,18227.00,18249.00,18207.25,18228.00,29874,2398,18283.25,18381.00,18219.00,18227.00,492412,23000
2024-03-19,NQM4,50489,18222.00,18289.25,18053.25,18273.00,653962,18222.00,18226.75,18178.25,18187.00,5544,1259,18222.00,18252.75,18077.75,18149.75,137805,25686,18186.00,18252.75,18104.00,18119.00,58134,10123,18081.25,18150.75,18079.00,18149.75,28957,3212,18150.00,18152.50,18053.25,18076.75,143353,3600,18150.00,18169.00,18053.25,18151.75,251038,8943,18152.00,18286.00,18147.00,18261.50,133595,7099,18261.00,18289.25,18241.50,18269.75,46920,3421,18269.50,18284.25,18216.50,18267.25,65828,3542,18235.75,18284.25,18225.50,18267.25,36820,1781,18267.25,18286.75,18262.00,18273.00,18697,1783,18150.00,18289.25,18053.25,18267.25,497381,23005
2024-03-20,NQM4,44272,18274.00,18545.00,18227.50,18542.00,608527,18274.00,18281.50,18268.00,18278.25,2163,675,18274.00,18331.25,18227.50,18313.50,82022,19368,18254.75,18331.25,18234.00,18322.50,37991,8535,18308.00,18317.50,18282.50,18313.50,15161,2508,18313.75,18334.50,18245.75,18299.50,98053,3578,18313.75,18334.50,18245.75,18280.50,165824,8792,18281.00,18291.50,18244.75,18270.75,59064,6559,18269.50,18454.50,18266.25,18415.75,168806,3595,18416.50,18497.75,18413.50,18475.00,101696,3590,18485.25,18497.75,18438.00,18475.00,45588,1794,18475.00,18545.00,18470.50,18538.75,30974,2346,18313.75,18497.75,18244.75,18475.00,495390,22536
2024-03-21,NQM4,50414,18539.75,18709.00,18526.75,18579.75,599532,18539.75,18563.00,18526.75,18557.25,7284,1620,18539.75,18695.75,18526.75,18687.50,123697,25579,18630.25,18667.25,18589.25,18636.25,53041,10569,18670.25,18695.75,18647.00,18687.50,24881,2897,18687.00,18709.00,18626.00,18661.00,137865,3598,18687.00,18709.00,18617.50,18682.00,250452,8958,18682.00,18707.50,18612.25,18619.00,88485,6963,18618.75,18623.50,18552.50,18571.00,63032,3541,18571.25,18601.75,18558.00,18569.00,56005,3551,18586.25,18601.75,18561.75,18569.00,32141,1783,18569.00,18586.50,18552.75,18580.50,17765,1803,18687.00,18709.00,18552.50,18569.00,457974,23013
2024-03-22,NQM4,48000,18580.50,18626.00,18492.00,18563.75,505243,18580.50,18590.50,18569.50,18588.25,2740,915,18580.50,18607.00,18492.00,18537.25,112211,23426,18568.00,18607.00,18505.00,18510.75,45689,9310,18506.50,18546.75,18492.00,18537.25,22634,2993,18537.00,18565.00,18500.00,18528.50,103655,3594,18537.00,18565.00,18500.00,18557.75,185047,8910,18558.00,18626.00,18528.50,18620.00,87024,6934,18619.75,18624.50,18580.50,18594.50,41638,3450,18594.25,18606.00,18547.00,18581.25,58532,3536,18573.75,18606.00,18561.25,18581.25,30738,1771,18581.50,18583.00,18555.00,18564.00,20709,1726,18537.00,18626.00,18500.00,18581.25,372241,22830
2024-03-25,NQM4,46154,18567.00,18601.25,18414.75,18533.50,452041,18567.00,18584.50,18552.75,18559.50,4524,1164,18567.00,18601.25,18456.50,18460.00,90543,22278,18546.00,18565.00,18456.50,18468.00,39408,9095,18483.25,18487.75,18458.50,18460.00,14223,2506,18460.25,18542.00,18414.75,18516.25,120799,3595,18460.25,18553.50,18414.75,18539.00,204572,8914,18539.50,18557.50,18511.25,18549.00,63693,6718,18548.75,18571.75,18548.00,18568.75,25874,3246,18569.00,18569.75,18507.50,18512.25,52843,3480,18535.50,18555.50,18507.50,18512.25,32074,1736,18512.25,18533.00,18508.50,18531.75,14408,1500,18460.25,18571.75,18414.75,18512.25,346982,22358
2024-03-26,NQM4,45560,18531.25,18619.00,18439.25,18480.00,511034,18531.25,18542.00,18530.00,18532.50,2706,789,18531.25,18619.00,18516.75,18571.25,93014,21124,18575.50,18619.00,18564.25,18614.00,38678,9107,18600.00,18603.00,18552.50,18571.25,24472,2934,18571.50,18608.50,18548.00,18559.25,104701,3593,18571.50,18608.50,18534.00,18581.25,198938,8918,18581.50,18588.75,18529.50,18541.25,77506,6778,18541.00,18562.75,18536.00,18555.50,31673,3311,18555.50,18556.25,18439.25,18452.75,85950,3516,18506.25,18513.75,18439.25,18452.75,60145,1794,18453.25,18484.25,18442.75,18479.50,23827,1889,18571.50,18608.50,18439.25,18452.75,394067,22523
2024-03-27,NQM4,46258,18477.50,18571.75,18378.50,18505.50,594455,18477.50,18480.00,18468.00,18475.50,3416,877,18477.50,18571.25,18468.00,18570.75,87216,21297,18499.75,18541.75,18470.50,18522.25,38529,9214,18512.00,18571.25,18511.25,18570.75,16575,2654,18571.25,18571.75,18378.50,18416.25,166908,3599,18571.25,18571.75,18378.50,18401.00,264535,8950,18401.25,18453.50,18392.00,18431.00,82047,6852,18431.25,18461.50,18412.75,18421.75,45055,3483,18421.25,18504.50,18397.00,18495.75,90531,3576,18432.50,18504.50,18427.50,18495.75,58485,1796,18496.25,18526.25,18495.75,18506.00,24789,2078,18571.25,18571.75,18378.50,18495.75,482168,22861
2024-03-28,NQM4,44713,18505.00,18538.75,18447.50,18465.00,505512,18505.00,18505.25,18476.75,18481.50,5847,1170,18505.00,18527.75,18459.25,18501.25,91546,20116,18495.75,18514.75,18459.25,18490.25,32750,8250,18496.75,18527.75,18474.00,18501.25,27511,3085,18501.50,18538.75,18457.25,18494.25,115378,3595,18501.50,18538.75,18457.25,18517.25,195370,8891,18517.25,18519.00,18454.00,18469.50,80831,6835,18469.50,18506.25,18448.75,18499.50,41744,3352,18500.00,18510.75,18473.00,18488.50,67523,3534,18500.75,18508.00,18473.00,18488.50,39743,1780,18488.75,18492.50,18447.50,18464.75,28358,1959,18501.50,18538.75,18448.75,18488.50,385468,22612
2024-04-01,NQM4,46292,18503.00,18612.00,18414.50,18497.75,562748,18503.00,18586.25,18500.50,18571.75,9776,1776,18503.00,18612.00,18478.00,18502.75,99825,21780,18568.25,18602.75,18528.00,18540.25,27467,6683,18509.50,18521.75,18478.00,18502.75,20098,2725,18502.25,18607.00,18482.50,18537.00,146721,3597,18502.25,18607.00,18423.50,18428.50,269711,8974,18428.25,18491.25,18414.50,18458.50,83777,6881,18458.75,18482.50,18450.25,18466.75,29609,3290,18466.75,18514.25,18456.00,18498.25,58921,3467,18466.75,18514.25,18458.00,18498.25,38587,1752,18498.25,18505.75,18489.00,18498.00,20838,1883,18502.25,18607.00,18414.50,18498.25,442018,22612
2024-04-02,NQM4,48866,18497.25,18511.00,18201.50,18344.50,606699,18497.25,18499.50,18472.25,18478.25,3472,1049,18497.25,18511.00,18269.00,18282.75,144591,24497,18481.00,18511.00,18399.25,18401.25,54941,10550,18410.50,18414.50,18269.00,18282.75,54224,3472,18283.00,18292.00,18201.50,18245.25,153127,3595,18283.00,18292.00,18201.50,18231.75,264217,8968,18231.50,18300.75,18230.00,18281.50,81049,6899,18282.00,18297.25,18268.00,18278.50,30134,3255,18279.00,18347.00,18276.00,18337.75,66176,3549,18306.50,18347.00,18302.00,18337.75,38566,1787,18337.50,18348.75,18325.25,18346.00,20467,1681,18283.00,18347.00,18201.50,18337.75,441576,22671
2024-04-03,NQM4,48339,18345.00,18451.75,18232.50,18387.75,587654,18345.00,18345.00,18324.50,18326.50,3395,1053,18345.00,18345.00,18232.50,18239.25,112734,24049,18285.25,18311.00,18253.25,18306.00,44000,9924,18264.25,18283.00,18232.50,18239.25,22700,3019,18239.25,18418.50,18238.75,18413.25,123851,3595,18239.25,18451.75,18238.75,18404.25,220610,8907,18404.50,18439.50,18370.25,18417.25,103482,6818,18417.00,18432.25,18392.25,18395.75,36671,3326,18395.75,18399.25,18303.00,18366.50,93271,3543,18329.75,18378.50,18315.50,18366.50,43152,1789,18366.75,18400.00,18366.25,18389.50,20791,1675,18239.25,18451.75,18238.75,18366.50,454034,22594
2024-04-04,NQM4,45721,18388.50,18568.00,18055.25,18072.50,761860,18388.50,18392.00,18378.00,18388.75,2285,779,18388.50,18552.00,18378.00,18544.75,104578,20373,18423.50,18464.00,18410.75,18453.50,29972,7834,18455.25,18552.00,18446.50,18544.75,39813,3341,18544.50,18568.00,18486.75,18509.25,105611,3593,18544.50,18568.00,18479.75,18532.75,180750,8863,18532.75,18566.75,18487.50,18497.75,89355,6766,18497.75,18499.00,18210.25,18216.00,193699,3599,18215.50,18229.00,18069.25,18078.75,159466,3600,18120.75,18140.00,18069.25,18078.75,76558,1800,18079.00,18100.00,18055.25,18073.25,33926,2499,18544.50,18568.00,18069.25,18078.75,623270,22828
2024-04-05,NQM4,51062,18086.25,18408.25,18051.50,18311.00,795926,18086.25,18118.75,18075.00,18095.50,8766,2018,18086.25,18190.25,18051.50,18145.25,166312,26175,18125.50,18166.50,18109.50,18144.00,38412,8454,18149.50,18190.25,18051.50,18145.25,71893,3537,18144.75,18252.50,18102.50,18193.25,146545,3600,18144.75,18366.75,18102.50,18358.25,302587,8992,18359.00,18408.25,18280.25,18292.50,136347,7088,18292.00,18344.00,18251.25,18275.50,97582,3588,18275.75,18332.75,18269.75,18304.00,71360,3535,18287.50,18332.75,18284.25,18304.00,44235,1775,18304.25,18310.50,18282.50,18309.00,21679,1670,18144.75,18408.25,18102.50,18304.00,607876,23203
2024-04-08,NQM4,48782,18348.25,18376.00,18237.50,18311.50,521042,18348.25,18372.25,18305.50,18311.25,6089,1372,18348.25,18372.25,18246.50,18330.00,116166,25138,18288.75,18344.75,18246.50,18305.25,50224,10331,18324.00,18367.50,18317.75,18330.00,20701,2873,18330.00,18338.50,18237.50,18335.75,124836,3597,18330.00,18376.00,18237.50,18298.25,222900,8913,18297.75,18317.50,18252.00,18308.25,86234,6745,18308.00,18323.75,18285.25,18314.00,32046,3293,18313.50,18332.00,18286.50,18293.25,48866,3393,18313.50,18332.00,18286.50,18293.25,32370,1767,18293.50,18315.75,18290.00,18310.25,14778,1287,18330.00,18376.00,18237.50,18293.25,390046,22344
2024-04-09,NQM4,46368,18314.75,18407.25,18160.75,18384.75,690981,18314.75,18325.00,18311.00,18314.75,1829,608,18314.75,18395.50,18253.50,18391.00,102948,21518,18317.25,18341.75,18253.50,18341.00,53286,10360,18352.25,18395.50,18348.00,18391.00,19502,2695,18391.00,18405.00,18270.50,18277.75,135325,3595,18391.00,18405.00,18160.75,18264.75,326333,8968,18265.00,18303.75,18251.00,18266.00,93852,6901,18265.00,18284.00,18237.25,18251.50,48693,3407,18251.25,18350.75,18215.50,18349.75,87433,3555,18322.50,18350.75,18289.50,18349.75,52507,1791,18349.50,18407.25,18349.25,18383.50,31609,1997,18391.00,18405.00,18160.75,18349.75,556311,22831
2024-04-10,NQM4,44467,18381.00,18474.25,18053.50,18192.25,862742,18381.00,18384.00,18371.00,18373.75,2597,803,18381.00,18474.25,18053.50,18138.50,181360,19383,18374.75,18411.50,18341.25,18381.25,34241,8429,18385.75,18474.25,18053.50,18138.50,121708,3593,18138.50,18208.00,18107.75,18183.50,203501,3600,18138.50,18234.00,18107.75,18143.75,324246,8935,18143.75,18224.25,18114.00,18168.25,162886,7022,18168.00,18197.00,18125.00,18130.50,77912,3574,18130.50,18225.00,18118.00,18205.75,91887,3576,18187.50,18225.00,18150.25,18205.75,46283,1789,18205.75,18209.75,18151.25,18191.50,24338,1958,18138.50,18234.00,18107.75,18205.75,656931,23107
2024-04-11,NQM4,50321,18184.00,18518.75,18088.00,18485.50,718057,18184.00,18184.00,18160.00,18171.75,3306,944,18184.00,18286.25,18088.00,18266.50,169823,25388,18197.00,18216.50,18112.00,18130.50,53806,11186,18125.00,18286.25,18088.00,18266.50,73765,3531,18266.25,18274.00,18169.50,18210.25,147712,3599,18266.25,18322.50,18169.50,18318.75,258897,8957,18319.00,18444.25,18287.75,18433.75,139256,7001,18434.00,18512.75,18433.00,18484.50,70104,3542,18484.00,18518.75,18478.25,18491.00,57985,3514,18502.25,18518.75,18489.75,18491.00,34951,1762,18491.25,18495.00,18478.25,18486.50,21951,1905,18266.25,18518.75,18169.50,18491.00,526242,23014
2024-04-12,NQM4,49104,18486.25,18507.75,18120.25,18172.50,770507,18486.25,18500.75,18477.25,18493.75,2735,829,18486.25,18507.75,18274.75,18296.25,155754,23959,18495.75,18501.00,18360.00,18409.75,66340,11524,18398.00,18399.50,18274.75,18296.25,56152,3484,18296.50,18343.25,18258.75,18273.75,141964,3600,18296.50,18343.25,18193.25,18263.25,277392,8983,18263.50,18268.00,18124.00,18164.50,159503,7149,18165.00,18188.25,18134.75,18135.75,63694,3549,18135.50,18198.50,18120.25,18175.50,91797,3579,18140.50,18198.50,18134.00,18175.50,54894,1798,18175.25,18195.75,18168.25,18173.00,22284,1866,18296.50,18343.25,18120.25,18175.50,592386,23260
2024-04-15,NQM4,53207,18151.00,18350.75,17841.50,17875.00,788231,18151.00,18242.75,18146.75,18226.50,15511,2335,18151.00,18350.75,18146.75,18343.75,147851,27983,18267.25,18297.75,18241.25,18289.50,46372,10068,18302.00,18350.75,18269.50,18343.75,37312,3326,18343.25,18344.25,18191.00,18225.25,145263,3598,18343.25,18344.25,18158.50,18207.00,262115,8958,18206.75,18226.75,17876.75,17927.50,191811,7103,17927.25,17938.50,17867.25,17888.50,79365,3576,17888.00,17905.00,17841.50,17879.25,82003,3579,17859.00,17905.00,17856.00,17879.25,44732,1794,17879.50,17883.25,17844.25,17878.50,24948,1990,18343.25,18344.25,17841.50,17879.25,615294,23216
2024-04-16,NQM4,55222,17879.00,17988.00,17792.00,17894.00,759116,17879.00,17891.25,17874.00,17881.75,4784,1195,17879.00,17918.50,17792.00,17873.00,166818,30247,17848.00,17918.50,17792.00,17910.75,67455,11956,17871.25,17917.75,17865.25,17873.00,31674,3232,17873.00,17931.50,17822.00,17876.25,139863,3600,17873.00,17936.50,17822.00,17896.25,250491,8959,17895.75,17930.75,17818.00,17883.25,157328,7057,17883.75,17988.00,17846.00,17945.50,97998,3587,17945.50,17954.75,17874.00,17875.25,66590,3539,17948.00,17949.25,17874.00,17875.25,39024,1782,17875.50,17895.50,17872.50,17892.75,19863,1818,17873.00,17988.00,17818.00,17875.25,572407,23142
2024-04-17,NQM4,52274,17897.00,17968.50,17615.25,17663.25,834573,17897.00,17916.25,17896.50,17910.25,3088,928,17897.00,17968.50,17778.00,17957.25,147503,27221,17828.25,17942.75,17820.50,17908.75,56556,10932,17909.75,17968.50,17903.25,17957.25,25769,3000,17957.50,17960.50,17808.25,17850.00,138854,3599,17957.50,17960.50,17726.25,17748.50,301018,8982,17748.25,17750.50,17615.25,17740.50,182724,7172,17740.75,17796.50,17686.00,17695.25,86954,3574,17695.25,17713.50,17648.50,17675.25,89760,3585,17655.00,17713.50,17648.50,17675.25,48638,1796,17675.25,17675.25,17638.50,17664.25,26561,1728,17957.50,17960.50,17615.25,17675.25,660456,23313
2024-04-18,NQM4,51129,17669.75,17770.75,17506.25,17529.50,749579,17669.75,17685.50,17669.75,17679.00,3517,1115,17669.75,17770.75,17663.50,17672.00,126274,25822,17761.75,17765.00,17674.75,17709.50,51505,10377,17685.50,17706.50,17663.50,17672.00,29594,3133,17672.25,17678.75,17552.00,17662.00,152632,3595,17672.25,17746.00,17552.00,17695.50,277541,8963,17694.50,17712.50,17537.00,17558.25,155435,7100,17559.00,17596.75,17521.50,17530.50,73612,3563,17530.00,17593.00,17529.50,17548.50,76986,3561,17562.25,17593.00,17529.50,17548.50,41685,1779,17548.50,17586.25,17506.25,17528.00,39657,2106,17672.25,17746.00,17521.50,17548.50,583574,23187
2024-04-19,NQM4,62682,17530.75,17553.25,17113.25,17179.25,1012254,17530.75,17542.75,17520.00,17522.00,3729,1091,17530.75,17553.25,17181.75,17494.25,275007,37229,17429.25,17507.50,17389.00,17501.50,71993,12202,17529.75,17553.25,17469.25,17494.25,30553,3207,17494.25,17517.00,17341.00,17358.25,156607,3600,17494.25,17517.00,17288.50,17293.50,295451,8989,17293.25,17340.50,17203.75,17293.50,173436,7177,17293.25,17297.00,17132.00,17156.25,116873,3595,17156.00,17206.00,17113.25,17185.75,123347,3595,17196.50,17199.25,17113.25,17185.75,71354,1798,17185.50,17188.00,17158.25,17179.00,28038,2074,17494.25,17517.00,17113.25,17185.75,709107,23356
2024-04-22,NQM4,52317,17228.25,17448.00,17148.50,17345.00,633570,17228.25,17262.75,17195.75,17256.75,8283,1796,17228.25,17314.25,17195.75,17289.00,125492,27500,17300.00,17314.25,17233.50,17283.00,47075,10146,17262.00,17307.00,17255.00,17289.00,17976,2738,17288.75,17331.50,17182.25,17189.75,132767,3599,17288.75,17331.50,17148.50,17247.50,248362,8961,17247.75,17414.75,17234.25,17394.75,110159,7025,17395.25,17448.00,17381.00,17409.75,59519,3547,17409.25,17419.00,17325.00,17341.25,70583,3553,17391.25,17394.25,17325.00,17341.25,46193,1793,17341.25,17355.50,17323.75,17344.00,19403,1714,17288.75,17448.00,17148.50,17341.25,488623,23086
2024-04-23,NQM4,50374,17352.25,17666.00,17286.25,17656.50,592767,17352.25,17373.25,17329.75,17336.25,3746,1056,17352.25,17437.00,17286.25,17431.75,116274,25300,17353.50,17429.75,17343.25,17390.00,49695,10510,17385.75,17437.00,17383.75,17431.75,21313,3013,17431.75,17570.25,17413.75,17567.50,152442,3598,17431.75,17607.50,17413.75,17566.50,268201,8942,17566.50,17640.75,17561.00,17634.50,85961,6890,17634.75,17657.25,17620.50,17646.75,35588,3391,17646.00,17649.00,17592.25,17599.00,51756,3464,17625.00,17634.75,17592.25,17599.00,30945,1752,17598.75,17666.00,17592.00,17657.00,34930,2367,17431.75,17657.25,17413.75,17599.00,441506,22687
2024-04-24,NQM4,52259,17682.00,17795.50,17481.75,17507.25,659876,17682.00,17698.00,17664.25,17677.50,5606,1426,17682.00,17754.75,17664.25,17728.50,122658,26072,17728.00,17739.50,17667.00,17728.00,47651,10201,17735.25,17754.75,17688.25,17728.50,27873,3195,17728.00,17795.50,17711.50,17727.25,137913,3598,17728.00,17795.50,17602.75,17612.50,256640,8970,17612.00,17705.25,17567.25,17697.50,114082,7081,17697.50,17703.00,17609.75,17610.75,60961,3551,17610.75,17686.75,17606.25,17666.50,58918,3538,17665.75,17686.75,17660.50,17666.50,28219,1771,17666.25,17677.25,17481.75,17499.50,46457,3020,17728.00,17795.50,17567.25,17666.50,490601,23140
2024-04-25,NQM4,53452,17450.00,17827.50,17308.25,17816.50,808605,17450.00,17487.00,17437.50,17467.75,9354,1732,17450.00,17525.00,17332.00,17358.25,166997,27119,17454.00,17525.00,17433.25,17501.25,54577,11038,17475.25,17515.50,17332.00,17358.25,59666,3526,17358.00,17447.00,17308.25,17437.25,181636,3600,17358.00,17447.00,17308.25,17405.75,315256,8981,17406.00,17580.50,17397.00,17564.25,130336,7126,17565.75,17583.50,17492.50,17522.50,61026,3533,17523.00,17605.00,17522.25,17562.00,73144,3570,17591.75,17602.25,17534.00,17562.00,37001,1791,17561.50,17827.50,17548.00,17814.25,61709,3098,17358.00,17605.00,17308.25,17562.00,579762,23210
2024-04-26,NQM4,49129,17808.25,17901.50,17668.25,17836.75,620292,17808.25,17827.00,17755.00,17776.25,9201,1604,17808.25,17827.00,17676.50,17690.50,148058,24626,17774.50,17775.25,17712.25,17745.75,41940,9676,17713.25,17818.50,17676.50,17690.50,61493,3464,17690.00,17840.50,17668.25,17810.25,156699,3599,17690.00,17886.25,17668.25,17845.75,280536,8985,17845.50,17901.50,17826.75,17875.00,79454,6883,17875.00,17880.75,17836.50,17865.00,39326,3468,17865.25,17889.75,17841.00,17848.75,52584,3503,17888.00,17889.50,17841.00,17848.75,34011,1773,17848.75,17855.75,17830.50,17837.00,20273,1646,17690.00,17901.50,17668.25,17848.75,451900,22839
2024-04-29,NQM4,47449,17864.75,17949.00,17791.25,17912.00,525402,17864.75,17880.00,17853.25,17859.75,3991,1038,17864.75,17929.00,17853.25,17917.25,89606,22955,17893.50,17920.75,17865.00,17914.50,35216,8966,17913.75,17929.00,17903.50,17917.25,14376,2630,17917.50,17949.00,17830.00,17896.25,132392,3599,17917.50,17949.00,17830.00,17886.00,215554,8920,17885.75,17931.50,17873.50,17920.00,72691,6798,17920.00,17920.00,17843.25,17887.50,46357,3437,17887.25,17907.25,17791.25,17896.50,81871,3548,17845.75,17907.25,17842.50,17896.50,31292,1766,17896.25,17932.00,17896.00,17912.75,19265,1774,17917.50,17949.00,17791.25,17896.50,416473,22703
2024-04-30,NQM4,45663,17918.50,17920.25,17473.50,17508.50,666936,17918.50,17918.50,17904.75,17909.00,2120,677,17918.50,17920.25,17790.50,17837.75,103768,19800,17900.00,17908.00,17861.50,17875.00,32215,8243,17878.25,17878.25,17790.50,17837.75,44773,3296,17837.00,17895.25,17824.00,17837.75,113495,3590,17837.00,17895.25,17732.00,17765.25,247062,8962,17765.25,17776.00,17675.50,17728.75,112265,7000,17728.50,17745.25,17668.25,17680.75,54849,3497,17680.75,17708.75,17576.50,17579.75,87281,3504,17693.00,17708.75,17576.50,17579.75,61308,1776,17579.50,17630.75,17473.50,17509.75,61564,2879,17837.00,17895.25,17576.50,17579.75,501457,22963
2024-05-01,NQM4,47486,17462.50,17793.25,17399.25,17474.75,780826,17462.50,17503.25,17453.75,17495.50,8001,1685,17462.50,17529.25,17412.00,17502.75,112830,22124,17483.00,17498.75,17412.00,17445.75,43471,8816,17470.00,17518.50,17462.25,17502.75,26698,2922,17503.25,17517.50,17425.75,17463.50,125462,3597,17503.25,17517.50,17412.25,17426.00,216637,8938,17426.25,17474.75,17399.25,17465.50,81254,6848,17465.50,17750.75,17457.25,17738.25,177175,3592,17738.50,17793.25,17443.25,17452.25,159139,3600,17715.00,17720.00,17443.25,17452.25,86808,1800,17452.50,17490.75,17425.25,17475.50,33757,2366,17503.25,17793.25,17399.25,17452.25,634205,22978
2024-05-02,NQM4,49240,17487.00,17755.25,17386.25,17743.00,627153,17487.00,17514.75,17487.00,17501.50,5300,1294,17487.00,17619.75,17487.00,17582.75,109149,23503,17536.75,17613.75,17519.50,17572.50,40726,9485,17579.00,17619.75,17558.25,17582.75,29506,3132,17582.75,17602.50,17386.25,17496.00,169085,3600,17582.75,17602.50,17386.25,17562.75,280422,8962,17562.00,17616.25,17493.25,17593.50,93157,7014,17593.75,17671.50,17587.25,17662.50,45751,3476,17662.25,17685.50,17611.50,17640.75,64905,3557,17673.50,17674.50,17611.50,17640.75,39012,1788,17640.25,17755.25,17634.00,17743.50,33579,2705,17582.75,17685.50,17386.25,17640.75,484235,23009
2024-05-03,NQM4,44960,17744.25,18050.25,17719.50,18025.50,546752,17744.25,17808.25,17722.75,17747.25,9927,1641,17744.25,17963.75,17719.50,17962.75,122939,20952,17733.25,17779.00,17719.50,17748.50,26820,7378,17764.25,17963.75,17743.25,17962.75,58501,3462,17962.25,18050.25,17893.75,17951.00,170641,3600,17962.25,18050.25,17893.75,17989.75,271184,8950,17990.25,18008.00,17962.00,17990.25,63106,6626,17990.00,18027.75,17985.25,18011.50,29457,3210,18011.25,18024.50,17987.75,17998.00,42952,3415,18018.25,18019.25,17987.75,17998.00,28076,1744,17998.00,18027.50,17997.25,18025.25,17032,1788,17962.25,18050.25,17893.75,17998.00,406699,22201
2024-05-06,NQM4,42530,18047.50,18201.25,17983.75,18185.50,389298,18047.50,18063.75,18026.00,18032.00,4155,1031,18047.50,18074.75,17983.75,18073.75,70681,18908,18020.50,18059.75,18000.50,18042.25,28596,7726,18065.00,18074.75,18053.75,18073.75,12332,2415,18074.25,18117.00,18042.75,18092.75,94949,3589,18074.25,18121.50,18042.75,18110.00,153577,8736,18110.50,18132.25,18067.25,18131.00,68752,6583,18131.00,18154.75,18123.50,18144.00,30715,3224,18144.00,18195.25,18129.50,18193.75,44368,3325,18140.75,18195.25,18131.00,18193.75,31640,1734,18193.75,18201.25,18179.25,18185.25,21120,1741,18074.25,18195.25,18042.75,18193.75,297412,21868
2024-05-07,NQM4,43111,18189.50,18266.25,18151.00,18197.75,464788,18189.50,18193.00,18175.50,18191.25,2455,766,18189.50,18211.75,18151.00,18210.50,73795,18972,18187.25,18199.00,18151.00,18162.50,32767,8392,18161.50,18211.75,18160.00,18210.50,17642,2701,18211.00,18236.00,18181.75,18191.25,105168,3592,18211.00,18263.75,18181.75,18253.75,189839,8831,18253.75,18266.25,18183.50,18188.25,83981,6745,18188.25,18213.75,18166.50,18193.50,51689,3492,18193.75,18220.75,18180.75,18196.25,49787,3456,18199.00,18220.75,18187.50,18196.25,31305,1752,18196.50,18215.50,18192.75,18196.50,15635,1605,18211.00,18266.25,18166.50,18196.25,375296,22524
2024-05-08,NQM4,43833,18194.00,18242.25,18072.50,18160.75,450639,18194.00,18204.25,18181.00,18202.75,3435,1034,18194.00,18216.75,18072.50,18090.50,89503,19810,18196.25,18216.75,18147.00,18153.00,34211,8026,18101.75,18103.75,18072.50,18090.50,20005,2866,18090.50,18209.50,18078.50,18209.25,103168,3589,18090.50,18242.25,18078.50,18176.75,193291,8872,18176.75,18191.50,18138.75,18179.50,74673,6586,18179.00,18194.00,18168.25,18174.75,31215,3225,18175.00,18201.50,18155.25,18187.00,43484,3415,18184.50,18201.50,18181.00,18187.00,25369,1731,18187.25,18189.25,18153.50,18164.75,18408,1908,18090.50,18242.25,18078.50,18187.00,342663,22098
2024-05-09,NQM4,42721,18160.75,18240.25,18103.75,18220.75,468858,18160.75,18175.75,18153.25,18167.50,2469,790,18160.75,18210.50,18103.75,18187.50,81425,18718,18140.50,18164.50,18103.75,18157.00,32901,8083,18158.00,18210.50,18155.50,18187.50,26691,3185,18187.50,18204.00,18108.75,18150.50,112717,3596,18187.50,18237.25,18108.75,18180.00,209480,8899,18180.25,18232.75,18170.00,18207.00,79602,6702,18207.00,18239.25,18190.50,18235.00,33726,3289,18235.00,18235.00,18195.50,18212.50,48743,3472,18209.50,18220.25,18195.50,18212.50,30965,1766,18212.25,18240.25,18209.00,18221.00,15802,1624,18187.50,18239.25,18108.75,18212.50,371551,22362
2024-05-10,NQM4,43405,18226.00,18348.00,18188.50,18239.25,469407,18226.00,18237.25,18216.25,18233.50,2346,816,18226.00,18306.75,18213.50,18274.00,83356,19869,18252.75,18306.75,18231.25,18285.25,37059,8548,18301.50,18302.00,18247.75,18274.00,20284,2959,18274.00,18348.00,18225.50,18237.00,120803,3593,18274.00,18348.00,18188.50,18236.00,221801,8926,18236.50,18254.25,18207.50,18253.00,74506,6572,18253.25,18263.00,18228.75,18254.00,34010,3277,18254.00,18271.00,18241.25,18258.75,41836,3357,18261.25,18271.00,18244.75,18258.75,26411,1724,18258.75,18260.75,18238.75,18241.00,13811,1381,18274.00,18348.00,18188.50,18258.75,372153,22132
2024-05-13,NQM4,41642,18238.00,18336.25,18228.75,18286.00,405279,18238.00,18249.50,18228.75,18247.00,2795,883,18238.00,18333.00,18228.75,18330.50,72051,18325,18290.00,18321.00,18273.75,18319.00,24579,7094,18301.75,18333.00,18300.25,18330.50,18836,2662,18330.50,18336.25,18252.25,18307.25,99624,3579,18330.50,18336.25,18252.25,18294.00,179246,8828,18294.50,18309.50,18235.00,18285.25,77994,6677,18284.75,18289.25,18267.50,18285.00,24739,3077,18285.25,18300.75,18273.00,18288.75,37989,3302,18288.50,18300.75,18284.25,18288.75,22018,1710,18288.50,18301.00,18282.50,18286.00,13212,1423,18330.50,18336.25,18235.00,18288.75,319968,21884
2024-05-14,NQM4,42568,18282.00,18433.00,18165.50,18410.50,548471,18282.00,18290.00,18273.50,18282.50,3244,829,18282.00,18308.75,18165.50,18274.50,101742,18364,18290.25,18308.75,18280.00,18286.75,22370,6935,18301.50,18302.00,18165.50,18274.50,56304,3461,18274.75,18370.75,18265.50,18359.50,129253,3598,18274.75,18370.75,18265.50,18319.25,246473,8952,18319.50,18339.50,18298.00,18333.00,69019,6750,18333.25,18415.75,18328.50,18410.50,58776,3463,18410.75,18433.00,18397.25,18424.25,53313,3451,18419.25,18433.00,18410.50,18424.25,30514,1738,18424.00,18424.50,18402.50,18411.00,19074,1578,18274.75,18433.00,18265.50,18424.25,427581,22616
2024-05-15,NQM4,44583,18409.75,18707.00,18393.00,18694.50,596207,18409.75,18426.50,18402.50,18424.00,2804,925,18409.75,18547.75,18393.00,18509.75,126708,19556,18415.50,18421.25,18393.00,18411.25,23694,7064,18409.25,18547.75,18400.25,18509.75,71466,3508,18509.50,18542.50,18446.75,18533.25,138875,3600,18509.50,18605.00,18446.75,18597.75,232774,8932,18597.25,18683.75,18577.25,18681.50,92262,6941,18681.50,18702.00,18671.50,18684.50,55316,3523,18684.50,18707.00,18675.50,18691.00,63867,3524,18694.50,18701.00,18675.50,18691.00,39268,1787,18691.00,18695.75,18665.75,18694.25,25241,2091,18509.50,18707.00,18446.75,18691.00,444219,22920
2024-05-16,NQM4,46273,18693.25,18760.75,18633.25,18638.25,542065,18693.25,18713.75,18687.50,18700.25,3718,1048,18693.25,18738.75,18680.50,18681.50,87919,21564,18715.50,18731.75,18709.25,18716.50,25234,7314,18718.50,18735.00,18680.50,18681.50,26106,3136,18682.00,18723.00,18672.00,18719.25,108322,3592,18682.00,18760.75,18672.00,18740.75,196566,8904,18741.00,18742.00,18670.75,18710.00,116561,6966,18710.50,18711.50,18661.00,18695.00,55630,3500,18695.25,18703.50,18649.25,18653.75,64310,3520,18687.75,18692.00,18649.25,18653.75,43760,1788,18653.50,18656.25,18633.25,18637.00,20973,1793,18682.00,18760.75,18649.25,18653.75,433067,22890
2024-05-17,NQM4,43990,18642.00,18686.75,18545.00,18633.75,482285,18642.00,18657.75,18638.50,18651.50,3382,985,18642.00,18686.75,18617.00,18655.25,76804,19912,18661.75,18677.25,18617.00,18667.25,32558,8600,18674.25,18686.75,18655.00,18655.25,16106,2508,18655.00,18667.50,18620.50,18660.50,107502,3597,18655.00,18677.00,18620.50,18654.75,194985,8899,18654.75,18661.00,18607.75,18615.25,75550,6712,18615.25,18622.50,18545.00,18617.25,64399,3497,18617.75,18641.25,18608.75,18632.25,53777,3492,18626.50,18635.25,18617.00,18632.25,30275,1750,18632.50,18643.00,18620.75,18634.25,16725,1465,18655.00,18677.00,18545.00,18632.25,388711,22600
2024-05-20,NQM4,41780,18633.50,18794.50,18633.00,18745.25,465347,18633.50,18658.25,18633.00,18654.25,2986,958,18633.50,18689.50,18633.00,18644.00,63829,17617,18668.00,18689.50,18653.75,18681.25,21634,6109,18673.00,18673.25,18637.25,18644.00,15705,2639,18644.00,18758.50,18635.25,18748.75,109653,3586,18644.00,18772.00,18635.25,18741.25,181174,8810,18741.50,18794.50,18735.50,18745.25,90802,6822,18745.50,18767.25,18707.00,18753.00,53264,3455,18753.00,18784.00,18740.75,18755.00,56461,3465,18775.50,18784.00,18740.75,18755.00,34162,1766,18755.00,18774.50,18738.00,18745.00,19752,1596,18644.00,18794.50,18635.25,18755.00,381701,22552
2024-05-21,NQM4,40319,18746.00,18808.75,18678.00,18798.75,421571,18746.00,18754.25,18742.50,18745.75,2202,714,18746.00,18763.25,18682.75,18683.75,79910,16573,18743.75,18763.25,18729.00,18750.75,25356,6833,18732.50,18734.25,18682.75,18683.75,33413,3049,18683.75,18731.25,18678.00,18730.75,102898,3588,18683.75,18763.50,18678.00,18745.25,177376,8787,18745.25,18775.00,18734.00,18774.00,68341,6687,18774.25,18781.00,18755.25,18767.75,29535,3248,18768.00,18808.75,18764.00,18799.00,50741,3379,18771.75,18808.75,18771.25,18799.00,32929,1729,18799.25,18807.50,18793.50,18798.25,15578,1632,18683.75,18808.75,18678.00,18799.00,325993,22101
2024-05-22,NQM4,44092,18798.25,18891.00,18684.25,18816.25,570288,18798.25,18813.50,18795.50,18811.50,2272,670,18798.25,18824.00,18755.00,18803.75,74767,18386,18806.00,18811.50,18755.00,18795.50,36509,8527,18792.25,18813.00,18787.00,18803.75,15169,2536,18803.50,18832.75,18788.75,18816.50,98681,3595,18803.50,18838.75,18788.75,18819.50,162099,8739,18819.25,18832.50,18746.00,18770.25,95884,6736,18770.50,18773.25,18684.25,18730.00,105192,3574,18730.00,18783.50,18694.25,18776.25,82773,3564,18734.00,18783.50,18715.50,18776.25,49779,1792,18776.50,18891.00,18691.25,18816.75,49466,3073,18803.50,18838.75,18684.25,18776.25,445948,22613
2024-05-23,NQM4,48503,18860.50,19023.25,18621.50,18686.50,843252,18860.50,18873.50,18843.25,18855.00,6295,1412,18860.50,19023.25,18843.25,18975.00,110779,23486,18942.00,18991.25,18928.50,18989.50,35902,8294,19005.25,19023.25,18971.25,18975.00,24991,3043,18975.25,18982.75,18838.00,18886.25,188264,3600,18975.25,18982.75,18802.00,18914.50,319987,8967,18914.50,18933.50,18711.25,18722.25,164032,7106,18722.25,18725.25,18627.75,18630.00,118575,3595,18630.00,18716.75,18621.50,18693.25,109144,3593,18654.50,18716.75,18649.25,18693.25,58618,1799,18693.00,18705.25,18679.50,18686.00,20686,1738,18975.25,18982.75,18621.50,18693.25,711738,23261
2024-05-24,NQM4,45538,18684.00,18926.00,18680.00,18870.75,538134,18684.00,18696.00,18680.00,18694.25,2798,816,18684.00,18772.75,18680.00,18769.50,89664,21309,18693.00,18762.00,18682.75,18759.25,32154,8259,18735.50,18772.75,18723.50,18769.50,25143,3119,18769.75,18838.00,18732.50,18829.75,132121,3596,18769.75,18919.00,18732.50,18896.75,255488,8974,18896.75,18915.75,18874.25,18904.00,76160,6742,18904.25,18926.00,18870.00,18872.00,37086,3322,18871.50,18883.25,18835.50,18870.25,60875,3508,18863.00,18883.25,18854.50,18870.25,31801,1765,18870.25,18880.75,18866.00,18871.75,18774,1663,18769.75,18926.00,18732.50,18870.25,429609,22546
2024-05-27,NQM4,19824,18874.75,18956.00,18833.50,18950.75,72790,18874.75,18886.50,18868.75,18873.75,2419,799,18874.75,18889.00,18833.50,18878.50,33760,12434,18886.25,18886.75,18863.25,18878.00,10980,4214,18879.25,18882.75,18868.00,18878.50,2688,954,18878.50,18911.00,18876.00,18881.25,13398,2366,18878.50,18941.25,18876.00,18938.75,30552,5586,18939.25,18956.00,18933.50,18950.75,8478,1804,,,,,0,0,,,,,0,0,,,,,0,0,,,,,0,0,18878.50,18956.00,18876.00,18950.75,39030,7390
2024-05-28,NQM4,47533,18950.50,18980.50,18819.50,18950.50,562188,18950.50,18954.75,18904.75,18918.00,6863,1566,18950.50,18980.50,18885.00,18919.50,96334,23015,18936.75,18980.50,18909.25,18924.00,43645,9715,18923.75,18927.25,18899.25,18919.50,16020,2707,18918.50,18936.50,18839.00,18897.50,114513,3594,18918.50,18939.50,18839.00,18924.25,190584,8798,18924.00,18944.50,18891.25,18905.00,98428,6904,18905.50,18927.75,18819.50,18865.50,75371,3517,18866.25,18929.25,18862.50,18929.25,72688,3546,18885.75,18929.25,18873.75,18929.25,41888,1780,18929.25,18967.50,18929.00,18952.25,28729,1740,18918.50,18944.50,18819.50,18929.25,437071,22765
2024-05-29,NQM4,51014,18949.50,18949.75,18740.00,18746.75,566765,18949.50,18949.75,18936.75,18942.00,2384,731,18949.50,18949.75,18755.25,18761.00,112825,25752,18868.50,18888.75,18795.25,18817.25,49787,11059,18813.25,18813.75,18755.25,18761.00,22268,2994,18761.25,18867.75,18758.00,18854.00,132824,3597,18761.25,18879.75,18758.00,18849.75,222971,8912,18849.50,18878.00,18816.50,18858.00,90574,6824,18857.75,18865.50,18814.00,18826.00,44482,3418,18826.25,18862.75,18785.00,18802.50,66952,3503,18857.50,18858.25,18785.00,18802.50,41363,1775,18802.00,18815.75,18740.00,18746.75,28800,2581,18761.25,18879.75,18758.00,18802.50,424979,22657
2024-05-30,NQM4,51081,18753.00,18787.00,18546.25,18596.00,611110,18753.00,18764.50,18720.00,18726.00,6514,1424,18753.00,18787.00,18657.75,18766.00,114263,25998,18662.50,18761.25,18657.75,18746.25,41684,9832,18750.00,18787.00,18745.50,18766.00,25570,3115,18766.00,18769.50,18684.25,18725.25,123519,3595,18766.00,18769.50,18623.75,18670.25,233124,8933,18670.75,18729.00,18667.25,18703.75,82959,6808,18703.50,18705.00,18650.75,18670.25,44820,3390,18670.50,18675.00,18546.25,18603.00,105973,3548,18633.75,18645.00,18546.25,18603.00,69389,1799,18603.00,18612.00,18554.25,18593.50,29755,2389,18766.00,18769.50,18546.25,18603.00,466876,22679
2024-05-31,NQM4,52317,18590.75,18668.25,18241.25,18570.75,817453,18590.75,18592.50,18557.50,18570.00,5356,1272,18590.75,18668.25,18485.00,18604.75,141719,26568,18550.00,18572.75,18485.00,18563.25,44362,9948,18578.75,18668.25,18568.50,18604.75,47085,3398,18604.50,18631.50,18415.00,18433.75,151162,3599,18604.50,18631.50,18294.75,18301.75,304536,8987,18301.50,18367.00,18241.25,18340.00,138385,7114,18340.25,18366.50,18310.25,18351.25,49260,3483,18351.75,18578.75,18339.00,18567.75,131562,3582,18417.00,18578.75,18401.50,18567.75,87457,1797,18567.75,18627.25,18567.00,18571.25,51848,2555,18604.50,18631.50,18241.25,18567.75,623743,23166
2024-06-03,NQM4,50196,18590.25,18755.50,18435.75,18662.25,660094,18590.25,18598.50,18539.25,18566.75,7766,1583,18590.25,18713.00,18539.25,18711.25,107145,25284,18662.25,18691.50,18622.75,18688.50,41784,9945,18697.00,18713.00,18675.75,18711.25,17913,2617,18711.50,18755.50,18645.50,18704.50,138245,3597,18711.50,18755.50,18564.25,18609.75,269566,8969,18609.75,18618.75,18435.75,18553.75,152699,7127,18553.75,18584.75,18526.50,18561.50,46018,3452,18561.75,18637.50,18552.75,18634.50,58545,3468,18591.25,18637.50,18564.25,18634.50,35892,1763,18634.25,18674.00,18634.25,18663.75,26077,1879,18711.50,18755.50,18435.75,18634.50,526828,23016
2024-06-04,NQM4,47865,18662.50,18753.25,18511.25,18706.50,608672,18662.50,18669.50,18652.00,18661.50,2588,878,18662.50,18677.00,18511.25,18635.75,102988,22996,18599.00,18632.75,18511.25,18595.50,55042,11148,18589.00,18638.50,18585.50,18635.75,16580,2551,18636.00,18664.00,18567.75,18617.50,128133,3598,18636.00,18664.00,18567.75,18589.25,231855,8925,18588.50,18652.25,18570.75,18631.00,95886,6913,18631.00,18753.25,18624.00,18712.50,69742,3512,18712.75,18716.50,18632.00,18707.25,87423,3551,18669.75,18713.50,18641.75,18707.25,39229,1787,18707.00,18714.25,18684.75,18705.75,20696,1953,18636.00,18753.25,18567.75,18707.25,484906,22901
2024-06-05,NQM4,47420,18711.00,19090.50,18696.25,19087.25,564415,18711.00,18720.25,18696.25,18718.75,2733,819,18711.00,18849.75,18696.25,18849.75,98583,22597,18728.25,18815.00,18703.00,18808.25,38783,9103,18795.00,18849.75,18778.00,18849.75,21663,3024,18849.50,18894.00,18800.00,18889.00,119678,3587,18849.50,18987.00,18800.00,18965.25,231759,8909,18965.50,19026.75,18954.75,19022.00,88334,6782,19022.25,19043.75,19005.50,19037.25,37316,3325,19037.50,19079.50,19020.50,19071.50,79563,3521,19032.25,19079.50,19020.50,19071.50,53111,1791,19071.25,19090.50,19050.75,19086.00,28788,2265,18849.50,19079.50,18800.00,19071.50,436972,22537
2024-06-06,NQM4,45898,19089.50,19124.50,19017.25,19069.00,514699,19089.50,19097.25,19072.00,19093.00,4256,1063,19089.50,19124.50,19057.00,19104.25,92380,21634,19090.00,19108.75,19072.50,19098.25,25605,7455,19095.50,19118.50,19057.00,19104.25,26478,3174,19104.00,19115.75,19032.25,19077.25,122351,3598,19104.00,19115.75,19032.25,19063.00,205295,8852,19063.00,19090.50,19035.25,19071.25,87631,6876,19071.25,19077.75,19017.25,19066.00,55414,3475,19066.00,19075.00,19040.75,19061.50,54396,3482,19061.00,19075.00,19040.75,19061.50,33252,1773,19061.50,19070.25,19044.50,19067.75,19435,1558,19104.00,19115.75,19017.25,19061.50,402736,22685
2024-06-07,NQM4,44103,19064.00,19155.00,18940.00,19030.25,603173,19064.00,19080.50,19058.75,19079.75,2273,661,19064.00,19146.75,18940.00,19040.25,127371,19353,19091.50,19102.50,19052.25,19090.00,30840,8206,19090.50,19146.75,18940.00,19040.25,72261,3521,19039.75,19065.00,18992.50,19041.25,90045,3583,19039.75,19117.50,18992.50,19084.25,195742,8900,19084.00,19155.00,19071.00,19125.00,103207,6929,19124.75,19125.50,18997.00,19052.50,84838,3542,19052.50,19067.75,18999.00,19041.25,72715,3568,19049.50,19057.50,19017.00,19041.25,36780,1789,19041.75,19047.00,19016.75,19031.75,19238,1792,19039.75,19155.00,18992.50,19041.25,456502,22939
2024-06-10,NQM4,45896,19025.00,19129.75,18974.25,19107.75,565683,19025.00,19059.75,19009.00,19043.00,4985,1341,19025.00,19059.75,18974.25,18989.50,85941,21262,19004.00,19039.50,18974.25,19025.50,39050,9248,19027.00,19030.00,18978.75,18989.50,17335,2741,18989.50,19034.50,18977.75,19034.00,103948,3593,18989.50,19113.50,18977.75,19084.25,208520,8953,19084.50,19121.25,19054.00,19097.50,107925,6996,19097.75,19106.50,19034.00,19077.75,72226,3567,19077.50,19129.75,19072.75,19111.00,71006,3546,19112.50,19117.25,19084.75,19111.00,36989,1780,19111.25,19116.00,19083.25,19107.25,20019,1560,18989.50,19129.75,18977.75,19111.00,459677,23062
2024-06-11,NQM4,45195,19107.25,19257.50,18994.50,19247.50,554551,19107.25,19107.25,19093.00,19095.50,2288,744,19107.25,19113.50,19029.50,19055.25,78316,20459,19098.00,19103.75,19029.50,19054.00,37483,9509,19061.50,19067.00,19042.75,19055.25,15695,2753,19054.75,19091.25,18994.50,19083.50,130758,3592,19054.75,19137.00,18994.50,19077.25,243606,8952,19077.75,19166.50,19074.25,19164.25,90228,6954,19164.00,19232.25,19152.00,19203.25,61044,3491,19203.50,19236.75,19187.25,19233.00,59859,3528,19192.75,19236.75,19187.25,19233.00,38341,1783,19233.00,19257.50,19227.00,19248.75,21437,1789,19054.75,19236.75,18994.50,19233.00,454737,22925
2024-06-12,NQM4,44806,19248.00,19612.25,19233.50,19610.25,673095,19248.00,19259.50,19233.50,19257.25,3140,890,19248.00,19458.75,19233.50,19403.75,115323,19308,19256.25,19277.75,19240.25,19267.25,26175,7328,19268.25,19458.75,19267.75,19403.75,60431,3436,19404.00,19542.25,19374.75,19541.00,137306,3597,19404.00,19546.75,19374.75,19513.50,236165,8958,19513.00,19536.75,19490.75,19516.25,70078,6695,19516.25,19542.00,19448.50,19524.25,100293,3568,19523.50,19588.75,19433.00,19507.50,112843,3583,19458.00,19530.75,19433.00,19507.50,64411,1799,19507.25,19612.25,19463.75,19608.00,38197,2671,19404.00,19588.75,19374.75,19507.50,519379,22804
2024-06-13,NQM4,46556,19602.00,19691.00,19500.00,19607.75,544977,19602.00,19602.75,19585.50,19589.75,3696,936,19602.00,19691.00,19582.25,19638.75,106274,21990,19648.75,19671.75,19583.50,19609.25,37137,9147,19639.25,19691.00,19607.00,19638.75,35492,3294,19638.50,19663.50,19534.75,19574.75,124931,3596,19638.50,19663.50,19534.75,19591.25,219459,8911,19591.25,19591.75,19500.00,19567.25,102812,6976,19566.75,19605.50,19548.00,19602.50,36388,3379,19603.00,19632.25,19584.75,19626.50,53661,3498,19607.50,19632.25,19589.25,19626.50,28404,1758,19626.25,19638.50,19589.00,19607.00,26340,1792,19638.50,19663.50,19500.00,19626.50,412320,22764
2024-06-14,NQM4,48093,19602.75,19699.50,19501.50,19696.25,512518,19602.75,19615.25,19592.50,19610.00,2632,844,19602.75,19658.50,19501.50,19574.25,118447,23754,19631.00,19658.50,19501.50,19536.00,70965,12556,19561.25,19577.00,19552.00,19574.25,16746,2654,19574.50,19648.50,19557.25,19623.75,114916,3597,19574.50,19648.50,19557.25,19614.00,209261,8919,19614.50,19676.25,19601.00,19658.25,87278,6803,19658.50,19675.25,19629.25,19668.00,39115,3373,19667.50,19683.75,19646.00,19681.00,39467,3329,19670.50,19683.75,19646.00,19681.00,23753,1716,19681.25,19699.50,19679.00,19694.25,18831,1894,19574.50,19683.75,19557.25,19681.00,375121,22424
2024-06-17,NQM4,42008,19695.00,20271.25,19670.00,20187.00,504376,19695.00,19722.00,19670.00,19718.50,3585,1028,19695.00,20012.75,19670.00,19956.00,64581,17374,19967.00,20012.75,19956.00,19980.25,29947,7651,19974.75,19975.50,19944.75,19956.00,11390,2308,19955.75,19984.00,19904.00,19935.00,93228,3590,19955.75,20023.75,19904.00,20012.50,168949,8824,20013.00,20238.00,20007.25,20236.00,115087,6912,20235.25,20271.25,20217.50,20239.50,60845,3509,20239.50,20262.25,20191.75,20192.25,68869,3546,20261.00,20261.25,20191.75,20192.25,45054,1793,20192.25,20199.25,20163.25,20187.00,25977,1825,19955.75,20271.25,19904.00,20192.25,413750,22791
2024-06-18,NQU4,44140,20193.00,20270.50,20127.00,20210.00,489241,20193.00,20218.50,20186.00,20205.75,3567,1028,20193.00,20270.50,20158.00,20195.50,87728,20024,20198.00,20252.00,20190.25,20222.25,30199,7954,20232.50,20270.50,20185.25,20195.50,28059,3122,20195.50,20219.00,20164.25,20179.50,107173,3592,20195.50,20219.00,20127.00,20184.00,197467,8911,20183.75,20229.50,20168.50,20207.00,78763,6778,20207.25,20208.75,20160.25,20201.00,44559,3408,20201.25,20209.50,20175.50,20191.00,63515,3499,20198.50,20209.50,20175.50,20191.00,41105,1774,20190.75,20209.50,20190.00,20209.25,17163,1508,20195.50,20229.50,20127.00,20191.00,384304,22596
2024-06-19,NQU4,19199,20204.50,20252.50,20204.00,20231.00,66883,20204.50,20232.75,20204.00,20229.25,2559,748,20204.50,20250.50,20204.00,20241.75,38531,12864,20236.25,20245.50,20223.25,20235.00,15338,4954,20235.25,20250.50,20232.00,20241.75,5276,1645,20241.50,20252.50,20235.25,20235.75,11668,2256,20241.50,20252.50,20223.50,20243.75,23713,5045,20243.50,20244.50,20228.00,20231.00,4639,1290,,,,,0,0,,,,,0,0,,,,,0,0,,,,,0,0,20241.50,20252.50,20223.50,20231.00,28352,6335
2024-06-20,NQU4,47829,20232.00,20371.00,19958.25,20053.50,784259,20232.00,20241.25,20227.50,20228.50,1777,623,20232.00,20371.00,20227.50,20248.75,107105,22667,20312.75,20371.00,20291.00,20297.00,39426,9227,20300.50,20305.75,20243.00,20248.75,29783,3210,20248.00,20263.25,20118.50,20168.00,162371,3599,20248.00,20263.25,20118.50,20174.25,266049,8963,20173.75,20175.50,19958.25,20029.75,206339,7176,20029.50,20079.50,20019.00,20023.50,79739,3582,20024.00,20068.75,19964.25,20028.00,102950,3582,20027.50,20068.75,20015.50,20028.00,56763,1789,20027.75,20056.00,20023.25,20054.75,21932,1834,20248.00,20263.25,19958.25,20028.00,655077,23303
2024-06-21,NQU4,49279,20043.25,20086.00,19914.25,20009.75,573754,20043.25,20063.00,20040.75,20060.75,2914,800,20043.25,20086.00,19947.75,20034.00,113946,24453,20069.25,20071.00,19947.75,19995.75,55014,11437,19988.75,20045.50,19987.75,20034.00,25668,3055,20034.00,20034.25,19914.25,19964.25,131609,3599,20034.00,20065.75,19914.25,20063.25,239728,8966,20063.00,20072.75,19947.50,19960.75,105427,7083,19960.50,20002.50,19956.50,19983.00,38121,3448,19982.50,20014.50,19973.50,19979.25,54514,3498,20001.50,20014.50,19973.50,19979.25,37302,1768,19979.50,20012.00,19973.75,20010.25,21912,1813,20034.00,20072.75,19914.25,19979.25,437790,22995
2024-06-24,NQU4,48880,20014.75,20030.25,19728.00,19752.50,676449,20014.75,20026.50,20000.50,20015.75,3350,1041,20014.75,20030.25,19895.50,19923.00,105146,23775,19997.75,20030.00,19939.50,19953.75,36737,8987,19965.00,19967.50,19895.50,19923.00,23883,2960,19923.00,19995.50,19866.75,19892.25,143103,3600,19923.00,19995.50,19821.25,19915.50,290461,8969,19915.50,19921.75,19787.75,19811.00,116708,7033,19811.25,19834.25,19767.25,19821.00,61978,3540,19820.75,19855.00,19740.50,19747.75,73572,3534,19830.00,19837.50,19740.50,19747.75,46783,1777,19748.00,19765.50,19728.00,19751.25,28450,2003,19923.00,19995.50,19740.50,19747.75,542719,23076
2024-06-25,NQU4,47796,19756.00,19981.25,19726.00,19970.50,566404,19756.00,19768.75,19750.25,19759.50,2812,834,19756.00,19851.00,19726.00,19832.50,101894,23387,19786.00,19851.00,19726.00,19820.75,52352,10742,19832.00,19850.00,19808.50,19832.50,16773,2708,19832.00,19898.00,19792.25,19872.00,124544,3597,19832.00,19960.75,19792.25,19957.50,236724,8924,19957.50,19968.00,19837.75,19922.50,112149,6993,19922.75,19965.75,19916.00,19948.50,43245,3409,19948.50,19981.25,19933.75,19968.50,51777,3402,19979.25,19980.75,19942.50,19968.50,31921,1743,19968.50,19979.00,19955.25,19970.00,20531,1665,19832.00,19981.25,19792.25,19968.50,443895,22728
2024-06-26,NQU4,48930,19973.00,20070.50,19901.00,19953.75,584733,19973.00,19987.75,19966.50,19976.25,3231,1040,19973.00,20070.50,19901.00,19929.25,114276,23846,20010.75,20070.50,19980.75,20000.00,46054,10184,19975.00,19975.00,19901.00,19929.25,31063,3297,19929.50,20024.00,19919.25,19952.75,110887,3590,19929.50,20028.00,19912.00,20017.00,236779,8960,20017.50,20020.75,19935.25,19986.50,91145,6920,19986.50,19987.50,19948.25,19952.00,39149,3407,19951.50,20027.50,19927.25,20019.50,64743,3518,19961.00,20027.50,19952.50,20019.50,41448,1769,20019.25,20021.50,19920.25,19953.25,38573,2262,19929.50,20028.00,19912.00,20019.50,431816,22805
2024-06-27,NQU4,46439,19946.00,20116.75,19874.25,20067.50,579644,19946.00,19963.00,19925.50,19930.25,4318,1156,19946.00,20008.00,19874.25,19992.50,90064,21890,19955.25,19992.50,19933.50,19973.50,31250,8242,19969.00,20008.00,19953.00,19992.50,21904,2968,19992.00,20116.75,19989.75,20076.25,150260,3600,19992.00,20116.75,19954.00,19987.75,277221,8963,19987.25,20066.00,19980.75,20036.50,84284,6864,20036.25,20046.00,19993.50,20042.25,54534,3480,20043.00,20061.25,20000.25,20029.25,51317,3483,20048.00,20054.50,20000.25,20029.25,32364,1761,20029.50,20079.75,20029.50,20068.25,22122,1737,19992.00,20116.75,19954.00,20029.25,467356,22790
2024-06-28,NQU4,45869,20063.25,20273.25,19906.25,19966.50,737662,20063.25,20089.50,20061.00,20082.00,2954,791,20063.25,20178.00,20058.50,20071.25,110354,20603,20113.75,20133.00,20091.75,20125.50,25710,6969,20149.50,20178.00,20058.50,20071.25,46768,3389,20070.50,20273.25,20039.25,20225.75,153112,3596,20070.50,20273.25,20039.25,20108.25,303428,8974,20108.25,20115.25,19985.25,20039.25,127263,7001,20038.75,20071.75,20003.25,20012.25,47506,3457,20012.50,20018.25,19906.25,19933.50,109424,3541,19990.25,20018.25,19906.25,19933.50,85349,1800,19933.25,19976.75,19919.00,19966.50,39590,2270,20070.50,20273.25,19906.25,19933.50,587621,22973
2024-07-01,NQU4,49312,19970.00,20074.00,19811.75,20042.50,631947,19970.00,19984.50,19944.25,19972.75,5841,1359,19970.00,20020.75,19901.50,19970.25,114479,24852,20009.75,20016.00,19901.50,19976.50,53431,10752,19979.00,19992.50,19950.75,19970.25,18008,2694,19970.50,19985.75,19811.75,19931.25,165249,3600,19970.50,19985.75,19811.75,19972.75,289005,8978,19972.50,20026.50,19957.25,19997.25,92534,6936,19996.75,20050.75,19982.50,20013.50,48009,3478,20013.75,20074.00,19983.75,20058.00,69580,3517,20007.75,20074.00,20002.75,20058.00,43727,1782,20058.00,20059.75,20038.00,20043.00,18262,1531,19970.50,20074.00,19811.75,20058.00,499128,22909
2024-07-02,NQU4,48645,20045.75,20259.25,19910.00,20240.00,607545,20045.75,20054.50,20029.00,20031.00,2604,747,20045.75,20054.50,19910.00,19984.00,103831,23864,19986.50,19990.00,19910.00,19929.00,43236,9628,19953.50,19985.75,19932.00,19984.00,22867,2912,19984.00,20098.00,19976.75,20057.75,153403,3598,19984.00,20156.25,19976.75,20098.75,276480,8949,20099.75,20216.00,20065.25,20212.50,104412,6950,20212.50,20240.00,20204.00,20227.00,43077,3445,20227.25,20255.25,20208.00,20249.25,55434,3447,20227.00,20255.25,20208.00,20249.25,37145,1757,20249.75,20259.25,20229.00,20239.50,24245,1974,19984.00,20255.25,19976.75,20249.25,479403,22791
2024-07-03,NQU4,33192,20241.00,20435.25,20205.00,20419.50,389641,20241.00,20251.25,20231.50,20247.00,2614,882,20241.00,20283.75,20205.00,20218.25,83676,19804,20244.00,20283.75,20234.00,20250.25,30555,7879,20230.00,20241.00,20205.00,20218.25,22361,2862,20218.00,20300.00,20215.75,20262.00,119341,3589,20218.00,20382.50,20215.75,20378.75,224522,8949,20378.25,20435.25,20369.75,20419.50,81443,4439,,,,,0,0,,,,,0,0,,,,,0,0,,,,,0,0,20218.00,20435.25,20215.75,20419.50,305965,13388
2024-07-04,NQU4,15501,20419.25,20420.50,20369.75,20381.25,52694,20419.25,20420.50,20390.25,20399.25,2868,834,20419.25,20420.50,20390.25,20405.75,26404,9466,20404.75,20410.00,20396.00,20404.25,10060,3465,20406.00,20410.00,20403.50,20405.75,2155,727,20405.75,20406.25,20372.00,20380.00,11822,2226,20405.75,20406.25,20369.75,20385.50,22447,4780,20385.50,20388.25,20373.75,20381.25,3843,1255,,,,,0,0,,,,,0,0,,,,,0,0,,,,,0,0,20405.75,20406.25,20369.75,20381.25,26290,6035
2024-07-05,NQU4,43462,20381.25,20639.50,20361.00,20591.50,539056,20381.25,20390.75,20361.00,20384.25,2413,688,20381.25,20496.00,20361.00,20440.75,88043,18912,20442.00,20458.00,20425.50,20431.00,26357,7398,20444.75,20496.00,20373.00,20440.75,34195,3286,20440.25,20544.25,20428.25,20514.25,147999,3600,20440.25,20607.00,20428.25,20597.75,252687,8962,20597.75,20638.50,20575.75,20626.50,88209,6953,20627.00,20629.50,20594.25,20613.50,36227,3376,20614.00,20639.50,20608.25,20621.75,52970,3446,20626.75,20639.50,20615.75,20621.75,35982,1763,20621.50,20625.00,20593.00,20593.50,20748,1785,20440.25,20639.50,20428.25,20621.75,430093,22737
2024-07-08,NQU4,43848,20591.50,20688.00,20579.25,20684.50,490382,20591.50,20618.00,20581.25,20599.00,5313,1362,20591.50,20641.75,20579.25,20632.00,72205,19513,20597.25,20631.25,20589.25,20628.00,27744,7548,20634.50,20641.75,20625.50,20632.00,14656,2493,20631.75,20653.50,20596.75,20625.25,124196,3597,20631.75,20670.75,20588.00,20663.00,226356,8943,20663.00,20669.75,20609.00,20656.00,78632,6858,20655.75,20656.25,20609.00,20647.75,41540,3416,20647.50,20688.00,20617.75,20655.50,50252,3440,20620.25,20688.00,20617.75,20655.50,34854,1759,20655.75,20687.25,20653.50,20683.25,21253,1661,20631.75,20688.00,20588.00,20655.50,396780,22657
2024-07-09,NQU4,45114,20681.00,20771.75,20615.75,20687.75,564262,20681.00,20699.00,20672.50,20688.25,5306,1015,20681.00,20748.75,20672.50,20718.25,88139,20562,20724.50,20747.75,20712.25,20724.25,25860,7114,20713.25,20729.50,20703.25,20718.25,12731,2406,20718.50,20771.75,20693.25,20703.25,131098,3599,20718.50,20771.75,20670.25,20704.25,245566,8984,20703.75,20717.00,20615.75,20663.00,124216,7073,20663.00,20679.25,20641.75,20671.50,43297,3428,20671.25,20686.25,20654.50,20674.75,45678,3454,20665.75,20686.25,20656.25,20674.75,27656,1744,20674.75,20689.75,20672.00,20688.75,17321,1600,20718.50,20771.75,20615.75,20674.75,458757,22939
2024-07-10,NQU4,42088,20686.00,20916.75,20684.50,20896.50,563663,20686.00,20700.25,20684.50,20695.00,3310,765,20686.00,20767.25,20684.50,20757.50,66482,17254,20702.00,20760.00,20697.75,20749.50,25163,6822,20760.00,20767.25,20751.00,20757.50,14445,2489,20757.00,20796.50,20721.50,20772.75,137424,3600,20757.00,20796.50,20703.00,20763.00,243242,8957,20763.00,20880.50,20760.25,20872.50,119219,7055,20872.75,20895.25,20861.00,20881.50,36304,3387,20882.00,20916.75,20853.00,20907.25,73136,3526,20869.50,20916.75,20863.75,20907.25,52556,1793,20907.25,20908.50,20878.00,20894.25,25142,1890,20757.00,20916.75,20703.00,20907.25,471901,22925
2024-07-11,NQU4,44147,20895.50,20983.75,20377.25,20432.75,890384,20895.50,20899.00,20880.50,20891.25,3160,1024,20895.50,20983.75,20853.25,20889.75,124879,18859,20881.00,20891.75,20872.75,20882.75,19619,5932,20884.00,20983.75,20873.25,20889.75,74100,3502,20889.75,20902.25,20657.00,20695.50,197320,3600,20889.75,20902.25,20475.75,20480.00,417422,8997,20480.00,20539.25,20385.75,20388.25,169601,7171,20388.25,20470.50,20377.25,20464.00,63072,3549,20464.50,20494.00,20431.00,20451.75,83844,3574,20441.50,20489.75,20431.00,20451.75,49623,1795,20451.75,20462.50,20409.25,20432.00,31440,1978,20889.75,20902.25,20377.25,20451.75,733939,23291
2024-07-12,NQU4,47707,20432.75,20741.00,20335.00,20539.75,712780,20432.75,20450.00,20420.00,20441.25,4475,1148,20432.75,20468.50,20335.00,20446.25,117491,22764,20423.00,20448.00,20380.50,20443.50,34294,8397,20418.50,20468.50,20335.00,20446.25,38064,3294,20446.75,20587.00,20425.25,20550.00,154908,3599,20446.75,20666.75,20425.25,20606.75,275959,8955,20607.00,20741.00,20554.75,20709.00,132312,7083,20708.75,20723.75,20681.25,20709.00,48734,3483,20709.00,20712.00,20510.25,20528.50,111683,3560,20675.50,20678.25,20510.25,20528.50,86963,1799,20528.75,20562.25,20512.00,20538.25,26472,1839,20446.75,20741.00,20425.25,20528.50,568688,23081
2024-07-15,NQU4,46400,20580.00,20797.00,20506.25,20625.25,693346,20580.00,20590.00,20508.00,20543.75,10266,1787,20580.00,20652.50,20508.00,20613.00,88921,21291,20618.50,20652.50,20607.75,20622.25,28937,7672,20628.00,20634.50,20593.75,20613.00,15093,2642,20613.00,20687.50,20581.75,20683.25,145782,3597,20613.00,20797.00,20581.75,20695.25,280281,8981,20695.75,20705.00,20556.50,20573.00,160113,7134,20573.75,20633.00,20547.50,20617.00,53816,3510,20617.50,20643.25,20506.25,20551.50,85246,3548,20623.00,20637.50,20506.25,20551.50,59579,1792,20551.75,20631.00,20551.75,20626.00,24904,1920,20613.00,20797.00,20506.25,20551.50,579456,23173
2024-07-16,NQU4,45615,20628.00,20684.50,20464.50,20588.50,622766,20628.00,20647.00,20624.25,20634.00,3787,1166,20628.00,20655.00,20541.75,20647.50,90054,20868,20616.00,20637.50,20541.75,20631.50,40543,9069,20633.00,20653.50,20575.00,20647.50,19566,2839,20648.00,20684.50,20485.50,20527.75,157410,3600,20648.00,20684.50,20485.50,20547.00,276796,8965,20547.25,20567.25,20464.50,20531.25,118739,7017,20531.00,20590.00,20485.75,20582.25,57742,3514,20582.00,20614.25,20558.75,20600.00,59478,3504,20578.50,20614.25,20562.00,20600.00,37089,1774,20600.50,20608.25,20586.25,20588.75,19848,1730,20648.00,20684.50,20464.50,20600.00,512755,23000
2024-07-17,NQU4,53096,20591.00,20597.75,19965.75,20016.75,835039,20591.00,20597.75,20578.75,20590.50,2285,797,20591.00,20597.75,20257.25,20264.25,161385,27461,20454.25,20458.25,20259.75,20285.75,85479,13074,20307.75,20317.25,20257.25,20264.25,28401,3119,20263.75,20281.50,20097.75,20130.00,187074,3600,20263.75,20281.50,20053.00,20079.50,342245,8996,20079.25,20089.25,20007.75,20027.50,156488,7173,20027.75,20075.00,20011.75,20027.75,54896,3559,20027.75,20072.50,19997.75,20004.00,83890,3581,20051.25,20072.50,19999.25,20004.00,50189,1794,20004.00,20024.75,19965.75,20013.50,36037,2304,20263.75,20281.50,19997.75,20004.00,637519,23309
2024-07-18,NQU4,53750,20024.25,20162.50,19758.75,19934.75,951860,20024.25,20067.00,20024.25,20060.25,8404,1504,20024.25,20162.50,20018.50,20142.00,147485,27931,20140.75,20144.25,20018.50,20088.75,62606,11491,20110.50,20162.50,20102.75,20142.00,27000,3145,20141.75,20149.25,20019.75,20045.00,155829,3600,20141.75,20149.25,19785.00,19814.25,389302,8995,19814.50,19946.25,19773.00,19865.00,162051,7170,19865.00,19892.25,19800.50,19849.25,84142,3585,19848.75,19961.00,19758.75,19902.50,135172,3597,19819.25,19961.00,19811.75,19902.50,73951,1799,19902.75,19953.75,19865.25,19944.50,33541,2451,20141.75,20149.25,19758.75,19902.50,770667,23347
2024-07-19,NQU4,50772,19955.00,19979.75,19654.00,19701.50,763223,19955.00,19976.75,19936.25,19953.50,8145,1416,19955.00,19979.75,19753.50,19876.25,146540,25528,19903.75,19939.25,19753.50,19921.00,81271,12715,19906.25,19945.00,19871.25,19876.25,22686,2833,19876.00,19976.50,19798.75,19808.25,148893,3600,19876.00,19976.50,19704.00,19807.75,306571,8995,19807.50,19826.25,19654.00,19722.00,147675,7152,19721.50,19746.00,19669.75,19717.25,54471,3551,19718.00,19784.50,19685.00,19705.50,82808,3588,19767.50,19772.50,19685.00,19705.50,49623,1799,19706.00,19738.25,19692.75,19701.75,25092,1942,19876.00,19976.50,19654.00,19705.50,591525,23286
2024-07-22,NQU4,53351,19749.00,20044.75,19718.75,19980.75,645159,19749.00,19794.75,19727.25,19791.00,10463,2036,19749.00,19958.00,19718.75,19956.50,132643,28302,19813.00,19899.25,19758.00,19893.25,42821,9528,19919.75,19958.00,19907.00,19956.50,19697,2881,19956.50,20026.75,19882.75,19963.50,149357,3598,19956.50,20026.75,19809.75,19868.25,293164,8982,19868.00,20016.25,19835.50,19997.50,97854,7037,19998.00,20044.75,19992.50,20014.00,37998,3466,20013.50,20032.50,19979.25,19995.50,61298,3551,20000.25,20032.50,19979.50,19995.50,35875,1788,19995.00,20012.75,19964.50,19981.50,22154,2002,19956.50,20044.75,19809.75,19995.50,490314,23036
2024-07-23,NQU4,48889,19982.00,20084.75,19868.25,19946.25,593769,19982.00,19998.25,19973.00,19986.00,4304,986,19982.00,20015.50,19868.25,19958.50,107608,23643,19937.50,20015.50,19868.25,19994.75,43482,9599,19949.75,19984.75,19923.75,19958.50,20765,2994,19958.00,20047.75,19933.50,20020.00,124702,3599,19958.00,20084.75,19927.50,20039.50,249868,8967,20039.25,20042.00,19915.75,19976.25,110647,6987,19976.25,19997.00,19946.50,19972.75,38876,3357,19972.50,19995.75,19904.00,19922.00,52805,3433,19990.50,19991.00,19904.00,19922.00,37245,1760,19922.25,19999.75,19902.75,19952.00,33815,2481,19958.00,20084.75,19904.00,19922.00,452196,22744
2024-07-24,NQU4,53523,19883.00,19883.00,19168.75,19269.50,822747,19883.00,19883.00,19786.25,19816.00,12228,2081,19883.00,19883.00,19607.50,19636.75,160352,27598,19716.75,19753.25,19683.25,19704.00,54365,10762,19643.00,19652.00,19607.50,19636.75,36392,3258,19637.25,19653.75,19466.25,19490.25,160727,3599,19637.25,19653.75,19360.25,19361.50,295253,8986,19361.75,19380.50,19308.50,19321.00,135627,7118,19321.00,19330.75,19224.00,19241.25,74754,3551,19242.25,19307.50,19168.75,19202.25,116478,3583,19212.25,19307.50,19168.75,19202.25,79761,1800,19202.25,19276.75,19191.00,19266.00,40208,2664,19637.25,19653.75,19168.75,19202.25,622112,23238
2024-07-25,NQU4,59179,19260.00,19390.50,18883.25,18994.75,970328,19260.00,19304.50,19257.50,19279.50,6601,1662,19260.00,19304.50,19062.00,19219.75,206613,33075,19243.25,19261.75,19062.00,19134.25,91771,13959,19125.25,19244.50,19080.00,19219.75,47167,3487,19219.25,19226.75,18883.25,19071.75,214333,3600,19219.25,19280.00,18883.25,19222.00,396514,8990,19221.75,19390.50,19190.75,19291.50,159545,7154,19290.50,19294.25,19110.00,19137.25,69105,3578,19137.00,19244.50,18992.00,19005.25,99197,3589,19214.00,19224.50,18992.00,19005.25,61737,1798,19005.50,19009.50,18941.00,18987.25,39099,2768,19219.25,19390.50,18883.25,19005.25,724361,23311
2024-07-26,NQU4,50792,19003.00,19297.75,18995.00,19175.75,687457,19003.00,19035.00,18998.75,19006.75,6529,1468,19003.00,19236.50,18995.00,19168.25,118493,25888,19089.00,19222.00,19084.75,19212.25,46933,10211,19206.25,19236.50,19156.00,19168.25,26878,3037,19168.00,19192.25,19045.25,19163.50,151411,3595,19168.00,19194.25,19040.25,19189.25,274906,8969,19189.50,19297.75,19148.50,19190.00,137678,7147,19190.75,19221.75,19117.75,19134.00,49642,3503,19134.00,19191.25,19104.00,19158.00,83934,3573,19179.75,19190.75,19104.00,19158.00,51884,1795,19158.50,19190.25,19158.50,19175.50,22761,1698,19168.00,19297.75,19040.25,19158.00,546160,23192
2024-07-29,NQU4,49145,19171.75,19377.25,19113.25,19222.50,591523,19171.75,19242.25,19167.75,19230.00,6549,1722,19171.75,19362.00,19167.75,19284.75,108153,24208,19327.00,19329.00,19219.75,19296.50,36869,9028,19326.25,19362.00,19276.00,19284.75,20231,2898,19284.50,19377.25,19222.00,19288.00,136798,3599,19284.50,19377.25,19113.25,19259.75,264500,8991,19260.50,19348.75,19245.00,19258.00,110571,7062,19257.75,19257.75,19186.00,19221.00,44472,3506,19222.50,19267.50,19198.75,19207.25,47182,3486,19242.75,19267.50,19198.75,19207.25,26363,1752,19207.25,19221.25,19188.50,19220.75,16531,1880,19284.50,19377.25,19113.25,19207.25,466725,23045
2024-07-30,NQU4,48147,19217.00,19319.75,18725.00,18861.25,731539,19217.00,19237.50,19206.75,19215.25,1836,631,19217.00,19293.25,19076.00,19287.75,86332,21751,19206.00,19280.00,19205.25,19261.50,31549,7987,19254.00,19293.25,19252.00,19287.75,10693,2003,19287.50,19319.75,19159.00,19163.50,133912,3598,19287.50,19319.75,18926.00,18934.75,297172,8994,18934.75,18973.25,18803.00,18934.75,153157,7154,18934.00,18999.50,18922.50,18947.25,60967,3566,18947.50,19016.25,18903.75,18943.50,80819,3573,18937.25,19016.25,18903.75,18943.50,51109,1794,18943.75,18954.25,18725.00,18873.25,52935,3085,19287.50,19319.75,18803.00,18943.50,592115,23287
2024-07-31,NQU4,55520,18865.75,19648.00,18861.75,19581.75,744800,18865.75,18998.00,18861.75,18970.75,14059,2245,18865.75,19380.75,18861.75,19372.50,163474,29683,19208.75,19260.75,19178.50,19254.25,48994,10339,19290.00,19380.75,19275.00,19372.50,33571,3257,19372.50,19471.75,19310.75,19433.75,161806,3599,19372.50,19516.00,19310.75,19466.00,272234,8978,19465.75,19491.00,19344.75,19418.75,86601,6973,19420.25,19570.25,19385.00,19558.50,69461,3547,19558.25,19573.25,19416.25,19506.00,107974,3597,19440.50,19554.00,19421.75,19506.00,61698,1800,19506.25,19648.00,19489.00,19583.50,44937,2721,19372.50,19573.25,19310.75,19506.00,536270,23095
2024-08-01,NQU4,57027,19593.25,19717.00,18854.00,18967.75,900049,19593.25,19644.25,19582.25,19630.50,7799,1812,19593.25,19717.00,19504.75,19520.50,163203,30876,19593.50,19662.25,19504.75,19577.00,64716,11730,19620.25,19647.25,19517.50,19520.50,28786,3160,19519.75,19682.00,19450.00,19451.50,173520,3600,19519.75,19682.00,19146.25,19168.25,349194,8998,19168.25,19236.25,18911.50,19009.50,164924,7171,19009.50,19034.25,18868.25,18876.75,77429,3580,18878.00,19064.25,18876.75,19023.25,100077,3593,18962.75,19064.25,18951.75,19023.25,60539,1800,19023.25,19050.00,18854.00,18966.50,45119,2791,19519.75,19682.00,18868.25,19023.25,691624,23342
2024-08-02,NQU4,56825,18956.50,18979.75,18385.75,18513.25,823210,18956.50,18979.75,18841.75,18864.00,12895,2337,18956.50,18979.75,18508.50,18654.75,205300,31487,18704.75,18762.25,18641.25,18673.00,59088,11692,18709.25,18761.50,18508.50,18654.75,69472,3525,18654.00,18761.00,18385.75,18490.25,173768,3600,18654.00,18761.00,18385.75,18572.75,337768,8994,18573.25,18633.00,18445.00,18489.25,128423,7113,18488.75,18588.25,18452.00,18508.50,53676,3523,18508.00,18580.50,18461.00,18548.00,74250,3554,18553.50,18580.50,18461.00,18548.00,49489,1790,18548.25,18566.00,18501.00,18513.75,23720,2132,18654.00,18761.00,18385.75,18548.00,594117,23184
2024-08-05,NQU4,65848,18390.00,18390.00,17351.00,18146.75,921700,18390.00,18390.00,18269.25,18347.00,14855,2151,18390.00,18390.00,17351.00,17582.75,321082,40170,17642.00,17990.50,17588.75,17635.00,105077,13913,17457.00,17699.75,17362.50,17582.75,49895,3319,17581.75,18112.50,17509.25,17874.25,163145,3596,17581.75,18189.25,17509.25,18112.00,310643,8972,18112.25,18289.00,18020.00,18078.75,110663,7044,18080.25,18089.50,17892.25,17904.75,55412,3548,17905.00,18022.50,17902.50,17999.00,82448,3583,17971.25,18022.50,17918.00,17999.00,51028,1794,17998.75,18170.00,17993.75,18146.25,41368,2514,17581.75,18289.00,17509.25,17999.00,559166,23147
2024-08-06,NQU4,56595,18165.75,18483.25,17966.00,18099.00,682965,18165.75,18260.00,18162.00,18201.25,8519,1756,18165.75,18437.00,18016.50,18073.00,159684,30753,18265.75,18314.75,18016.50,18194.50,57924,10914,18146.25,18150.75,18052.50,18073.00,22921,2915,18072.00,18229.75,17966.00,18183.75,128738,3599,18072.00,18349.75,17966.00,18332.75,259306,8993,18333.50,18449.50,18316.00,18421.00,91615,7027,18421.75,18483.25,18385.00,18400.25,40380,3432,18399.50,18401.25,18164.75,18191.50,89840,3590,18353.75,18356.50,18164.75,18191.50,48539,1794,18191.00,18272.75,18068.75,18100.75,42073,2784,18072.00,18483.25,17966.00,18191.50,481141,23042
2024-08-07,NQU4,53960,18033.00,18558.50,17836.25,17854.50,707286,18033.00,18140.50,18030.25,18098.50,9601,1718,18033.00,18461.75,18030.25,18458.00,134340,27954,18314.75,18461.75,18220.00,18382.50,46281,9569,18395.75,18460.75,18391.00,18458.00,15672,2586,18458.75,18558.50,18405.75,18432.25,132556,3600,18458.75,18558.50,18341.25,18396.50,247377,8978,18396.00,18404.75,18095.00,18117.75,139354,7113,18118.00,18134.25,18000.50,18032.25,71784,3575,18032.75,18147.00,17951.75,17955.75,79820,3578,18089.75,18115.50,17951.75,17955.75,45491,1789,17955.75,18000.00,17836.25,17856.00,34532,2746,18458.75,18558.50,17951.75,17955.75,538335,23244
2024-08-08,NQU4,53107,17873.00,18593.50,17741.75,18558.00,649781,17873.00,17928.00,17862.25,17898.00,9331,1740,17873.00,18252.25,17741.75,18223.25,155141,27707,18034.75,18043.75,17879.00,17993.00,36903,8457,17976.75,18252.25,17970.75,18223.25,44522,3194,18223.25,18370.00,18064.25,18364.50,127590,3600,18223.25,18438.00,18064.25,18410.00,235646,8967,18409.50,18532.25,18358.00,18513.25,108168,7044,18512.75,18555.25,18472.25,18500.50,43973,3476,18501.00,18517.00,18404.25,18517.00,74730,3570,18446.75,18517.00,18404.25,18517.00,46439,1798,18517.50,18593.50,18508.50,18561.75,32005,2326,18223.25,18555.25,18064.25,18517.00,462517,23057
2024-08-09,NQU4,49564,18550.25,18674.50,18383.00,18602.50,494481,18550.25,18574.00,18527.50,18562.00,3973,1087,18550.25,18651.00,18383.00,18445.75,122485,25340,18534.50,18651.00,18488.25,18525.50,45461,9294,18456.50,18460.00,18383.00,18445.75,25399,3032,18446.50,18566.50,18404.50,18499.25,107083,3599,18446.50,18578.75,18404.50,18474.25,196177,8921,18474.75,18674.50,18455.50,18609.00,80144,6815,18609.00,18628.50,18563.25,18590.50,34310,3393,18591.50,18633.75,18566.75,18626.75,46800,3490,18616.50,18633.75,18576.75,18626.75,28368,1757,18627.00,18627.50,18591.25,18600.50,14523,1587,18446.50,18674.50,18404.50,18626.75,357431,22619
2024-08-12,NQU4,41888,18590.00,18765.25,18515.00,18626.25,464243,18590.00,18659.00,18515.00,18596.25,8024,1713,18590.00,18693.50,18515.00,18639.25,71678,17867,18625.25,18690.75,18602.50,18665.00,25381,6214,18683.00,18693.50,18634.25,18639.25,11168,2154,18638.75,18728.00,18523.50,18710.00,107197,3598,18638.75,18765.25,18523.50,18725.25,213021,8933,18724.75,18731.75,18586.00,18619.25,84414,6809,18619.75,18644.50,18598.00,18639.75,29528,3261,18640.50,18651.00,18581.50,18626.50,45233,3424,18627.50,18637.50,18581.50,18626.50,28907,1738,18626.25,18659.00,18617.50,18630.25,20325,1576,18638.75,18765.25,18523.50,18626.50,372196,22427
2024-08-13,NQU4,46070,18648.25,19122.50,18628.50,19099.25,489902,18648.25,18652.25,18628.50,18638.50,2066,585,18648.25,18847.00,18628.50,18828.00,111101,21625,18742.25,18817.25,18647.50,18708.75,43965,9281,18754.50,18847.00,18745.25,18828.00,33894,3173,18827.50,18922.50,18816.25,18899.75,94329,3590,18827.50,18997.50,18816.25,18985.25,174470,8869,18985.50,19087.50,18966.00,19058.50,95614,6904,19059.50,19084.75,19037.50,19080.25,29877,3213,19080.00,19112.00,19032.25,19111.50,54277,3440,19059.50,19112.00,19051.50,19111.50,33402,1727,19111.00,19122.50,19081.50,19099.50,24478,1998,18827.50,19112.00,18816.25,19111.50,354238,22426
2024-08-14,NQU4,46514,19099.25,19203.50,18925.50,19147.00,542881,19099.25,19128.00,19087.00,19097.75,3678,1010,19099.25,19163.50,19000.00,19133.50,107341,22013,19107.25,19122.50,19063.50,19111.25,28351,7703,19114.25,19163.50,19000.00,19133.50,38221,3127,19133.00,19175.50,18966.00,19008.50,120193,3598,19133.00,19203.50,18925.50,19197.75,230014,8966,19197.50,19199.50,19017.75,19077.00,108186,6972,19076.50,19113.00,19044.50,19107.25,31309,3298,19107.75,19142.25,19038.25,19125.50,47961,3457,19058.00,19142.25,19046.00,19125.50,28560,1744,19125.75,19160.75,19102.25,19141.75,18010,1792,19133.00,19203.50,18925.50,19125.50,417470,22693
2024-08-15,NQU4,44828,19142.50,19603.25,19100.50,19568.25,516216,19142.50,19150.00,19121.25,19130.50,1919,665,19142.50,19371.50,19100.50,19350.50,115002,20118,19165.75,19198.50,19104.75,19167.00,29264,7064,19162.00,19371.50,19138.25,19350.50,51122,3433,19350.75,19489.75,19336.25,19484.00,114306,3598,19350.75,19547.00,19336.25,19531.50,200590,8911,19531.50,19584.75,19513.25,19582.00,80201,6844,19582.25,19592.00,19565.25,19584.75,33056,3376,19585.50,19603.25,19543.00,19572.75,61575,3496,19581.25,19603.25,19543.00,19572.75,43486,1783,19572.25,19591.50,19560.00,19568.00,25681,2063,19350.75,19603.25,19336.25,19572.75,375422,22627
2024-08-16,NQU4,46762,19570.25,19683.00,19447.50,19604.00,449986,19570.25,19612.25,19560.75,19603.25,3884,1157,19570.25,19683.00,19447.50,19505.75,112877,22899,19676.50,19677.75,19551.00,19551.00,37292,8965,19512.00,19513.00,19447.50,19505.75,34148,3277,19505.75,19591.25,19462.50,19574.00,105379,3590,19505.75,19591.25,19462.50,19581.75,189682,8905,19582.00,19660.75,19564.25,19628.25,71206,6754,19627.75,19629.25,19590.50,19625.75,25611,3228,19626.25,19626.75,19572.25,19600.50,36336,3313,19604.00,19613.50,19572.25,19600.50,24429,1713,19600.25,19622.25,19598.50,19607.00,14124,1641,19505.75,19660.75,19462.50,19600.50,322835,22200
2024-08-19,NQU4,44350,19629.00,19871.75,19525.25,19853.50,424458,19629.00,19673.75,19614.50,19647.75,5003,1233,19629.00,19688.00,19525.25,19602.50,77337,20081,19576.25,19618.50,19525.25,19609.50,30771,7770,19633.25,19638.75,19600.75,19602.50,11254,2289,19602.25,19625.50,19529.00,19609.50,105526,3594,19602.25,19680.00,19529.00,19635.75,180506,8836,19635.75,19722.75,19620.25,19722.00,57174,6545,19722.00,19786.25,19719.00,19769.00,35001,3340,19769.25,19858.75,19756.00,19858.50,50944,3349,19784.50,19858.75,19763.75,19858.50,35327,1706,19858.50,19871.75,19832.75,19854.25,23419,2180,19602.25,19858.75,19529.00,19858.50,323625,22070
2024-08-20,NQU4,44100,19857.75,19931.00,19743.00,19804.75,479343,19857.75,19883.00,19857.75,19867.25,3163,949,19857.75,19931.00,19812.25,19817.25,77690,19827,19893.25,19931.00,19849.75,19873.75,27460,7250,19869.25,19870.75,19812.25,19817.25,18827,2792,19817.50,19925.00,19803.25,19821.75,114718,3598,19817.50,19925.00,19743.00,19849.00,224604,8954,19848.75,19858.50,19748.25,19809.25,79087,6791,19809.25,19867.75,19802.25,19850.75,36696,3372,19850.50,19859.75,19810.75,19817.00,44597,3477,19825.75,19859.75,19810.75,19817.00,26606,1761,19817.25,19832.75,19803.00,19804.75,16628,1663,19817.50,19925.00,19743.00,19817.00,384984,22594
2024-08-21,NQU4,42555,19803.00,19981.75,19771.50,19917.75,473242,19803.00,19819.00,19787.50,19794.50,3252,889,19803.00,19863.75,19785.50,19840.50,63798,18183,19817.00,19861.75,19790.50,19832.75,25808,7254,19855.75,19863.75,19836.25,19840.50,10911,2273,19840.25,19911.25,19813.00,19884.25,95974,3589,19840.25,19981.75,19802.50,19825.00,222262,8928,19825.00,19899.25,19771.50,19897.25,65492,6540,19898.75,19953.25,19878.25,19912.50,50547,3469,19912.50,19922.50,19832.75,19909.50,53054,3498,19875.25,19922.50,19854.50,19909.50,27777,1745,19910.00,19925.50,19881.50,19921.00,18004,1923,19840.25,19981.75,19771.50,19909.50,391355,22435
2024-08-22,NQU4,43413,19921.25,20025.25,19542.00,19612.25,621620,19921.25,19944.00,19912.25,19936.00,2365,825,19921.25,20003.50,19866.00,19993.75,69943,18205,19916.25,19987.25,19896.50,19977.00,23621,6581,19966.75,20003.50,19937.00,19993.75,18557,2823,19994.25,20025.25,19883.25,19909.00,120020,3594,19994.25,20025.25,19664.00,19720.25,253254,8971,19720.25,19831.75,19586.50,19600.50,143840,7113,19600.25,19675.00,19584.00,19611.50,52682,3509,19611.50,19666.00,19542.00,19558.50,77205,3556,19586.25,19615.25,19542.00,19558.50,47530,1792,19558.75,19630.00,19558.25,19615.75,24564,2037,19994.25,20025.25,19542.00,19558.50,526981,23149
2024-08-23,NQU4,42266,19621.50,19904.25,19591.75,19776.75,574212,19621.50,19637.25,19612.50,19632.25,3005,837,19621.50,19778.25,19612.50,19752.50,66538,17790,19692.00,19755.00,19674.00,19740.50,23754,6584,19725.00,19778.25,19724.75,19752.50,15366,2653,19752.25,19904.25,19706.50,19887.00,123963,3583,19752.25,19904.25,19622.50,19722.75,285372,8959,19723.25,19768.75,19591.75,19736.00,111639,7002,19735.00,19766.50,19722.50,19738.25,34021,3324,19738.00,19811.25,19705.75,19794.00,60218,3515,19797.25,19811.25,19727.75,19794.00,36028,1770,19794.00,19797.50,19772.25,19775.00,16382,1661,19752.25,19904.25,19591.75,19794.00,491250,22800
2024-08-26,NQU4,43968,19787.75,19846.25,19505.50,19549.00,467882,19787.75,19832.50,19731.50,19743.75,6291,1464,19787.75,19846.25,19716.25,19767.25,73133,19482,19787.00,19846.25,19745.00,19774.75,27242,6913,19777.25,19784.25,19748.50,19767.25,11447,2453,19767.25,19801.50,19608.50,19612.50,97603,3590,19767.25,19801.50,19505.50,19547.50,204467,8935,19548.00,19643.00,19523.75,19537.00,83491,6816,19536.50,19620.75,19514.00,19614.50,43839,3408,19614.50,19624.50,19557.50,19583.00,44820,3436,19587.75,19599.50,19557.50,19583.00,27075,1748,19583.75,19597.75,19548.50,19550.50,17971,1868,19767.25,19801.50,19505.50,19583.00,376617,22595
2024-08-27,NQU4,42740,19558.75,19694.25,19441.50,19636.00,433128,19558.75,19574.00,19521.50,19535.75,3225,969,19558.75,19647.00,19476.00,19523.75,82722,19098,19610.25,19647.00,19554.00,19595.75,28851,7236,19563.00,19567.50,19476.00,19523.75,24372,2979,19524.00,19634.00,19441.50,19624.75,99959,3592,19524.00,19694.25,19441.50,19610.00,194911,8912,19609.50,19690.50,19583.25,19688.25,77022,6744,19688.75,19692.75,19639.50,19654.75,28579,3187,19654.75,19668.75,19631.00,19653.25,36916,3316,19648.25,19668.75,19631.00,19653.25,22361,1699,19653.25,19662.00,19625.75,19631.00,12909,1468,19524.00,19694.25,19441.50,19653.25,337428,22159
2024-08-28,NQU4,44027,19635.50,19691.00,19227.25,19310.25,530615,19635.50,19645.00,19575.50,19595.00,5875,1385,19635.50,19691.00,19560.75,19625.25,70348,18322,19647.00,19691.00,19609.50,19620.25,25161,6772,19635.25,19648.50,19595.75,19625.25,14593,2458,19626.00,19656.50,19513.25,19575.75,83828,3582,19626.00,19656.50,19339.25,19431.25,204760,8942,19432.50,19468.75,19295.50,19303.00,91554,6785,19303.00,19434.00,19278.50,19434.00,49907,3404,19434.25,19482.75,19407.25,19422.25,63057,3512,19452.50,19482.75,19416.50,19422.25,32524,1751,19422.75,19460.00,19227.25,19301.75,50876,3042,19626.00,19656.50,19278.50,19422.25,409278,22643
2024-08-29,NQU4,51744,19217.00,19693.50,19140.25,19445.50,660810,19217.00,19264.50,19140.25,19176.75,13630,2203,19217.00,19516.25,19140.25,19502.25,139982,26895,19339.00,19516.25,19337.75,19468.00,59108,10805,19474.75,19513.50,19443.75,19502.25,23502,2907,19502.00,19685.00,19478.25,19591.75,145297,3599,19502.00,19693.50,19478.25,19631.25,240778,8931,19631.25,19690.00,19575.75,19632.50,79816,6769,19632.25,19636.00,19342.00,19414.50,92046,3549,19414.00,19466.50,19337.00,19384.00,88036,3583,19408.25,19466.50,19367.75,19384.00,47587,1792,19384.25,19455.00,19383.50,19449.50,20092,2002,19502.00,19693.50,19337.00,19384.00,500676,22832
2024-08-30,NQU4,43124,19445.75,19632.75,19370.50,19594.50,484108,19445.75,19462.50,19407.50,19434.00,3623,1016,19445.75,19573.00,19394.00,19561.00,78152,18628,19482.50,19547.25,19461.00,19528.25,25301,6607,19551.75,19573.00,19508.50,19561.00,20910,2955,19561.25,19628.75,19514.00,19549.75,92225,3591,19561.25,19628.75,19414.25,19462.25,197173,8943,19462.00,19499.50,19370.50,19448.00,86690,6889,19448.50,19538.25,19434.00,19521.00,34798,3305,19521.25,19625.50,19493.25,19623.25,63689,3428,19560.00,19625.50,19519.50,19623.25,44249,1759,19623.25,19632.75,19591.25,19594.75,23548,1918,19561.25,19628.75,19370.50,19623.25,382350,22565
2024-09-02,NQU4,19560,19599.00,19670.25,19511.00,19647.00,71521,19599.00,19628.00,19569.00,19589.00,3148,978,19599.00,19637.75,19511.00,19618.00,40594,13134,19563.50,19608.00,19511.00,19605.00,17451,5100,19614.25,19637.75,19602.00,19618.00,4206,1155,19618.75,19645.50,19587.50,19605.25,11286,2215,19618.75,19670.25,19587.50,19654.00,27008,5248,19654.00,19659.75,19628.75,19647.00,3919,1178,,,,,0,0,,,,,0,0,,,,,0,0,,,,,0,0,19618.75,19670.25,19587.50,19647.00,30927,6426
2024-09-03,NQU4,49434,19646.50,19683.00,18911.00,18989.75,615795,19646.50,19683.00,19615.50,19634.25,4277,1308,19646.50,19683.00,19445.50,19478.50,111135,23908,19573.25,19644.75,19445.50,19498.50,52194,10097,19498.00,19522.25,19463.50,19478.50,18496,2695,19478.75,19483.25,19283.00,19313.75,131092,3596,19478.75,19483.25,19143.00,19150.75,248046,8946,19150.50,19205.00,19108.00,19109.25,87695,6898,19109.25,19113.50,19030.50,19043.25,51443,3483,19043.50,19072.00,18911.00,19004.50,84539,3550,19035.00,19046.00,18911.00,19004.50,64570,1799,19004.50,19037.75,18969.75,18986.75,32789,2630,19478.75,19483.25,18911.00,19004.50,471723,22877
2024-09-04,NQU4,52499,18993.75,19114.75,18825.75,18964.50,576119,18993.75,19005.75,18947.00,18964.75,6336,1460,18993.75,19005.75,18825.75,18875.25,132523,27658,18846.75,18942.75,18830.25,18875.75,43748,9209,18878.25,18917.50,18854.75,18875.25,18186,2721,18875.25,19002.00,18838.25,18972.50,127435,3594,18875.25,19114.75,18838.25,19005.75,238072,8963,19005.25,19087.75,18977.00,19004.75,78446,6840,19004.75,19031.75,18936.50,18940.50,43403,3421,18940.00,19019.50,18907.75,18973.50,62347,3524,18962.25,19019.50,18945.25,18973.50,37894,1778,18973.75,18977.50,18922.00,18965.75,21285,2078,18875.25,19114.75,18838.25,18973.50,422268,22748
2024-09-05,NQU4,48703,18965.75,19150.50,18827.25,18924.75,577823,18965.75,18985.00,18961.50,18973.50,2351,847,18965.75,19006.00,18827.25,18889.00,119441,23761,18898.00,19002.00,18887.75,18917.75,38182,8249,18846.50,18940.75,18844.00,18889.00,28259,3063,18888.75,19150.50,18883.25,19109.00,124669,3599,18888.75,19150.50,18842.00,18860.00,248773,8969,18859.00,19015.25,18854.00,19002.00,84854,6808,19002.50,19040.25,18983.00,18992.00,36230,3371,18991.25,18998.25,18899.25,18944.00,62992,3496,18959.00,18998.25,18899.25,18944.00,40144,1787,18944.00,19032.50,18904.00,18926.25,25460,2280,18888.75,19150.50,18842.00,18944.00,432849,22644
2024-09-06,NQU4,50479,18921.00,18972.25,18339.75,18377.50,710853,18921.00,18933.75,18902.25,18919.50,3103,930,18921.00,18972.25,18703.00,18926.50,150437,24718,18842.50,18845.25,18703.00,18782.75,46311,9283,18802.75,18972.25,18720.00,18926.50,57860,3458,18926.75,18967.25,18644.00,18646.25,144027,3598,18926.75,18967.25,18445.75,18476.00,308630,8990,18476.00,18545.75,18430.25,18477.50,105585,7053,18477.25,18493.75,18432.25,18482.00,39694,3437,18482.25,18532.75,18436.25,18457.75,72880,3560,18514.50,18531.25,18436.25,18457.75,46767,1793,18458.00,18464.25,18339.75,18366.50,33463,2693,18926.75,18967.25,18430.25,18457.75,526789,23040
2024-09-09,NQU4,50186,18400.00,18734.50,18386.00,18722.75,524709,18400.00,18444.25,18391.25,18418.50,6953,1572,18400.00,18645.75,18386.00,18627.75,108487,25138,18573.50,18645.75,18568.75,18597.50,40368,8866,18568.75,18632.50,18565.50,18627.75,14394,2498,18627.50,18720.75,18604.75,18625.00,97292,3593,18627.50,18720.75,18497.25,18637.50,203163,8943,18637.25,18730.00,18632.00,18654.50,92360,6951,18654.00,18654.00,18566.75,18605.25,47878,3495,18605.00,18694.75,18581.00,18689.50,53071,3522,18642.25,18694.75,18620.50,18689.50,32539,1784,18690.00,18734.50,18678.75,18718.00,19675,2118,18627.50,18730.00,18497.25,18689.50,396472,22911
2024-09-10,NQU4,46997,18727.00,18878.50,18582.25,18835.00,528811,18727.00,18741.00,18696.00,18700.25,3902,1091,18727.00,18778.00,18582.25,18758.00,101479,22614,18634.00,18706.00,18582.25,18703.75,41403,8659,18748.75,18778.00,18734.50,18758.00,16817,2736,18757.75,18821.75,18686.75,18782.50,122401,3598,18757.75,18821.75,18624.50,18626.50,220020,8929,18625.75,18795.50,18589.75,18787.00,99480,6911,18787.00,18847.50,18782.50,18823.75,41099,3372,18824.25,18878.50,18818.50,18865.50,46327,3414,18854.50,18878.50,18837.50,18865.50,30402,1768,18865.50,18872.50,18820.75,18835.00,20328,1741,18757.75,18878.50,18589.75,18865.50,406926,22626
2024-09-11,NQU4,49322,18837.75,19293.50,18547.00,19248.00,710142,18837.75,18847.75,18826.25,18844.50,2436,746,18837.75,18927.50,18705.00,18895.25,129984,23979,18790.00,18840.50,18764.75,18828.75,30524,7823,18854.00,18927.50,18730.50,18895.25,50158,3399,18894.50,18906.50,18643.50,18667.25,127405,3600,18894.50,18906.50,18547.00,18778.75,271417,8983,18778.75,19070.25,18777.25,19032.50,135511,7115,19032.25,19180.00,19031.50,19121.75,67090,3551,19121.50,19293.50,19097.75,19288.50,78203,3572,19197.75,19293.50,19164.25,19288.50,47489,1794,19288.25,19292.00,19229.00,19246.25,27813,2104,18894.50,19293.50,18547.00,19288.50,552221,23221
2024-09-12,NQU4,48476,19241.50,19483.50,19185.00,19413.50,563372,19241.50,19249.75,19226.25,19245.75,2218,758,19241.50,19342.75,19226.25,19252.00,114166,23617,19303.50,19339.50,19259.75,19298.75,36106,8454,19310.25,19329.50,19248.50,19252.00,35439,3345,19252.75,19350.00,19185.00,19339.50,123992,3596,19252.75,19388.75,19185.00,19255.00,237306,8937,19255.75,19469.25,19255.75,19462.75,88398,6854,19462.75,19483.50,19356.75,19453.75,52442,3460,19453.25,19464.25,19410.75,19445.50,49221,3482,19444.00,19464.25,19410.75,19445.50,29068,1742,19445.75,19458.50,19401.00,19412.25,21803,2113,19252.75,19483.50,19185.00,19445.50,427367,22733
2024-09-13,NQU4,41967,19419.50,19577.25,19398.25,19503.50,416582,19419.50,19446.00,19413.25,19443.25,1880,735,19419.50,19488.50,19409.25,19417.50,64993,17910,19441.50,19478.50,19425.00,19454.75,24161,6888,19451.00,19458.50,19409.25,19417.50,15120,2653,19416.50,19529.25,19398.25,19468.00,95219,3585,19416.50,19544.00,19398.25,19535.50,176543,8825,19534.75,19577.25,19478.00,19562.00,75727,6720,19561.50,19573.25,19496.50,19513.50,43544,3400,19514.50,19552.00,19492.00,19533.50,40759,3385,19527.50,19552.00,19508.75,19533.50,23570,1713,19533.50,19536.50,19501.25,19505.50,14939,1709,19416.50,19577.25,19398.25,19533.50,336573,22330
2024-09-16,NQU4,37418,19498.00,19781.50,19442.00,19650.25,271453,19498.00,19526.50,19479.00,19502.50,3551,1050,19498.00,19781.50,19442.00,19672.00,49261,14942,19729.00,19781.50,19442.00,19453.00,19255,6033,19678.50,19684.00,19656.50,19672.00,9191,2148,19671.50,19697.50,19561.25,19611.75,66323,3556,19671.50,19697.50,19529.00,19599.25,121530,8623,19598.75,19669.00,19544.00,19660.25,46065,6236,19660.50,19671.50,19626.50,19665.50,19773,2990,19665.50,19684.50,19636.75,19668.50,23827,3139,19650.00,19684.50,19643.00,19668.50,14407,1623,19668.75,19673.25,19649.25,19652.25,10938,1476,19671.50,19697.50,19529.00,19668.50,211195,20988
2024-09-17,NQZ4,41974,19655.00,19850.25,19574.50,19686.25,411071,19655.00,19695.50,19652.00,19682.75,3539,954,19655.00,19819.50,19633.00,19794.50,68437,18209,19691.00,19802.25,19691.00,19795.00,27899,7698,19780.50,19819.50,19769.00,19794.50,17428,2831,19795.00,19828.75,19709.00,19801.50,84411,3583,19795.00,19850.25,19709.00,19773.25,161264,8822,19773.25,19785.00,19574.50,19661.75,99848,6861,19663.25,19682.00,19609.00,19640.25,31098,3183,19640.50,19683.75,19621.50,19669.25,36570,3311,19644.00,19683.75,19632.75,19669.25,23651,1705,19669.25,19701.75,19667.00,19684.00,13758,1569,19795.00,19850.25,19574.50,19669.25,328780,22177
2024-09-18,NQZ4,41515,19686.75,19900.00,19558.00,19632.75,507619,19686.75,19698.00,19679.25,19689.00,1980,592,19686.75,19736.00,19657.25,19729.00,62312,16989,19715.00,19729.25,19657.25,19702.50,26844,7268,19701.50,19736.00,19700.50,19729.00,11350,2200,19729.25,19736.50,19647.00,19692.00,65464,3544,19729.25,19736.50,19586.25,19596.25,123884,8646,19596.25,19731.50,19583.50,19702.75,62457,6519,19703.00,19900.00,19630.00,19756.75,127214,3588,19757.50,19774.25,19558.00,19580.25,111103,3580,19722.25,19771.00,19558.00,19580.25,49391,1790,19580.50,19663.25,19567.00,19633.75,20595,2175,19729.25,19900.00,19558.00,19580.25,424658,22333
2024-09-19,NQZ4,53703,19648.75,20203.00,19636.75,20062.75,564439,19648.75,19687.50,19636.75,19662.25,4488,1148,19648.75,20057.25,19636.75,20054.50,145687,28858,19917.25,20018.50,19874.50,20006.75,48653,10366,19999.50,20057.25,19979.00,20054.50,24602,3069,20054.00,20136.00,19964.00,20131.25,108577,3595,20054.00,20158.50,19964.00,20097.50,208424,8936,20097.25,20203.00,20092.50,20193.50,72577,6814,20193.25,20201.75,20106.25,20146.50,45130,3471,20146.50,20152.50,20064.00,20093.50,69069,3547,20107.00,20136.75,20064.00,20093.50,43099,1791,20093.50,20103.50,20051.50,20061.50,23460,2056,20054.00,20203.00,19964.00,20093.50,395200,22768
2024-09-20,NQZ4,45997,20066.00,20084.00,19860.00,20015.50,468333,20066.00,20074.25,20032.00,20050.75,3933,1029,20066.00,20075.00,19981.00,20035.25,91293,21432,20029.00,20069.75,19981.00,20019.50,33095,8322,20051.00,20075.00,20012.75,20035.25,23659,3000,20035.50,20082.50,19972.25,20004.50,89261,3596,20035.50,20082.50,19860.00,19976.25,196853,8941,19976.25,20036.25,19967.75,19996.00,66095,6734,19995.50,20004.00,19934.25,19998.25,36943,3324,19998.00,20084.00,19981.50,20026.25,56552,3488,20039.75,20084.00,20021.50,20026.25,34306,1750,20026.50,20037.25,19995.50,20015.00,20539,2061,20035.50,20084.00,19860.00,20026.25,356443,22487
2024-09-23,NQZ4,45181,20040.00,20164.00,19955.25,20063.25,391341,20040.00,20049.00,19996.25,20037.25,4310,1102,20040.00,20164.00,19955.25,20077.25,92332,21924,20084.75,20090.50,19955.25,20078.50,39930,8821,20084.50,20099.25,20054.50,20077.25,12995,2423,20077.25,20120.25,20031.25,20092.50,81085,3573,20077.25,20126.75,20031.25,20107.50,160132,8816,20107.25,20108.00,20018.75,20074.25,69613,6569,20073.75,20085.75,20056.75,20081.00,23293,3077,20081.75,20087.00,20054.00,20077.50,32372,3305,20076.75,20087.00,20054.00,20077.50,20718,1705,20078.00,20089.25,20055.00,20060.50,13531,1470,20077.25,20126.75,20018.75,20077.50,285410,21767
2024-09-24,NQZ4,45727,20063.25,20214.75,19953.00,20185.25,449958,20063.25,20066.50,20045.25,20051.25,1783,692,20063.25,20179.25,20022.50,20137.00,88480,21679,20128.50,20179.25,20050.75,20104.00,42508,9148,20107.00,20144.25,20085.75,20137.00,12476,2477,20136.00,20154.00,19964.00,19987.50,92515,3584,20136.00,20214.75,19953.00,20189.00,205885,8949,20189.00,20214.25,20151.00,20167.00,68765,6694,20168.00,20175.75,20108.75,20147.00,34965,3329,20147.25,20174.00,20138.75,20160.25,34117,3292,20151.25,20174.00,20138.75,20160.25,21532,1709,20160.25,20189.50,20159.50,20186.25,17723,1771,20136.00,20214.75,19953.00,20160.25,343732,22264
2024-09-25,NQZ4,43635,20183.75,20271.00,20064.25,20242.00,396198,20183.75,20189.00,20173.75,20184.00,1914,711,20183.75,20192.25,20064.25,20142.25,69819,19623,20074.25,20141.50,20064.25,20139.50,28062,7469,20141.25,20158.00,20136.75,20142.25,9069,2117,20141.75,20271.00,20138.00,20238.75,90889,3591,20141.75,20271.00,20138.00,20206.00,167945,8869,20206.25,20216.00,20135.50,20197.25,76835,6762,20196.75,20206.50,20145.00,20190.25,30071,3274,20190.75,20199.25,20173.75,20186.50,30264,3241,20182.50,20198.25,20174.00,20186.50,20806,1709,20186.25,20245.00,20183.25,20242.75,21166,1846,20141.75,20271.00,20135.50,20186.50,305115,22146
2024-09-26,NQZ4,48244,20242.00,20538.00,20188.00,20345.75,502675,20242.00,20255.25,20232.00,20247.25,2680,856,20242.00,20538.00,20232.00,20508.00,109648,24180,20458.50,20504.75,20450.50,20486.25,36730,8660,20493.50,20538.00,20479.25,20508.00,23097,3086,20508.50,20517.50,20338.25,20347.50,100359,3586,20508.50,20517.50,20188.00,20315.50,224663,8951,20316.00,20322.75,20189.00,20274.00,79802,6794,20274.50,20350.25,20271.25,20339.00,37785,3373,20339.75,20362.50,20321.50,20347.25,37692,3362,20339.75,20358.75,20324.50,20347.25,21307,1707,20347.50,20360.75,20336.00,20344.50,13026,1566,20508.50,20517.50,20188.00,20347.25,379942,22480
2024-09-27,NQZ4,47538,20345.00,20395.75,20173.00,20193.00,429188,20345.00,20381.75,20343.50,20365.25,4108,1192,20345.00,20395.75,20235.00,20380.00,99165,23323,20273.75,20346.25,20235.00,20341.75,32756,8373,20362.25,20395.75,20351.00,20380.00,22326,2912,20380.50,20383.00,20285.25,20318.00,81232,3584,20380.50,20383.00,20231.50,20241.25,158540,8865,20240.75,20284.75,20210.00,20277.75,68872,6736,20277.50,20293.00,20173.00,20249.50,48022,3389,20249.75,20255.00,20211.25,20222.75,39004,3389,20238.75,20247.00,20211.25,20222.75,22036,1705,20222.50,20227.00,20188.75,20197.25,15454,1817,20380.50,20383.00,20173.00,20222.75,314438,22379
2024-09-30,NQZ4,47680,20198.50,20287.00,20056.00,20233.25,502074,20198.50,20244.50,20158.00,20243.25,4621,1244,20198.50,20287.00,20119.50,20180.00,88551,23126,20189.25,20247.25,20119.50,20126.75,32407,8405,20161.75,20189.25,20147.25,20180.00,12291,2337,20180.25,20262.50,20127.50,20173.25,87534,3590,20180.25,20262.50,20127.50,20205.25,160626,8883,20205.50,20254.50,20169.00,20211.50,70129,6707,20211.25,20212.25,20056.00,20151.25,81732,3543,20150.75,20286.75,20118.75,20274.50,75199,3513,20148.50,20286.75,20142.50,20274.50,50420,1781,20274.75,20275.75,20240.75,20241.50,25642,1884,20180.25,20286.75,20056.00,20274.50,387686,22646
2024-10-01,NQZ4,46262,20234.25,20331.75,19818.00,19962.25,649870,20234.25,20245.75,20213.25,20234.25,2989,1003,20234.25,20331.75,20213.25,20251.25,78008,21094,20266.75,20324.75,20215.00,20272.00,31122,8097,20274.50,20280.00,20240.50,20251.25,11244,2278,20251.50,20266.00,19882.00,19905.00,156256,3599,20251.50,20266.00,19818.00,19931.00,293614,8991,19932.00,19998.25,19844.50,19991.25,143356,7104,19991.25,20081.25,19990.50,20052.50,60029,3530,20053.25,20064.25,19953.25,19972.75,53688,3515,20033.00,20042.00,19953.25,19972.75,33706,1785,19973.00,20016.75,19954.00,19962.75,21094,2010,20251.50,20266.00,19818.00,19972.75,550687,23140
2024-10-02,NQZ4,47157,19975.25,20090.25,19833.50,20056.25,470924,19975.25,19986.00,19905.75,19915.75,5528,1279,19975.25,20010.75,19878.75,19940.50,101980,22788,19930.00,19975.75,19878.75,19931.00,33880,8069,19930.50,20010.75,19921.75,19940.50,21459,2890,19940.50,20014.75,19833.50,19998.75,107876,3593,19940.50,20090.25,19833.50,20058.50,202374,8923,20059.25,20084.75,19968.50,20046.25,80154,6873,20046.25,20058.25,19985.75,20024.00,33040,3322,20024.50,20058.00,20005.25,20011.25,38158,3399,20044.00,20058.00,20005.25,20011.25,24687,1743,20011.00,20072.50,20004.00,20058.00,15154,1834,19940.50,20090.25,19833.50,20011.25,353726,22517
2024-10-03,NQZ4,47048,20055.50,20113.75,19852.00,19958.25,521135,20055.50,20068.00,20042.50,20046.00,2025,693,20055.50,20068.00,19852.00,19914.25,100238,22869,19965.50,19977.50,19852.00,19974.75,36857,8629,19972.50,19995.00,19897.75,19914.25,23501,3079,19913.50,20113.75,19894.75,19972.25,125741,3591,19913.50,20113.75,19894.75,20039.25,237043,8925,20039.25,20051.75,19879.00,19961.50,99073,6893,19962.00,19975.75,19924.75,19943.50,27388,3293,19943.25,20006.75,19913.75,19997.25,41922,3374,19925.25,20006.75,19919.25,19997.25,26540,1726,19997.50,20017.50,19955.25,19960.00,15380,1675,19913.50,20113.75,19879.00,19997.25,405426,22485
2024-10-04,NQZ4,45789,19965.50,20263.75,19941.50,20202.25,551865,19965.50,19995.75,19941.50,19980.00,3331,939,19965.50,20263.75,19941.50,20233.75,120676,21450,19995.75,20085.50,19971.75,20063.00,28453,7495,20073.00,20263.75,20058.00,20233.75,57188,3441,20234.00,20239.00,20013.25,20039.50,131836,3597,20234.00,20239.00,20013.25,20132.25,245240,8953,20132.00,20182.25,20081.50,20122.00,89408,6862,20120.75,20170.00,20093.50,20167.50,33736,3324,20167.75,20245.50,20154.75,20234.50,45951,3418,20199.75,20245.50,20190.50,20234.50,30127,1765,20234.25,20234.75,20197.25,20199.75,16767,1765,20234.00,20245.50,20013.25,20234.50,414335,22557
2024-10-07,NQZ4,47881,20220.00,20267.25,19948.00,20017.00,443310,20220.00,20267.25,20208.00,20246.50,6215,1353,20220.00,20267.25,20058.00,20133.00,98947,24130,20211.50,20213.25,20058.00,20109.25,42534,9424,20131.25,20147.25,20112.50,20133.00,14302,2420,20133.25,20181.00,20088.50,20176.50,81683,3579,20133.25,20187.25,20088.50,20152.50,147107,8728,20152.25,20168.00,20107.75,20146.50,56901,6396,20147.25,20152.75,19972.25,19973.25,64155,3407,19973.50,20028.25,19948.00,19978.50,60456,3533,19994.00,20028.25,19948.00,19978.50,36473,1778,19978.75,20034.00,19978.75,20017.50,15686,1674,20133.25,20187.25,19948.00,19978.50,328619,22064
2024-10-08,NQZ4,48052,20025.75,20329.50,19902.50,20286.25,436745,20025.75,20031.00,19902.50,19966.50,9958,1468,20025.75,20106.75,19902.50,20106.00,103306,24408,19979.25,20101.00,19942.50,20091.00,41464,9553,20071.25,20106.75,20056.25,20106.00,12801,2386,20105.75,20202.50,20069.75,20181.75,89808,3595,20105.75,20273.75,20069.75,20254.50,168664,8816,20254.75,20258.75,20164.75,20229.25,67215,6478,20229.50,20282.75,20223.00,20275.50,29614,3249,20275.25,20329.50,20255.25,20306.50,48460,3377,20291.25,20329.50,20282.00,20306.50,32443,1763,20306.50,20308.00,20276.25,20287.50,19413,1708,20105.75,20329.50,20069.75,20306.50,313953,21920
2024-10-09,NQZ4,44382,20294.25,20482.75,20196.00,20449.25,414880,20294.25,20294.25,20271.00,20288.00,2539,807,20294.25,20300.75,20196.00,20283.50,74285,20485,20231.75,20293.00,20196.00,20257.25,28001,7864,20273.25,20300.75,20249.25,20283.50,14628,2554,20283.50,20354.75,20238.50,20348.75,85220,3590,20283.50,20448.25,20238.50,20443.00,163469,8849,20442.75,20448.25,20355.00,20400.00,75522,6561,20401.00,20461.75,20389.00,20432.25,35969,3279,20432.25,20482.75,20405.25,20463.50,46161,3341,20433.00,20482.75,20431.25,20463.50,30376,1745,20464.00,20470.75,20417.25,20446.75,19393,1848,20283.50,20482.75,20238.50,20463.50,321121,22030
2024-10-10,NQZ4,42584,20445.25,20508.25,20301.50,20433.00,443278,20445.25,20452.75,20435.75,20449.75,2302,709,20445.25,20478.50,20322.25,20361.50,91358,18573,20451.25,20452.75,20401.25,20436.75,23283,6700,20438.25,20478.50,20322.25,20361.50,43094,3261,20361.75,20415.75,20301.50,20399.25,92139,3585,20361.75,20477.50,20301.50,20475.25,164129,8800,20474.75,20508.25,20378.50,20444.25,101521,6855,20444.00,20448.50,20372.50,20419.00,33482,3372,20420.25,20443.50,20388.75,20434.50,41047,3449,20414.50,20443.50,20397.00,20434.50,24218,1741,20434.75,20441.25,20417.25,20436.00,11673,1520,20361.75,20508.25,20301.50,20434.50,340179,22476
2024-10-11,NQZ4,41903,20435.00,20494.25,20314.75,20413.25,379093,20435.00,20440.00,20426.00,20435.00,1669,625,20435.00,20468.25,20340.50,20346.75,72361,18250,20413.75,20418.50,20354.00,20367.00,26021,7391,20387.50,20416.25,20340.50,20346.75,21716,2872,20346.50,20481.25,20314.75,20469.50,99106,3591,20346.50,20481.25,20314.75,20471.75,171798,8851,20471.25,20471.75,20404.50,20437.00,55209,6434,20437.25,20476.00,20425.00,20467.00,25632,3112,20466.25,20494.25,20446.75,20450.25,37398,3326,20482.25,20488.00,20446.75,20450.25,22095,1705,20450.25,20453.50,20406.50,20414.00,16604,1911,20346.50,20494.25,20314.75,20450.25,290037,21723
2024-10-14,NQZ4,42138,20432.50,20680.00,20383.25,20638.50,385134,20432.50,20443.75,20407.50,20438.25,3710,1123,20432.50,20566.50,20383.25,20551.00,68332,18695,20438.75,20526.50,20424.25,20507.50,26398,7028,20514.25,20566.50,20510.75,20551.00,13902,2332,20551.00,20680.00,20541.00,20643.25,91155,3580,20551.00,20680.00,20525.00,20581.25,178267,8859,20581.25,20624.00,20578.00,20609.50,49964,6321,20609.50,20642.00,20596.50,20627.00,26088,3121,20627.25,20666.75,20616.00,20618.75,45148,3327,20635.75,20666.75,20616.00,20618.75,32323,1736,20618.75,20640.75,20602.75,20634.00,17259,1800,20551.00,20680.00,20525.00,20618.75,299467,21628
2024-10-15,NQZ4,42761,20638.75,20659.25,20254.00,20333.25,509264,20638.75,20640.75,20614.25,20626.00,3219,857,20638.75,20651.00,20563.50,20631.75,66633,18496,20597.00,20622.00,20563.50,20611.25,27555,7844,20617.50,20651.00,20604.00,20631.75,13619,2485,20632.00,20659.25,20524.00,20527.50,92060,3590,20632.00,20659.25,20331.25,20355.00,247436,8957,20356.00,20416.50,20334.25,20360.00,75751,6788,20361.00,20389.00,20335.75,20344.50,30660,3278,20343.50,20345.25,20254.00,20338.75,69362,3556,20298.75,20345.25,20254.00,20338.75,36459,1784,20338.50,20355.50,20320.75,20331.75,19370,1669,20632.00,20659.25,20254.00,20338.75,423209,22579
2024-10-16,NQZ4,43489,20334.50,20398.50,20206.25,20328.00,411075,20334.50,20352.00,20306.00,20350.00,2619,900,20334.50,20398.50,20306.00,20350.00,73610,19724,20380.00,20393.25,20330.00,20374.00,29722,7537,20360.00,20378.25,20341.25,20350.00,12383,2439,20349.50,20357.25,20206.25,20331.25,111779,3595,20349.50,20357.25,20206.25,20271.75,192931,8813,20271.00,20348.75,20270.00,20337.00,60057,6591,20335.75,20379.25,20318.00,20365.25,32051,3258,20365.75,20370.25,20331.25,20352.50,36663,3332,20347.50,20356.50,20331.25,20352.50,22234,1688,20352.00,20353.75,20318.75,20327.75,15666,1754,20349.50,20379.25,20206.25,20352.50,321702,21994
2024-10-17,NQZ4,47037,20328.00,20594.75,20276.75,20383.50,525927,20328.00,20335.50,20318.75,20330.25,2238,824,20328.00,20594.75,20276.75,20578.50,109492,22674,20426.25,20536.25,20405.25,20517.75,35945,8581,20520.25,20594.75,20511.25,20578.50,28496,3181,20578.50,20580.25,20366.50,20441.50,138264,3599,20578.50,20580.25,20366.50,20503.50,219851,8880,20503.75,20528.75,20447.00,20481.00,67001,6508,20481.50,20484.00,20365.75,20429.75,59377,3534,20429.50,20436.00,20353.75,20373.00,51705,3517,20383.50,20389.50,20353.75,20373.00,30606,1783,20373.25,20412.00,20355.25,20385.00,18404,1907,20578.50,20580.25,20353.75,20373.00,397934,22439
2024-10-18,NQZ4,42749,20384.00,20529.75,20320.75,20484.25,378788,20384.00,20413.50,20377.00,20407.75,2892,839,20384.00,20508.50,20320.75,20482.75,78564,19277,20428.50,20479.75,20418.50,20468.75,25420,7255,20471.75,20508.50,20459.50,20482.75,20703,2533,20482.25,20523.25,20433.00,20492.50,84910,3577,20482.25,20529.75,20433.00,20470.00,160389,8883,20470.25,20523.75,20442.00,20486.75,66930,6714,20486.25,20508.75,20451.75,20491.25,24906,3093,20491.25,20496.00,20457.25,20483.25,32667,3215,20487.25,20491.75,20457.25,20483.25,20897,1691,20483.75,20504.25,20474.00,20484.50,15281,1551,20482.25,20529.75,20433.00,20483.25,284892,21905
2024-10-21,NQZ4,43513,20496.25,20554.50,20343.75,20538.75,444002,20496.25,20523.75,20496.00,20515.25,3438,943,20496.25,20526.00,20343.75,20427.25,75080,19725,20434.25,20460.75,20343.75,20361.00,31975,7640,20389.50,20428.00,20383.75,20427.25,11529,2339,20427.25,20554.50,20422.75,20509.50,87391,3588,20427.25,20554.50,20345.00,20447.75,218858,8940,20448.25,20497.25,20426.00,20493.25,64094,6464,20493.25,20496.50,20451.25,20453.00,25127,3138,20453.50,20520.50,20446.00,20513.25,41487,3340,20476.25,20520.50,20457.50,20513.25,25180,1692,20513.25,20547.25,20511.50,20539.25,19237,1882,20427.25,20554.50,20345.00,20513.25,349566,21882
2024-10-22,NQZ4,46785,20536.50,20602.25,20360.25,20519.00,465086,20536.50,20544.00,20514.50,20517.75,3016,863,20536.50,20544.00,20360.25,20396.25,100583,22764,20447.75,20488.00,20375.75,20409.00,39881,9248,20419.25,20431.75,20360.25,20396.25,25302,3068,20396.25,20520.00,20369.50,20489.75,103266,3583,20396.25,20520.00,20369.50,20478.75,173402,8746,20479.00,20576.50,20425.25,20572.50,91153,6779,20572.75,20602.25,20523.25,20524.25,40117,3309,20524.25,20572.50,20513.00,20545.25,40733,3255,20546.00,20572.50,20537.00,20545.25,26805,1704,20545.25,20547.50,20507.75,20521.00,19060,1916,20396.25,20602.25,20369.50,20545.25,345405,22089
2024-10-23,NQZ4,44615,20521.00,20542.50,20079.00,20274.50,606251,20521.00,20521.00,20490.50,20504.25,2577,754,20521.00,20542.50,20423.75,20434.00,77933,18890,20502.75,20542.50,20448.50,20468.25,31272,7683,20481.25,20486.75,20423.75,20434.00,20335,2878,20434.00,20462.75,20346.00,20415.25,117466,3595,20434.00,20462.75,20303.00,20358.00,234870,8965,20357.75,20360.25,20121.25,20128.00,131837,7083,20127.50,20189.25,20079.00,20178.00,64993,3565,20178.00,20231.25,20143.00,20220.75,65575,3541,20191.25,20231.25,20168.75,20220.75,40415,1782,20220.75,20299.50,20206.00,20273.25,30975,2550,20434.00,20462.75,20079.00,20220.75,497275,23154
2024-10-24,NQZ4,45402,20294.25,20428.50,20261.75,20391.00,456022,20294.25,20298.50,20275.75,20288.00,3042,1002,20294.25,20428.50,20268.00,20372.25,85746,21225,20318.00,20419.75,20314.50,20417.50,30887,8092,20404.00,20428.50,20361.00,20372.25,21765,2991,20371.75,20378.50,20296.25,20318.75,99295,3589,20371.75,20378.50,20264.00,20329.50,191275,8858,20329.25,20389.00,20261.75,20344.00,86475,6823,20343.75,20383.50,20327.25,20368.75,30338,3230,20368.75,20408.50,20344.00,20389.25,45427,3451,20388.75,20408.50,20373.50,20389.25,26808,1762,20389.50,20413.50,20371.50,20384.25,16665,1799,20371.75,20408.50,20261.75,20389.25,353515,22362
2024-10-25,NQZ4,43586,20388.50,20707.25,20364.00,20476.00,570035,20388.50,20400.00,20375.00,20380.50,1402,494,20388.50,20512.00,20364.00,20493.75,77488,18886,20386.25,20457.00,20383.00,20446.25,27511,7202,20456.25,20512.00,20450.75,20493.75,23369,2898,20493.75,20707.25,20490.25,20696.00,135869,3600,20493.75,20707.25,20490.25,20621.75,239823,8934,20621.50,20664.75,20483.50,20512.00,119936,6899,20512.00,20562.00,20460.00,20544.25,62078,3497,20544.75,20548.25,20482.00,20500.50,50697,3438,20516.00,20529.00,20482.00,20500.50,29104,1734,20500.50,20505.75,20472.00,20478.00,19954,1914,20493.75,20707.25,20460.00,20500.50,472534,22768
2024-10-28,NQZ4,47699,20525.50,20676.50,20486.00,20507.25,426986,20525.50,20622.25,20525.25,20608.75,7139,1461,20525.50,20676.50,20525.25,20624.25,100638,23835,20619.00,20676.50,20606.25,20623.25,34598,8686,20602.25,20665.75,20602.25,20624.25,18502,2750,20624.25,20629.50,20528.50,20597.25,88037,3583,20624.25,20629.50,20520.50,20536.75,169416,8823,20537.25,20571.50,20506.75,20555.00,66330,6552,20555.00,20560.00,20504.50,20531.25,33207,3287,20531.50,20539.25,20486.00,20494.00,40689,3328,20529.00,20539.00,20486.00,20494.00,25295,1705,20494.25,20523.25,20490.50,20508.75,16640,1856,20624.25,20629.50,20486.00,20494.00,309642,21990
2024-10-29,NQZ4,47577,20513.00,20760.25,20432.25,20708.25,488384,20513.00,20525.50,20489.25,20497.00,2510,778,20513.00,20554.75,20451.00,20511.00,87096,22487,20542.75,20554.75,20481.75,20492.25,37554,9110,20494.50,20513.00,20483.50,20511.00,11459,2261,20511.50,20603.00,20432.25,20541.25,101149,3596,20511.50,20624.00,20432.25,20622.25,183915,8873,20622.00,20688.00,20585.25,20671.25,94838,6880,20671.25,20714.50,20660.00,20693.75,33367,3295,20693.25,20746.50,20681.75,20696.50,58913,3490,20743.50,20746.25,20681.75,20696.50,35436,1766,20697.00,20760.25,20688.75,20707.00,30187,2530,20511.50,20746.50,20432.25,20696.50,371033,22538
2024-10-30,NQZ4,48322,20734.00,20788.50,20472.50,20507.00,511825,20734.00,20763.00,20719.00,20753.25,4963,1186,20734.00,20788.50,20639.75,20658.50,104348,23222,20744.25,20765.00,20709.00,20715.25,31559,8181,20704.00,20720.50,20639.75,20658.50,30478,3164,20657.75,20699.50,20542.75,20695.75,115563,3592,20657.75,20699.50,20542.75,20673.00,200363,8887,20673.50,20682.75,20558.00,20578.00,78947,6812,20578.25,20622.25,20575.25,20606.75,31870,3319,20607.00,20607.00,20514.75,20525.50,56453,3497,20574.50,20584.75,20514.75,20525.50,32055,1758,20525.00,20588.75,20472.50,20504.50,39741,2560,20657.75,20699.50,20514.75,20525.50,367633,22515
2024-10-31,NQZ4,51770,20482.00,20495.75,20008.50,20043.00,675933,20482.00,20495.75,20426.75,20434.75,10273,1746,20482.00,20495.75,20287.00,20369.75,124950,26184,20358.75,20393.25,20287.00,20391.75,48525,10666,20411.25,20417.00,20363.75,20369.75,25420,3320,20369.50,20370.25,20119.00,20139.75,151485,3599,20369.50,20370.25,20023.25,20058.25,284143,8975,20057.50,20115.00,20025.50,20034.00,92552,6909,20034.00,20055.75,20009.25,20049.25,50064,3419,20049.50,20132.00,20027.75,20039.00,78789,3564,20079.00,20132.00,20027.75,20039.00,52652,1797,20038.50,20100.50,20008.50,20043.75,45342,2697,20369.50,20370.25,20009.25,20039.00,505548,22867
2024-11-01,NQZ4,48368,20071.00,20288.00,20017.00,20170.25,538204,20071.00,20112.50,20064.00,20083.75,5353,1443,20071.00,20146.50,20017.00,20072.50,97779,23798,20076.50,20131.75,20055.25,20110.25,28241,8037,20105.25,20146.50,20069.25,20072.50,28141,3204,20071.25,20264.50,20057.50,20261.50,110642,3594,20071.25,20288.00,20057.50,20226.25,228233,8955,20226.75,20253.75,20155.25,20159.25,99200,6901,20159.00,20179.75,20127.75,20169.25,38275,3348,20169.00,20202.25,20122.75,20153.00,56404,3459,20163.25,20187.75,20122.75,20153.00,37216,1775,20152.75,20184.50,20145.50,20169.00,18217,1881,20071.25,20288.00,20057.50,20153.00,422112,22663
2024-11-04,NQZ4,49008,20138.00,20248.50,20013.00,20114.50,513229,20138.00,20158.00,20070.50,20136.75,15935,1947,20138.00,20248.50,20070.50,20122.25,118562,24895,20179.75,20211.75,20100.75,20164.75,41390,9334,20156.50,20178.25,20087.00,20122.25,20659,2832,20122.00,20204.25,20013.00,20177.50,108825,3591,20122.00,20226.75,20013.00,20078.25,201854,8907,20078.50,20175.75,20028.75,20147.50,99608,6842,20147.25,20169.00,20122.50,20141.50,26902,3157,20140.75,20141.75,20070.00,20084.00,50429,3438,20119.75,20121.25,20070.00,20084.00,34409,1781,20084.00,20115.25,20073.25,20107.75,15754,1747,20122.00,20226.75,20013.00,20084.00,378793,22344
2024-11-05,NQZ4,44721,20130.75,20385.50,20041.75,20362.75,442628,20130.75,20132.00,20084.75,20089.75,3528,1070,20130.75,20171.25,20041.75,20150.00,73313,20145,20125.00,20171.25,20101.75,20147.25,25698,7607,20155.25,20164.25,20107.50,20150.00,16402,2676,20150.00,20321.25,20147.00,20263.00,102641,3589,20150.00,20347.75,20147.00,20339.25,191904,8868,20339.25,20372.75,20286.50,20308.50,73530,6748,20309.00,20335.00,20280.50,20300.00,32988,3312,20300.00,20349.75,20281.50,20333.75,45551,3401,20327.00,20349.75,20304.75,20333.75,29420,1759,20334.00,20385.50,20334.00,20360.25,25236,2224,20150.00,20372.75,20147.00,20333.75,343973,22329
2024-11-06,NQZ4,58902,20360.50,20935.25,20323.50,20922.50,618789,20360.50,20364.75,20335.75,20348.00,4073,1063,20360.50,20731.25,20323.50,20692.50,200395,34013,20683.25,20731.25,20580.00,20690.50,57397,10621,20702.75,20718.50,20652.25,20692.50,23607,3062,20692.50,20805.25,20644.00,20794.25,124807,3600,20692.50,20822.00,20644.00,20795.75,226131,8942,20796.00,20877.00,20778.25,20858.75,72808,6856,20858.75,20895.50,20848.50,20890.00,34098,3393,20890.00,20931.00,20878.00,20896.25,57361,3474,20900.75,20931.00,20878.00,20896.25,36461,1757,20895.75,20935.25,20885.50,20926.50,27907,2206,20692.50,20931.00,20644.00,20896.25,390398,22665
2024-11-07,NQZ4,48598,20923.50,21253.00,20861.50,21225.25,455640,20923.50,20923.50,20889.00,20891.25,3516,1094,20923.50,21020.50,20861.50,21009.25,92191,23837,20924.50,20977.50,20915.00,20964.50,28287,8066,20978.75,21020.50,20958.25,21009.25,21059,2949,21010.00,21129.25,21004.00,21112.25,91231,3588,21010.00,21199.00,21004.00,21195.50,173259,8878,21195.00,21197.50,21151.25,21177.25,61597,6670,21176.00,21230.25,21159.25,21229.50,46824,3429,21229.25,21253.00,21204.50,21223.00,59650,3524,21231.00,21249.75,21204.50,21223.00,31342,1768,21223.00,21251.75,21209.00,21228.25,22054,2244,21010.00,21253.00,21004.00,21223.00,341330,22501
2024-11-08,NQZ4,46510,21224.25,21265.00,21121.75,21226.75,395096,21224.25,21230.75,21202.50,21226.00,2878,938,21224.25,21263.25,21121.75,21188.75,90686,22974,21242.25,21250.50,21121.75,21180.00,42568,9994,21180.50,21190.25,21156.25,21188.75,16324,2866,21188.75,21232.25,21161.25,21195.75,86081,3581,21188.75,21236.50,21161.25,21224.25,154556,8808,21224.50,21265.00,21196.50,21249.25,65537,6523,21249.50,21264.75,21233.75,21239.00,24847,3184,21239.00,21239.00,21208.00,21230.25,44059,3421,21220.75,21234.25,21208.00,21230.25,23938,1740,21230.50,21243.00,21223.75,21228.75,15342,1581,21188.75,21265.00,21161.25,21230.25,288999,21936
2024-11-11,NQZ4,46359,21249.75,21340.75,21098.25,21210.25,450555,21249.75,21320.00,21249.00,21301.50,6382,1491,21249.75,21340.75,21249.00,21284.25,85377,22246,21299.00,21335.50,21268.00,21328.00,31995,8446,21308.25,21311.00,21281.00,21284.25,14446,2663,21284.25,21292.75,21155.25,21199.00,108391,3588,21284.25,21292.75,21155.25,21205.00,181111,8799,21205.25,21213.00,21098.25,21178.75,95215,6922,21178.50,21183.00,21156.25,21173.50,25823,3235,21173.50,21212.75,21169.50,21209.75,42215,3410,21193.50,21212.75,21184.00,21209.75,27246,1746,21209.75,21233.50,21205.00,21211.75,20753,1732,21284.25,21292.75,21098.25,21209.75,344364,22366
2024-11-12,NQZ4,49579,21221.00,21251.75,21054.75,21178.00,502726,21221.00,21221.00,21201.25,21216.25,2663,848,21221.00,21249.50,21128.50,21211.75,103474,25114,21209.00,21240.75,21128.50,21190.00,45772,10267,21206.00,21233.00,21196.00,21211.75,14158,2609,21211.50,21251.75,21179.50,21218.50,99353,3594,21211.50,21251.75,21143.75,21158.00,191537,8946,21158.25,21198.00,21054.75,21182.00,110101,7018,21182.00,21210.50,21176.00,21188.00,35109,3364,21188.50,21206.50,21167.00,21195.75,46302,3444,21185.00,21206.50,21167.00,21195.75,29357,1770,21195.75,21200.00,21176.75,21181.75,16080,1674,21211.50,21251.75,21054.75,21195.75,383049,22772
2024-11-13,NQZ4,47508,21178.00,21268.50,21056.50,21166.00,524473,21178.00,21183.75,21142.50,21160.25,4854,1252,21178.00,21243.50,21101.25,21160.25,103137,22873,21129.75,21183.50,21114.25,21133.25,28450,8010,21146.50,21243.50,21133.75,21160.25,39559,3387,21159.25,21184.50,21056.50,21102.75,101692,3597,21159.25,21184.50,21056.50,21173.00,197750,8939,21173.25,21268.50,21157.75,21259.00,88976,6840,21259.50,21259.75,21168.25,21185.25,55678,3502,21184.50,21220.00,21123.75,21155.50,61041,3501,21180.25,21220.00,21123.75,21155.50,36742,1752,21156.00,21186.25,21152.50,21164.75,17788,1836,21159.25,21268.50,21056.50,21155.50,403445,22782
2024-11-14,NQZ4,47617,21167.00,21190.25,20950.50,20981.75,545338,21167.00,21175.25,21146.50,21165.50,3499,968,21167.00,21190.25,21090.25,21134.00,94678,22445,21128.25,21190.25,21124.25,21154.00,31284,8370,21174.25,21176.75,21112.75,21134.00,27914,3124,21134.50,21174.75,21040.50,21095.75,105553,3590,21134.50,21174.75,21040.50,21099.00,185616,8876,21099.25,21120.75,21016.75,21033.25,106179,6983,21032.50,21090.25,21024.25,21067.00,45439,3516,21067.25,21070.00,20971.25,21007.25,90192,3578,21031.75,21032.50,20971.25,21007.25,42724,1794,21007.50,21017.75,20950.50,20979.00,23160,2200,21134.50,21174.75,20971.25,21007.25,427426,22953
2024-11-15,NQZ4,51686,20977.50,20981.50,20405.25,20503.25,673974,20977.50,20981.50,20937.00,20950.00,5063,1316,20977.50,20981.50,20752.50,20775.25,127123,26571,20844.75,20867.00,20794.25,20865.50,40143,9364,20829.50,20862.50,20752.50,20775.25,32139,3162,20775.50,20775.75,20582.75,20594.00,136410,3600,20775.50,20775.75,20481.00,20490.25,274046,8984,20490.25,20513.25,20405.25,20426.25,116637,7048,20426.50,20493.75,20419.50,20461.00,52994,3498,20461.00,20513.50,20452.25,20503.50,76344,3567,20481.00,20513.50,20452.25,20503.50,47298,1788,20503.50,20522.00,20484.25,20503.50,26772,2003,20775.50,20775.75,20405.25,20503.50,520021,23097
2024-11-18,NQZ4,52328,20504.00,20724.25,20476.00,20630.50,519131,20504.00,20567.75,20476.00,20566.50,9126,1766,20504.00,20657.00,20476.00,20560.50,138507,28139,20596.25,20648.25,20545.00,20558.00,50784,10699,20502.25,20587.50,20499.25,20560.50,23756,3039,20560.00,20649.50,20501.00,20646.25,100884,3595,20560.00,20724.25,20501.00,20659.00,195614,8905,20659.00,20671.25,20595.75,20661.75,83559,6829,20661.25,20662.50,20589.50,20638.50,41376,3447,20638.25,20653.50,20611.00,20630.75,42965,3426,20652.25,20653.50,20611.00,20630.75,28070,1768,20630.50,20649.75,20622.50,20630.25,17069,1569,20560.00,20724.25,20501.00,20630.75,363514,22607
2024-11-19,NQZ4,51708,20633.25,20792.50,20382.50,20754.50,545561,20633.25,20640.25,20603.50,20622.75,3615,1135,20633.25,20697.00,20382.50,20518.00,174046,27479,20673.75,20688.25,20492.75,20617.50,77884,12357,20567.75,20569.75,20382.50,20518.00,56200,3421,20517.50,20598.50,20508.00,20597.00,88484,3576,20517.50,20700.75,20508.00,20675.00,179841,8894,20675.00,20792.50,20643.25,20785.00,80305,6707,20784.50,20792.00,20709.25,20741.25,48065,3453,20741.75,20779.75,20726.75,20765.50,43277,3330,20752.50,20779.75,20744.00,20765.50,28862,1697,20765.75,20791.25,20756.50,20758.25,19954,1825,20517.50,20792.50,20508.00,20765.50,351488,22384
2024-11-20,NQZ4,50888,20762.25,20843.25,20477.00,20738.75,610163,20762.25,20787.75,20750.25,20781.50,3902,1245,20762.25,20843.25,20732.75,20756.50,110376,25508,20826.00,20843.25,20753.00,20822.25,39745,9689,20816.00,20816.25,20732.75,20756.50,20335,2639,20756.75,20756.75,20477.00,20519.75,139077,3599,20756.75,20756.75,20477.00,20693.75,269490,8954,20694.25,20708.00,20556.50,20589.00,93402,6861,20588.00,20627.25,20558.00,20609.00,34164,3324,20609.00,20764.50,20594.50,20742.00,64785,3440,20654.25,20764.50,20652.75,20742.00,46981,1785,20741.50,20786.25,20596.50,20744.25,37857,2778,20756.75,20764.50,20477.00,20742.00,461841,22579
2024-11-21,NQZ4,55117,20738.00,20905.75,20514.25,20793.75,692741,20738.00,20762.25,20687.50,20753.00,7562,1549,20738.00,20888.75,20595.25,20875.00,170518,30396,20675.00,20808.75,20595.25,20759.00,74715,12316,20822.50,20888.75,20817.50,20875.00,27365,3138,20875.00,20905.75,20527.00,20534.00,191361,3598,20875.00,20905.75,20514.25,20734.00,319142,8957,20734.00,20866.00,20697.50,20856.50,96767,6935,20856.50,20869.25,20792.25,20842.25,40950,3458,20842.50,20878.75,20819.25,20832.25,46539,3431,20869.50,20872.50,20819.25,20832.25,29649,1757,20832.25,20836.75,20790.50,20796.25,18781,1924,20875.00,20905.75,20514.25,20832.25,503398,22781
2024-11-22,NQZ4,51134,20794.00,20880.00,20693.25,20878.75,537600,20794.00,20808.00,20758.50,20776.75,5226,1257,20794.00,20844.50,20693.25,20791.25,120419,26527,20814.25,20831.00,20693.25,20798.75,54228,10777,20799.50,20811.00,20770.50,20791.25,17464,2824,20791.00,20873.00,20722.25,20747.25,121905,3599,20791.00,20873.00,20722.25,20813.50,235853,8958,20813.50,20880.00,20797.50,20847.25,82365,6819,20847.00,20854.25,20795.50,20846.50,31087,3287,20846.25,20868.50,20801.75,20857.50,48221,3435,20818.00,20868.50,20813.00,20857.50,26208,1729,20858.00,20879.75,20840.00,20875.00,19566,2087,20791.00,20880.00,20722.25,20857.50,397526,22499
2024-11-25,NQZ4,45016,20935.00,21081.00,20780.25,20899.50,534691,20935.00,20954.25,20928.50,20938.25,6926,1463,20935.00,21045.50,20928.50,21020.50,95287,20519,20957.25,20980.75,20931.50,20955.25,28262,7711,20955.75,21045.50,20943.25,21020.50,33158,3113,21020.50,21081.00,20869.25,20922.00,145270,3600,21020.50,21081.00,20869.25,20910.75,237037,8900,20911.50,20913.00,20780.25,20852.25,107839,6959,20851.75,20879.50,20825.50,20859.50,31413,3258,20859.50,20886.50,20835.75,20882.75,42134,3351,20855.75,20886.50,20851.25,20882.75,27796,1704,20882.75,20918.00,20862.75,20899.25,20920,2013,21020.50,21081.00,20780.25,20882.75,418423,22468
2024-11-26,NQZ4,51645,20906.25,21024.75,20755.00,20998.75,496779,20906.25,20933.50,20800.50,20829.50,10323,1666,20906.25,20979.50,20755.00,20937.75,125610,27530,20879.25,20955.00,20852.00,20947.75,41803,9492,20924.00,20979.50,20921.50,20937.75,19800,2842,20937.50,21024.75,20919.50,20945.75,103763,3594,20937.50,21024.75,20919.50,20966.00,196656,8913,20966.50,20984.25,20926.75,20969.25,61082,6572,20970.00,20981.50,20903.75,20933.75,46477,3419,20933.50,21008.75,20927.00,20999.25,49420,3365,20952.00,21008.75,20946.50,20999.25,34351,1712,20999.75,21008.25,20988.25,21000.50,17477,1827,20937.50,21024.75,20903.75,20999.25,353635,22269
2024-11-27,NQZ4,47166,20990.75,21019.00,20675.00,20806.50,512783,20990.75,20998.75,20967.75,20988.00,3464,1082,20990.75,21019.00,20904.25,20934.50,89027,22669,20981.00,20981.50,20904.25,20943.25,39243,9498,20957.25,20966.00,20932.25,20934.50,17525,2860,20934.75,20939.50,20765.50,20782.00,107544,3593,20934.75,20939.50,20694.75,20716.50,227961,8955,20717.00,20818.50,20675.00,20810.50,90673,6899,20811.00,20826.25,20790.25,20806.25,35867,3400,20806.75,20829.75,20769.25,20812.50,50927,3453,20798.00,20815.50,20769.25,20812.50,32043,1753,20812.75,20826.50,20797.75,20805.50,18277,1776,20934.75,20939.50,20675.00,20812.50,405428,22707
2024-11-28,NQZ4,16998,20813.00,20909.50,20807.25,20890.00,54749,20813.00,20834.50,20807.25,20824.25,1623,618,20813.00,20878.00,20807.25,20874.25,29849,11117,20863.00,20875.50,20843.75,20873.50,10598,3856,20868.75,20878.00,20858.00,20874.25,3665,1279,20874.00,20902.00,20873.75,20894.50,11239,2244,20874.00,20909.50,20873.75,20884.75,21047,4726,20884.25,20901.50,20882.00,20890.00,3853,1155,,,,,0,0,,,,,0,0,,,,,0,0,,,,,0,0,20874.00,20909.50,20873.75,20890.00,24900,5881
2024-11-29,NQZ4,34035,20884.00,21017.50,20805.50,20991.25,282643,20884.00,20892.25,20873.25,20890.00,1598,697,20884.00,20937.75,20812.25,20824.00,76070,20916,20879.25,20910.00,20842.25,20857.75,22979,7157,20839.50,20874.00,20812.25,20824.00,19361,2801,20823.25,20973.50,20805.50,20945.50,81091,3591,20823.25,21006.50,20805.50,20998.00,150973,8857,20998.25,21017.50,20979.50,20991.25,55600,4262,,,,,0,0,,,,,0,0,,,,,0,0,,,,,0,0,20823.25,21017.50,20805.50,20991.25,206573,13119
2024-12-02,NQZ4,45750,20995.25,21259.75,20940.00,21211.00,468344,20995.25,21004.00,20952.50,20965.50,6407,1654,20995.25,21045.50,20940.00,21042.50,80251,21361,20962.00,21012.00,20940.00,21006.50,26781,7335,21023.00,21045.50,21004.00,21042.50,17115,2784,21042.50,21196.50,21026.50,21179.00,117962,3595,21042.50,21238.75,21026.50,21228.25,212049,8932,21228.50,21259.75,21194.50,21210.75,72717,6740,21210.50,21218.50,21176.25,21217.75,33882,3373,21217.50,21241.00,21202.25,21219.75,48212,3399,21237.25,21241.00,21213.25,21219.75,29880,1733,21220.25,21239.50,21208.75,21210.25,21157,1927,21042.50,21259.75,21026.50,21219.75,366860,22444
2024-12-03,NQZ4,43460,21220.00,21329.00,21134.25,21324.25,439162,21220.00,21224.50,21203.75,21215.00,3084,1011,21220.00,21243.50,21144.50,21156.50,77592,18917,21228.00,21243.50,21187.00,21207.75,28152,7665,21209.50,21226.00,21144.50,21156.50,26040,2854,21156.75,21234.00,21134.25,21177.50,102153,3590,21156.75,21262.75,21134.25,21211.25,201477,8921,21211.50,21246.50,21190.00,21233.25,64038,6700,21233.75,21262.00,21223.75,21255.50,29274,3270,21255.25,21286.75,21239.00,21286.25,41719,3348,21257.75,21286.75,21239.00,21286.25,26513,1731,21286.25,21329.00,21272.50,21326.50,24959,2281,21156.75,21286.75,21134.25,21286.25,336508,22239
2024-12-04,NQZ4,44945,21323.00,21548.50,21305.75,21517.00,454859,21323.00,21336.50,21305.75,21334.75,4668,1246,21323.00,21457.00,21305.75,21421.25,89715,20657,21348.75,21428.25,21345.25,21410.50,33512,7919,21421.25,21457.00,21417.25,21421.25,23790,2922,21421.75,21464.25,21388.25,21460.75,101648,3589,21421.75,21496.75,21388.25,21475.25,184828,8895,21475.25,21494.00,21439.50,21485.50,69608,6681,21486.25,21518.50,21463.25,21513.00,42079,3351,21513.00,21548.50,21507.00,21536.50,45634,3403,21520.00,21548.50,21516.50,21536.50,31411,1745,21536.50,21539.75,21508.75,21518.00,22941,1947,21421.75,21548.50,21388.25,21536.50,342149,22330
2024-12-05,NQZ4,42756,21513.25,21567.25,21437.50,21453.25,412556,21513.25,21523.75,21504.50,21510.25,3585,1114,21513.25,21537.75,21489.00,21533.75,63129,18345,21495.50,21536.75,21489.00,21536.25,22942,6708,21528.25,21535.00,21506.00,21533.75,13250,2486,21534.00,21551.50,21497.75,21520.50,88103,3585,21534.00,21551.50,21487.75,21529.00,155921,8820,21528.25,21567.25,21481.50,21499.75,84508,6778,21499.75,21517.00,21474.00,21493.50,37011,3371,21493.50,21511.00,21459.00,21470.75,51338,3516,21472.25,21494.50,21459.00,21470.75,29755,1767,21470.50,21479.00,21437.50,21454.00,20556,1911,21534.00,21567.25,21459.00,21470.75,328778,22485
2024-12-06,NQZ4,43448,21450.00,21669.25,21424.75,21634.00,448858,21450.00,21458.50,21424.75,21454.00,4727,1228,21450.00,21529.75,21424.75,21493.25,80890,18902,21476.00,21495.25,21444.25,21477.50,22587,6695,21472.00,21529.75,21440.25,21493.25,30495,3178,21493.25,21645.25,21486.00,21634.25,102861,3597,21493.25,21645.25,21486.00,21619.75,190837,8923,21619.75,21669.25,21597.50,21657.00,78743,6788,21657.00,21659.50,21611.75,21637.25,36299,3358,21637.50,21663.50,21626.25,21654.75,41358,3446,21648.00,21663.50,21637.00,21654.75,26984,1756,21654.75,21661.00,21627.25,21633.00,20672,2010,21493.25,21669.25,21486.00,21654.75,347237,22515
2024-12-09,NQZ4,46053,21649.00,21706.25,21436.00,21473.25,507056,21649.00,21670.75,21626.75,21658.25,5768,1493,21649.00,21706.25,21586.00,21612.25,88614,21548,21693.50,21706.25,21586.00,21625.50,43012,9280,21623.75,21633.25,21609.50,21612.25,12032,2318,21612.25,21648.75,21545.00,21547.00,97606,3588,21612.25,21648.75,21436.00,21516.00,234616,8949,21516.50,21549.75,21474.25,21532.75,69835,6720,21532.50,21532.50,21444.25,21477.50,40332,3378,21477.50,21482.25,21441.25,21481.00,51971,3471,21443.75,21482.25,21443.25,21481.00,30912,1738,21481.25,21491.00,21463.50,21476.25,21636,1971,21612.25,21648.75,21436.00,21481.00,396754,22518
2024-12-10,NQZ4,43174,21479.25,21606.75,21352.75,21434.75,528613,21479.25,21482.00,21458.75,21466.25,4221,1269,21479.25,21538.00,21448.00,21532.00,66912,18499,21458.00,21535.25,21448.00,21527.25,24923,7169,21513.75,21535.75,21491.00,21532.00,15499,2697,21532.25,21606.75,21505.50,21569.75,113132,3594,21532.25,21606.75,21449.00,21483.50,234609,8970,21483.75,21502.50,21444.00,21451.50,84647,6827,21451.75,21460.00,21400.00,21413.25,47394,3427,21413.00,21415.00,21352.75,21400.75,71975,3531,21371.00,21407.00,21352.75,21400.75,41355,1774,21401.25,21438.25,21398.75,21433.00,23007,1904,21532.25,21606.75,21352.75,21400.75,438625,22755
2024-12-11,NQZ4,43346,21436.00,21820.00,21405.75,21755.75,530126,21436.00,21442.00,21417.25,21428.00,3447,1042,21436.00,21586.75,21405.75,21585.75,83760,18580,21419.75,21459.50,21417.50,21438.75,19261,6341,21465.00,21586.75,21450.25,21585.75,37424,3310,21585.25,21736.25,21573.00,21690.00,142326,3599,21585.25,21770.00,21573.00,21759.75,252181,8943,21759.75,21811.75,21758.25,21794.00,81640,6838,21793.00,21810.75,21779.75,21800.00,31901,3375,21800.25,21820.00,21787.50,21794.25,47822,3433,21817.25,21817.75,21787.50,21794.25,31362,1740,21793.75,21796.50,21750.25,21756.00,32724,2156,21585.25,21820.00,21573.00,21794.25,413544,22589
2024-12-12,NQZ4,44119,21756.75,21772.50,21604.25,21630.25,490739,21756.75,21767.00,21747.75,21758.75,4297,1250,21756.75,21772.50,21648.75,21694.50,89055,19057,21752.50,21770.75,21693.00,21700.00,26936,7074,21711.25,21734.75,21648.75,21694.50,34105,3266,21694.75,21719.25,21624.75,21701.25,122418,3597,21694.75,21739.75,21624.75,21676.75,203167,8888,21676.75,21745.00,21669.25,21695.75,80892,6847,21695.50,21715.50,21664.00,21683.50,40895,3430,21684.00,21687.50,21649.00,21658.25,45991,3480,21651.25,21684.00,21649.00,21658.25,27281,1745,21658.25,21685.00,21604.25,21631.00,30637,2396,21694.75,21745.00,21624.75,21658.25,370945,22645
2024-12-13,NQZ4,46765,21720.75,21908.00,21666.50,21760.50,562210,21720.75,21752.50,21716.75,21745.75,8233,1746,21720.75,21843.75,21698.00,21792.50,94725,22158,21734.50,21836.25,21731.25,21832.50,30504,7951,21836.75,21841.75,21775.50,21792.50,23954,2881,21792.00,21908.00,21790.00,21805.50,128730,3598,21792.00,21908.00,21666.50,21697.25,279526,8975,21697.50,21776.25,21679.50,21772.75,84748,6846,21772.50,21815.75,21759.25,21804.75,36915,3386,21804.75,21824.00,21774.50,21800.50,45978,3439,21812.00,21824.00,21788.25,21800.50,27055,1761,21800.00,21800.25,21751.75,21760.50,20268,1944,21792.00,21908.00,21666.50,21800.50,447167,22646
2024-12-16,NQZ4,39199,21780.25,22450.00,21762.00,22407.75,298293,21780.25,21800.00,21762.00,21790.00,4845,1382,21780.25,21913.50,21762.00,21895.50,53217,16536,21807.75,21883.50,21795.00,21874.25,17372,5832,21905.50,21913.50,21880.75,21895.50,10679,2240,21896.50,21991.75,21892.75,21988.25,73564,3571,21896.50,22057.00,21892.75,22054.75,133062,8700,22054.00,22125.00,22038.25,22119.75,46207,6026,22119.75,22142.50,22104.75,22126.25,19166,2864,22126.50,22450.00,22124.00,22406.50,32483,3369,22444.00,22446.50,22393.50,22406.50,21134,1721,22407.00,22416.25,22391.00,22408.25,14097,1691,21896.50,22450.00,21892.75,22406.50,230918,20959
2024-12-17,NQH5,43192,22412.25,22425.75,22244.25,22304.75,453103,22412.25,22412.50,22376.50,22397.75,2873,945,22412.25,22425.75,22323.50,22333.50,73138,18739,22350.25,22425.50,22326.00,22350.50,29010,8075,22345.25,22369.75,22327.75,22333.50,19807,2926,22333.50,22366.75,22244.25,22252.00,123154,3595,22333.50,22386.00,22244.25,22336.25,215080,8932,22337.50,22358.50,22297.75,22305.75,70190,6747,22305.75,22310.75,22267.50,22283.50,31693,3335,22283.00,22330.75,22253.75,22320.50,43523,3422,22266.75,22330.75,22263.50,22320.50,28638,1756,22320.75,22322.00,22285.50,22304.25,19403,1996,22333.50,22386.00,22244.25,22320.50,360486,22436
2024-12-18,NQH5,44464,22309.25,22387.75,21311.00,21459.50,642537,22309.25,22309.25,22206.00,22274.75,7553,1567,22309.25,22387.75,22206.00,22280.75,76562,19152,22331.25,22387.75,22314.00,22377.75,22823,6995,22364.00,22365.75,22269.00,22280.75,24354,3087,22280.25,22316.00,22211.25,22303.75,82727,3577,22280.25,22351.75,22211.25,22303.75,158173,8872,22304.00,22322.75,22273.25,22292.25,45526,6411,22291.75,22295.00,21906.25,21913.50,124368,3585,21913.00,21935.75,21430.00,21534.50,175178,3600,21720.25,21768.50,21430.00,21534.50,101760,1800,21534.25,21535.75,21311.00,21449.00,62681,2826,22280.25,22351.75,21430.00,21534.50,503245,22468
2024-12-19,NQH5,57226,21499.75,21697.75,21345.75,21408.25,689044,21499.75,21546.50,21453.75,21468.50,12104,2251,21499.75,21682.00,21427.75,21681.25,159422,31571,21561.75,21675.75,21529.75,21674.50,58377,11484,21659.50,21682.00,21602.25,21681.25,25041,3144,21681.75,21697.75,21497.00,21503.00,141659,3596,21681.75,21697.75,21461.00,21558.50,260004,8965,21558.00,21596.00,21432.50,21594.25,100189,7030,21594.25,21599.00,21462.25,21469.75,54713,3560,21470.25,21531.50,21363.00,21382.25,85099,3585,21491.75,21508.25,21363.00,21382.25,57246,1798,21382.75,21419.50,21345.75,21409.50,29527,2496,21681.75,21697.75,21363.00,21382.25,500005,23140
2024-12-20,NQH5,59201,21429.25,21812.25,21006.50,21552.50,840157,21429.25,21429.25,21363.00,21370.25,6139,1444,21429.25,21429.25,21006.50,21217.75,208777,33281,21277.25,21290.75,21006.50,21097.25,82476,13455,21106.00,21239.00,21094.50,21217.75,52990,3470,21217.25,21457.50,21160.50,21456.50,145177,3600,21217.25,21785.50,21160.50,21750.00,311412,8997,21750.50,21812.25,21655.25,21681.25,136609,7152,21680.50,21753.25,21649.00,21701.00,53274,3549,21700.75,21714.25,21517.75,21558.50,89513,3559,21652.25,21662.50,21517.75,21558.50,66397,1800,21558.00,21629.00,21512.50,21551.75,40519,2648,21217.25,21812.25,21160.50,21558.50,590808,23257
2024-12-23,NQH5,50791,21566.00,21776.75,21476.75,21737.25,502016,21566.00,21683.00,21565.75,21659.00,6703,1605,21566.00,21741.75,21544.25,21617.50,113507,26348,21710.50,21720.00,21573.00,21666.00,41266,9869,21660.75,21660.75,21544.25,21617.50,23820,3012,21617.50,21675.50,21476.75,21546.50,118137,3595,21617.50,21696.00,21476.75,21691.25,211166,8900,21691.50,21756.25,21642.25,21743.00,77729,6832,21743.00,21776.75,21708.00,21712.00,28445,3340,21711.75,21767.50,21666.00,21762.50,51065,3509,21708.50,21767.50,21705.00,21762.50,29781,1760,21762.75,21768.50,21716.00,21736.75,20055,1844,21617.50,21776.75,21476.75,21762.50,368405,22581
2024-12-24,NQH5,29455,21743.25,22049.75,21709.00,22046.50,256897,21743.25,21762.00,21719.75,21735.75,3022,962,21743.25,21847.50,21709.00,21830.50,57071,16403,21774.75,21807.00,21738.75,21798.75,20315,6034,21801.00,21847.50,21794.75,21830.50,11915,2302,21830.25,21941.25,21799.25,21923.00,75360,3589,21830.25,21994.75,21799.25,21966.25,144070,8830,21966.75,22049.75,21943.00,22046.50,55756,4222,,,,,0,0,,,,,0,0,,,,,0,0,,,,,0,0,21830.25,22049.75,21799.25,22046.50,199826,13052
2024-12-26,NQH5,43596,22049.50,22111.25,21870.25,21984.25,398407,22049.50,22084.50,22046.75,22059.75,4356,1223,22049.50,22111.25,21894.25,21957.25,82619,19862,22080.75,22080.75,21894.25,21947.50,44345,9132,21941.75,21964.75,21907.50,21957.25,12611,2519,21957.75,22008.00,21870.25,21986.50,91460,3576,21957.75,22040.50,21870.25,22036.50,152621,8731,22037.00,22076.25,21972.75,22017.50,84274,6720,22016.75,22045.00,21994.25,22044.50,27245,3215,22044.50,22061.25,22002.75,22009.75,34601,3274,22051.00,22061.25,22002.75,22009.75,20898,1682,22009.75,22021.75,21980.00,21982.25,16980,1782,21957.75,22076.25,21870.25,22009.75,298741,21940
2024-12-27,NQH5,41197,21990.75,22008.00,21498.75,21719.75,555262,21990.75,22006.75,21974.75,22003.00,2568,863,21990.75,22008.00,21844.00,21845.75,65531,16540,21926.75,21955.25,21898.25,21940.25,22973,6577,21917.75,21921.50,21844.00,21845.75,19757,2805,21845.50,21863.00,21512.75,21551.00,145080,3597,21845.50,21863.00,21507.00,21554.00,258369,8970,21553.50,21677.75,21498.75,21670.00,102010,6940,21670.00,21716.50,21635.75,21703.25,41689,3417,21703.00,21712.00,21606.50,21699.00,66629,3508,21655.50,21712.00,21606.50,21699.00,40593,1760,21699.00,21733.00,21691.00,21721.25,20982,1803,21845.50,21863.00,21498.75,21699.00,468697,22835
2024-12-30,NQH5,46546,21711.00,21742.75,21253.00,21388.25,516039,21711.00,21742.75,21670.50,21701.50,6937,1706,21711.00,21742.75,21358.50,21406.75,112076,21956,21634.50,21673.25,21441.75,21483.25,39878,7752,21463.50,21474.50,21358.50,21406.75,32107,3281,21406.75,21416.00,21253.00,21280.50,112392,3595,21406.75,21468.75,21253.00,21467.75,205178,8897,21467.75,21571.00,21447.50,21538.75,89078,6907,21539.00,21548.75,21475.75,21533.75,33165,3323,21533.50,21544.00,21416.25,21423.25,51321,3468,21474.75,21501.25,21416.25,21423.25,34061,1785,21423.25,21425.50,21350.50,21386.25,25196,1984,21406.75,21571.00,21253.00,21423.25,378742,22595
2024-12-31,NQH5,44953,21390.25,21524.75,21182.00,21234.25,469100,21390.25,21392.75,21343.50,21391.50,3506,1115,21390.25,21524.75,21343.50,21462.25,77971,20349,21392.00,21524.75,21359.50,21468.75,30531,7613,21472.25,21499.50,21443.75,21462.25,12477,2564,21461.50,21488.50,21333.50,21416.50,92865,3589,21461.50,21488.50,21287.00,21325.25,165912,8840,21324.75,21344.00,21204.50,21223.50,94199,6899,21223.25,21275.00,21182.00,21261.00,41402,3430,21261.75,21316.00,21189.00,21227.25,69734,3534,21304.25,21316.00,21189.00,21227.25,45326,1782,21227.00,21250.75,21197.25,21235.50,19843,1886,21461.50,21488.50,21182.00,21227.25,371247,22703
2025-01-02,NQH5,53886,21269.00,21490.50,20983.75,21182.50,658865,21269.00,21320.50,21243.75,21268.25,6440,1500,21269.00,21490.50,21121.75,21350.00,148749,29149,21355.50,21490.50,21318.00,21445.75,57131,11082,21422.00,21466.50,21335.00,21350.00,26531,3026,21349.75,21444.00,21166.50,21280.00,132702,3595,21349.75,21444.00,21166.50,21316.50,240546,8922,21315.75,21342.50,20983.75,21047.50,148930,7099,21046.50,21145.50,21028.00,21066.00,52294,3481,21064.00,21195.75,21058.00,21178.50,52993,3510,21163.00,21195.75,21120.25,21178.50,30798,1778,21179.50,21203.50,21148.75,21185.50,15309,1711,21349.75,21444.00,20983.75,21178.50,494763,23012
2025-01-03,NQH5,45898,21186.75,21559.25,21144.00,21493.00,479425,21186.75,21188.75,21144.00,21162.75,4203,1237,21186.75,21303.00,21144.00,21294.25,84257,21547,21247.00,21288.00,21208.50,21239.75,31138,8096,21260.25,21303.00,21227.00,21294.25,14939,2595,21293.50,21440.75,21261.50,21341.25,123242,3592,21293.50,21492.25,21261.50,21472.75,221259,8910,21472.75,21531.25,21441.50,21528.00,67566,6662,21527.50,21559.25,21496.75,21536.75,32715,3327,21537.25,21538.00,21474.75,21514.50,50099,3476,21522.50,21523.25,21474.75,21514.50,34296,1771,21514.75,21526.75,21476.50,21491.25,23459,1956,21293.50,21559.25,21261.50,21514.50,371639,22375
2025-01-06,NQH5,49879,21532.25,21896.75,21478.25,21780.50,562263,21532.25,21544.75,21501.75,21524.00,4679,1266,21532.25,21760.50,21478.25,21734.50,128023,25167,21565.25,21760.50,21564.25,21733.75,53200,10902,21737.75,21756.00,21641.75,21734.50,37259,3013,21733.50,21886.75,21723.50,21880.00,109411,3594,21733.50,21896.75,21723.50,21862.50,190150,8881,21862.25,21869.25,21707.75,21714.25,106211,6953,21714.00,21723.25,21660.50,21670.75,51750,3471,21671.00,21751.25,21647.75,21734.50,62544,3518,21724.50,21751.25,21672.25,21734.50,37547,1771,21734.75,21786.25,21732.50,21775.00,23521,1872,21733.50,21896.75,21647.75,21734.50,410655,22823
2025-01-07,NQH5,48118,21781.25,21806.00,21279.50,21375.50,632574,21781.25,21796.25,21768.75,21772.00,3655,1087,21781.25,21797.25,21661.00,21793.75,91540,23096,21730.75,21774.50,21705.50,21741.25,33929,8657,21744.75,21797.25,21735.00,21793.75,15676,2590,21793.75,21806.00,21525.25,21590.00,150323,3600,21793.75,21806.00,21399.50,21435.50,314133,8987,21435.00,21517.25,21387.00,21435.75,91417,6973,21436.25,21474.75,21403.00,21417.25,38967,3436,21418.25,21423.00,21279.50,21356.25,75285,3574,21331.50,21373.75,21279.50,21356.25,46501,1798,21356.25,21394.50,21352.00,21375.25,21160,2034,21793.75,21806.00,21279.50,21356.25,519802,22970
2025-01-08,NQH5,51477,21380.75,21448.25,21166.25,21325.50,626784,21380.75,21395.75,21344.50,21392.00,5342,1436,21380.75,21448.25,21221.50,21363.75,153092,26326,21388.75,21448.25,21221.50,21261.00,68457,10606,21368.25,21393.50,21314.50,21363.75,29144,3211,21363.25,21406.25,21231.00,21289.25,127719,3597,21363.25,21419.00,21231.00,21386.00,213564,8905,21385.00,21408.00,21166.25,21323.50,125369,7055,21324.75,21431.75,21287.50,21331.00,67635,3545,21331.25,21378.00,21301.25,21355.00,46658,3482,21356.50,21378.00,21309.00,21355.00,27004,1743,21355.25,21389.50,21306.00,21326.75,20383,2146,21363.25,21431.75,21166.25,21355.00,453226,22987
2025-01-09,NQH5,20618,21334.75,21347.25,21218.00,21301.50,77136,21334.75,21346.75,21312.75,21314.25,3375,995,21334.75,21347.25,21218.00,21296.75,77050,20595,21246.75,21334.50,21218.00,21305.50,29778,7722,21320.25,21334.00,21265.00,21296.75,10486,2240,21296.50,21302.25,21295.50,21301.50,86,23,21296.50,21302.25,21295.50,21301.50,86,23,,,,,0,0,,,,,0,0,,,,,0,0,,,,,0,0,,,,,0,0,21296.50,21302.25,21295.50,21301.50,86,23
2025-01-10,NQH5,50933,21302.75,21372.50,20874.75,20997.75,691607,21302.75,21309.00,21211.25,21237.50,7485,1798,21302.75,21372.50,21045.00,21189.75,153503,25595,21267.25,21372.50,21248.50,21317.75,36614,8424,21298.75,21320.00,21045.00,21189.75,65850,3462,21189.00,21197.25,20874.75,21026.00,142409,3596,21189.00,21197.25,20874.75,20908.25,280152,8976,20908.00,21176.50,20886.00,21171.00,113678,7065,21171.25,21172.25,21042.50,21076.50,52263,3497,21076.50,21099.25,20982.00,21032.00,68528,3571,21009.25,21046.00,20982.00,21032.00,41081,1796,21031.75,21035.75,20988.75,20993.00,23392,2209,21189.00,21197.25,20874.75,21032.00,514621,23109
2025-01-13,NQH5,53495,21027.50,21037.00,20694.00,20992.25,606692,21027.50,21027.75,20942.50,20997.00,8058,1741,21027.50,21037.00,20694.00,20774.25,159581,28434,20873.25,20912.25,20694.00,20821.25,70924,11512,20810.25,20842.25,20757.75,20774.25,29329,3024,20774.00,20855.50,20702.00,20716.00,117224,3596,20774.00,20880.25,20702.00,20734.75,226644,8951,20734.75,20913.75,20718.25,20889.75,108012,6999,20890.25,20926.50,20835.25,20908.00,44711,3460,20907.75,20964.50,20873.75,20955.00,47678,3493,20884.50,20964.50,20876.00,20955.00,27243,1764,20955.25,20995.50,20937.50,20993.50,19958,2136,20774.00,20964.50,20702.00,20955.00,427045,22903
2025-01-14,NQH5,49816,21020.00,21143.75,20773.50,20977.50,664463,21020.00,21088.50,21011.00,21046.75,7991,1779,21020.00,21143.75,20944.00,21081.75,141225,24590,21061.00,21143.75,20972.00,21002.25,44008,9426,20957.25,21138.50,20952.75,21081.75,51900,3384,21081.00,21129.75,20966.25,21012.25,123673,3599,21081.00,21129.75,20819.50,20832.00,253625,8968,20831.00,21010.00,20791.75,20996.25,106186,7012,20996.75,21013.25,20855.75,20859.00,49873,3465,20858.50,20913.25,20773.50,20903.50,87832,3588,20832.00,20913.25,20798.75,20903.50,43613,1796,20903.75,20993.75,20903.00,20975.25,25663,2172,21081.00,21129.75,20773.50,20903.50,497516,23033
2025-01-15,NQH5,43496,20977.00,21452.75,20909.00,21376.75,543896,20977.00,20977.00,20938.50,20947.25,3958,1102,20977.00,21329.00,20909.00,21250.50,119676,18854,20935.25,21016.00,20909.00,20991.25,28291,7242,20994.25,21329.00,20990.00,21250.50,64909,3448,21250.25,21408.00,21186.75,21394.25,122706,3599,21250.25,21408.00,21186.75,21269.75,230590,8961,21270.00,21395.75,21262.25,21377.50,80752,6837,21377.75,21435.50,21375.75,21417.00,34939,3365,21417.50,21452.75,21393.25,21397.50,54046,3464,21441.50,21446.50,21393.25,21397.50,36109,1772,21397.25,21407.25,21369.75,21376.75,23835,1997,21250.25,21452.75,21186.75,21397.50,400327,22627
2025-01-16,NQH5,51862,21389.00,21567.25,21172.25,21214.25,586335,21389.00,21421.00,21378.25,21413.75,3990,1142,21389.00,21567.25,21353.00,21498.75,129830,26495,21557.50,21567.25,21430.50,21437.75,50380,10609,21447.00,21500.25,21427.00,21498.75,22748,2993,21498.00,21499.25,21336.25,21373.50,120830,3597,21498.00,21499.25,21317.50,21403.00,233658,8967,21402.75,21426.00,21262.25,21295.50,90629,6915,21295.00,21380.50,21277.25,21380.25,43675,3452,21380.00,21395.75,21252.50,21252.75,58307,3540,21331.00,21350.00,21252.50,21252.75,34495,1790,21253.00,21260.75,21172.25,21213.25,30193,2475,21498.00,21499.25,21252.50,21252.75,426269,22874
2025-01-17,NQH5,47480,21227.50,21682.50,21209.25,21589.00,580291,21227.50,21239.50,21209.25,21231.00,4394,1207,21227.50,21682.50,21209.25,21639.00,134253,22622,21274.50,21362.25,21272.00,21347.25,31254,8041,21450.25,21682.50,21444.75,21639.00,59927,3550,21638.75,21663.75,21481.25,21525.75,139222,3597,21638.75,21663.75,21481.25,21585.25,237692,8960,21585.00,21672.00,21559.75,21626.75,86984,6975,21627.25,21644.75,21609.00,21622.75,36735,3432,21623.00,21638.50,21579.50,21586.50,59582,3514,21606.50,21638.50,21579.50,21586.50,35892,1765,21586.00,21607.00,21571.75,21588.50,24981,1957,21638.75,21672.00,21481.25,21586.50,420993,22881
2025-01-20,NQH5,28652,21600.00,21778.75,21526.50,21683.00,155116,21600.00,21618.00,21526.50,21541.25,7747,1764,21600.00,21725.75,21526.50,21725.75,83265,19171,21622.00,21638.00,21570.75,21584.75,20174,5997,21565.75,21725.75,21538.00,21725.75,28996,3003,21726.00,21778.75,21677.00,21687.75,31309,3227,21726.00,21778.75,21641.25,21699.00,56108,7089,21698.75,21717.00,21620.00,21683.00,15743,2392,,,,,0,0,,,,,0,0,,,,,0,0,,,,,0,0,21726.00,21778.75,21620.00,21683.00,71851,9481
2025-01-21,NQH5,48668,21687.25,21783.50,21377.75,21772.50,499679,21687.25,21739.75,21672.75,21733.25,5808,1455,21687.25,21746.25,21377.75,21707.50,108658,23944,21633.75,21730.75,21607.00,21695.75,34323,8287,21692.00,21736.50,21688.25,21707.50,14046,2469,21707.50,21718.25,21525.75,21639.00,119557,3594,21707.50,21718.25,21525.75,21679.25,205677,8920,21679.50,21772.00,21649.75,21752.00,80659,6853,21751.75,21763.50,21697.00,21724.75,36970,3419,21725.25,21755.50,21697.50,21712.25,45251,3507,21745.25,21755.50,21697.50,21712.25,29778,1789,21711.75,21783.50,21703.00,21771.75,22397,2007,21707.50,21772.00,21525.75,21712.25,368557,22699
2025-01-22,NQH5,46480,21809.25,22093.50,21768.25,21985.00,486780,21809.25,21820.25,21768.25,21809.00,7034,1532,21809.25,21934.25,21768.25,21915.00,85768,21727,21849.75,21920.00,21849.25,21912.50,30186,8029,21921.50,21934.25,21899.00,21915.00,18108,2837,21915.00,22037.00,21902.50,22015.50,119666,3600,21915.00,22078.00,21902.50,22076.25,209328,8942,22076.25,22093.50,22010.50,22030.25,83033,6913,22029.50,22044.75,22006.50,22039.25,33269,3397,22039.50,22042.00,21982.00,22002.50,53547,3475,22015.50,22028.00,21982.00,22002.50,38205,1775,22002.75,22009.25,21967.50,21983.25,21793,2009,21915.00,22093.50,21902.50,22002.50,379177,22727
2025-01-23,NQH5,46117,21981.75,22050.50,21855.50,22021.75,466745,21981.75,21984.75,21958.25,21964.75,4740,1202,21981.75,21984.75,21855.50,21891.75,90291,21537,21922.75,21926.00,21855.50,21896.00,35538,8777,21897.75,21919.50,21876.50,21891.75,18695,2573,21892.75,21918.00,21866.00,21896.25,84814,3585,21892.75,21971.50,21866.00,21947.25,186082,8908,21947.00,21985.00,21900.25,21956.25,74856,6818,21956.75,21963.50,21923.75,21960.50,33926,3399,21960.25,22037.75,21943.50,22036.50,56755,3483,21967.75,22037.75,21957.75,22036.50,38531,1754,22036.50,22050.50,22008.75,22021.75,24771,1955,21892.75,22037.75,21866.00,22036.50,351619,22608
2025-01-24,NQH5,47444,22018.50,22078.25,21844.00,21907.75,519260,22018.50,22018.50,21995.75,22012.25,3444,1082,22018.50,22058.50,21971.75,22045.25,128471,22951,21984.50,22043.75,21976.00,22030.25,41307,7675,22018.75,22052.75,21996.00,22045.25,18593,2736,22045.25,22078.25,21987.25,21994.00,100973,3597,22045.25,22078.25,21970.25,21977.75,178670,8889,21977.75,22008.25,21862.25,21875.50,96716,6959,21875.25,21896.75,21844.00,21868.25,46202,3457,21868.25,21918.75,21857.00,21916.25,51302,3471,21861.75,21918.75,21858.75,21916.25,32233,1752,21916.50,21919.25,21891.75,21908.00,17851,1704,22045.25,22078.25,21844.00,21916.25,372890,22776
2025-01-27,NQH5,68432,21771.00,21771.00,20763.75,21304.50,1034722,21771.00,21771.00,21633.00,21667.00,22721,2728,21771.00,21771.00,20763.75,21121.25,389073,42581,21286.50,21312.50,20763.75,21082.75,195691,16372,21163.75,21174.75,21103.00,21121.25,39732,3433,21121.75,21369.50,21109.00,21361.75,178169,3599,21121.75,21418.50,21109.00,21208.00,339754,8998,21207.25,21267.25,21138.75,21155.50,113833,7127,21155.50,21260.50,21095.00,21131.75,70178,3569,21132.50,21260.75,21127.50,21253.50,86438,3592,21176.50,21260.75,21169.75,21253.50,50213,1797,21253.75,21330.00,21250.00,21305.75,35393,2547,21121.75,21418.50,21095.00,21253.50,610203,23286
2025-01-28,NQH5,54001,21343.25,21626.00,21159.50,21558.50,649287,21343.25,21357.50,21244.75,21323.00,11736,2207,21343.25,21423.50,21219.00,21292.75,145565,28956,21337.25,21423.50,21257.75,21304.50,59523,11677,21355.50,21358.00,21267.00,21292.75,23871,3042,21292.00,21481.75,21159.50,21480.25,149959,3598,21292.00,21481.75,21159.50,21473.75,271637,8986,21473.00,21584.00,21467.00,21543.50,105596,7063,21543.75,21626.00,21513.50,21616.00,45675,3500,21615.50,21622.50,21558.00,21586.75,58999,3543,21616.50,21622.00,21558.00,21586.75,36630,1779,21586.50,21589.75,21550.50,21554.00,21718,1932,21292.00,21626.00,21159.50,21586.75,481907,23092
2025-01-29,NQH5,47899,21559.00,21697.00,21367.00,21572.25,624948,21559.00,21579.00,21530.50,21553.25,4047,1232,21559.00,21697.00,21530.50,21605.00,101084,21922,21667.00,21697.00,21628.50,21649.00,35851,8389,21582.75,21627.00,21560.25,21605.00,21518,2983,21605.50,21606.25,21480.50,21498.00,111752,3599,21605.50,21606.25,21456.00,21482.00,203459,8961,21482.25,21548.25,21367.00,21469.25,109380,6919,21470.00,21578.00,21386.75,21536.00,91412,3571,21535.50,21600.75,21462.75,21523.75,75521,3569,21591.75,21600.75,21471.50,21523.75,41360,1795,21523.25,21610.00,21387.00,21581.00,43906,2931,21605.50,21606.25,21367.00,21523.75,479772,23020
2025-01-30,NQH5,49389,21547.75,21748.75,21419.50,21608.75,612638,21547.75,21586.25,21505.75,21542.75,8900,1882,21547.75,21715.50,21505.75,21649.50,110097,24234,21663.25,21715.50,21574.25,21627.00,41906,9349,21638.75,21679.00,21605.25,21649.50,22955,2990,21649.00,21748.75,21545.75,21548.75,133025,3598,21649.00,21748.75,21419.50,21615.75,260142,8976,21615.50,21615.50,21503.25,21605.50,82107,6969,21605.25,21661.50,21587.25,21658.25,32090,3376,21658.25,21700.00,21523.25,21635.25,99377,3550,21692.50,21692.50,21523.25,21635.25,77389,1795,21634.75,21691.75,21578.00,21611.75,28734,2261,21649.00,21748.75,21419.50,21635.25,473716,22871
2025-01-31,NQH5,48961,21680.00,21966.00,21533.75,21571.00,646025,21680.00,21725.25,21660.00,21696.50,8359,1842,21680.00,21813.00,21660.00,21780.00,100514,23363,21789.75,21813.00,21742.75,21785.50,30753,7854,21784.25,21808.75,21750.00,21780.00,23447,3045,21780.00,21923.50,21765.00,21893.00,103418,3598,21780.00,21966.00,21765.00,21907.50,195584,8956,21907.00,21939.00,21721.00,21744.50,142939,7007,21744.50,21781.75,21584.75,21673.75,87821,3588,21674.00,21679.00,21535.75,21605.75,87006,3580,21544.25,21641.50,21535.75,21605.75,51632,1794,21605.50,21606.50,21533.75,21561.25,31968,2443,21780.00,21966.00,21535.75,21605.75,513350,23131
2025-02-03,NQH5,60227,21200.00,21579.75,20943.00,21553.25,720963,21200.00,21200.00,20943.00,21119.00,27035,2872,21200.00,21272.00,20943.00,21225.25,190796,34702,21113.00,21272.00,21110.75,21174.25,56572,11365,21219.50,21236.00,21175.00,21225.25,20311,2701,21225.00,21362.00,21113.25,21357.25,166567,3600,21225.00,21474.50,21113.25,21380.75,301368,8983,21381.00,21473.00,21341.00,21468.75,102981,7038,21469.00,21519.75,21448.00,21482.00,41659,3429,21482.00,21506.75,21407.00,21412.00,50039,3517,21462.00,21470.75,21407.00,21412.00,31719,1782,21411.75,21579.75,21388.25,21548.75,34053,2539,21225.00,21519.75,21113.25,21412.00,496047,22967
2025-02-04,NQH5,50792,21592.00,21694.00,21242.50,21583.50,491670,21592.00,21600.00,21553.50,21572.50,5722,1472,21592.00,21600.00,21242.50,21422.75,115427,25814,21410.00,21498.50,21312.50,21459.25,37893,8624,21457.50,21462.00,21412.50,21422.75,14455,2543,21423.75,21663.50,21405.25,21646.00,111943,3598,21423.75,21694.00,21405.25,21658.25,187430,8884,21657.50,21660.75,21550.00,21626.50,82673,6741,21626.25,21680.00,21612.50,21625.25,32293,3366,21624.75,21685.25,21609.50,21680.75,43618,3427,21633.75,21685.25,21625.25,21680.75,23542,1730,21680.25,21691.75,21572.00,21581.25,30139,2540,21423.75,21694.00,21405.25,21680.75,346014,22418
2025-02-05,NQH5,50611,21562.00,21795.00,21429.75,21770.50,493018,21562.00,21594.50,21550.00,21569.25,5157,1448,21562.00,21623.75,21429.75,21552.50,115059,25920,21514.00,21540.75,21429.75,21512.25,46583,9690,21526.25,21556.50,21508.75,21552.50,17054,2752,21552.25,21613.75,21501.00,21571.75,114658,3597,21552.25,21719.25,21501.00,21712.50,209990,8955,21712.00,21742.50,21672.00,21709.50,71839,6762,21710.00,21736.25,21703.00,21709.00,24326,3201,21709.25,21766.25,21689.75,21760.75,46658,3416,21744.00,21766.25,21689.75,21760.75,31162,1760,21760.50,21795.00,21750.00,21768.00,24989,2335,21552.25,21766.25,21501.00,21760.75,352813,22334
2025-02-06,NQH5,47041,21764.50,21882.25,21705.75,21845.25,436061,21764.50,21775.50,21749.75,21771.25,3277,1107,21764.50,21832.75,21705.75,21774.25,83948,22115,21788.00,21830.00,21705.75,21759.25,36615,9100,21766.75,21783.00,21742.75,21774.25,15313,2666,21774.00,21848.75,21738.25,21788.50,97090,3597,21774.00,21848.75,21738.25,21771.50,172468,8878,21771.25,21841.75,21748.00,21816.50,60339,6561,21816.25,21830.25,21711.50,21744.50,43686,3355,21744.25,21882.25,21735.25,21875.00,45528,3425,21790.25,21882.25,21788.25,21875.00,30057,1755,21875.00,21877.50,21761.75,21846.50,30030,2687,21774.00,21882.25,21711.50,21875.00,322021,22219
2025-02-07,NQH5,44294,21817.75,21968.00,21552.75,21575.25,591407,21817.75,21857.00,21807.50,21855.00,4058,1195,21817.75,21930.00,21790.25,21885.00,81091,19439,21867.00,21881.75,21833.00,21864.25,21169,6553,21848.00,21930.00,21790.25,21885.00,29782,3162,21884.50,21968.00,21686.00,21760.00,137835,3593,21884.50,21968.00,21606.75,21628.00,287356,8980,21626.50,21730.75,21585.00,21623.75,112545,6999,21623.75,21637.50,21566.00,21606.00,41433,3450,21605.50,21621.25,21552.75,21593.50,49758,3501,21577.00,21621.25,21572.00,21593.50,29060,1768,21593.00,21603.50,21574.50,21578.25,19141,1904,21884.50,21968.00,21552.75,21593.50,491092,22930
2025-02-10,NQH5,45355,21463.25,21894.00,21418.00,21837.00,385195,21463.25,21657.00,21418.00,21642.00,11923,2027,21463.25,21791.50,21418.00,21765.50,90735,21852,21694.50,21752.50,21683.25,21735.25,26478,6946,21760.50,21791.50,21744.00,21765.50,14763,2564,21765.75,21873.50,21744.00,21859.50,90060,3596,21765.75,21894.00,21744.00,21871.50,160287,8883,21872.25,21886.25,21817.25,21878.25,52909,6417,21878.00,21881.50,21845.00,21862.50,24097,3120,21861.75,21875.50,21832.75,21844.75,39930,3305,21863.25,21865.25,21832.75,21844.75,28366,1752,21845.00,21850.00,21821.25,21836.75,17144,1759,21765.75,21894.00,21744.00,21844.75,277223,21725
2025-02-11,NQH5,44455,21832.00,21871.50,21669.50,21792.50,418708,21832.00,21832.25,21773.75,21796.00,5816,1405,21832.00,21832.25,21669.50,21705.00,88679,20635,21732.25,21792.00,21719.00,21749.75,29977,7389,21715.00,21733.00,21669.50,21705.00,21558,2893,21705.00,21845.25,21700.75,21841.75,82435,3572,21705.00,21871.50,21700.75,21792.25,155872,8792,21792.00,21833.50,21715.75,21803.25,91417,6779,21803.25,21840.25,21792.25,21827.25,26583,3162,21827.50,21840.50,21766.00,21787.50,41301,3396,21814.25,21818.25,21766.00,21787.50,24590,1751,21787.00,21798.50,21779.25,21794.25,14811,1676,21705.00,21871.50,21700.75,21787.50,315173,22129
2025-02-12,NQH5,44203,21794.25,21862.50,21510.75,21861.75,540960,21794.25,21818.50,21779.50,21811.00,5008,1196,21794.25,21850.00,21510.75,21558.00,130162,19760,21801.00,21836.25,21736.00,21831.00,28703,6784,21820.75,21850.00,21510.75,21558.00,64107,3481,21557.75,21739.50,21536.25,21692.00,135996,3597,21557.75,21784.50,21536.25,21779.25,234674,8949,21779.00,21826.75,21755.50,21793.00,82520,6797,21792.75,21839.00,21758.00,21824.25,31741,3320,21824.75,21837.25,21776.25,21806.50,40723,3412,21817.00,21823.75,21776.25,21806.50,26898,1755,21807.00,21862.50,21781.75,21859.75,21066,1948,21557.75,21839.00,21536.25,21806.50,389658,22478
2025-02-13,NQH5,47758,21861.25,22124.00,21753.00,22075.00,529361,21861.25,21898.50,21845.75,21887.25,4884,1251,21861.25,21927.00,21753.00,21869.75,110333,23021,21856.00,21861.50,21753.00,21820.50,42007,9056,21818.00,21900.75,21787.25,21869.75,32763,3120,21868.25,21996.50,21834.75,21974.75,127468,3600,21868.25,22057.75,21834.75,21962.25,217373,8927,21962.00,21999.00,21890.50,21992.50,91604,6848,21993.75,22075.50,21988.00,22057.50,41428,3491,22058.25,22124.00,22052.75,22120.00,46238,3466,22080.25,22124.00,22062.00,22120.00,28784,1752,22119.75,22120.50,22070.25,22076.50,22267,1986,21868.25,22124.00,21834.75,22120.00,396643,22732
2025-02-14,NQH5,46236,22071.00,22225.00,22042.50,22203.50,429223,22071.00,22103.25,22070.00,22082.00,6167,1330,22071.00,22163.50,22042.50,22113.25,87432,21905,22145.50,22148.00,22042.50,22084.00,34643,8641,22081.50,22120.00,22076.50,22113.25,16422,2752,22112.75,22160.00,22090.00,22141.00,88013,3585,22112.75,22171.75,22090.00,22139.50,171935,8859,22139.50,22198.75,22092.00,22186.00,73005,6787,22186.00,22206.75,22156.00,22178.00,30144,3330,22178.50,22225.00,22159.25,22206.00,46012,3478,22183.50,22225.00,22179.75,22206.00,30510,1780,22206.00,22219.50,22182.00,22205.00,20581,1857,22112.75,22225.00,22090.00,22206.00,321096,22454
2025-02-17,NQH5,22499,22235.75,22281.75,22192.50,22235.25,101174,22235.75,22237.75,22196.25,22210.75,12825,1790,22235.75,22281.75,22196.25,22241.00,59860,15580,22239.75,22269.50,22225.00,22247.75,15361,4689,22252.25,22259.75,22236.25,22241.00,3733,1140,22241.00,22243.00,22192.50,22228.00,18923,2576,22241.00,22251.75,22192.50,22239.75,34358,5373,22239.50,22242.00,22222.50,22235.25,6956,1546,,,,,0,0,,,,,0,0,,,,,0,0,,,,,0,0,22241.00,22251.75,22192.50,22235.25,41314,6919
2025-02-18,NQH5,44761,22224.75,22319.75,22102.75,22224.25,458230,22224.75,22235.25,22198.25,22220.25,4217,1327,22224.75,22319.75,22198.25,22262.25,82563,20420,22314.25,22319.75,22263.00,22286.00,30829,7702,22295.75,22318.25,22255.00,22262.25,16688,2476,22261.00,22268.00,22130.25,22138.75,115513,3599,22261.00,22268.00,22125.00,22192.75,196421,8916,22192.75,22206.00,22138.50,22159.75,70152,6764,22159.75,22186.75,22102.75,22180.50,43134,3408,22180.50,22236.00,22160.50,22228.50,42434,3346,22172.50,22236.00,22160.50,22228.50,30180,1734,22228.75,22250.00,22214.75,22222.00,23467,1890,22261.00,22268.00,22102.75,22228.50,352141,22434
2025-02-19,NQH5,44981,22224.50,22299.75,22118.00,22222.25,491538,22224.50,22252.50,22222.00,22247.25,3766,1032,22224.50,22291.25,22179.50,22207.25,91221,20418,22252.25,22275.75,22195.50,22230.75,35186,7952,22197.50,22219.50,22180.25,22207.25,17101,2747,22207.75,22221.50,22118.00,22153.50,97860,3596,22207.75,22243.50,22118.00,22239.75,194652,8892,22239.75,22264.25,22195.00,22232.25,74225,6832,22232.75,22298.75,22226.25,22298.00,45070,3446,22298.25,22299.75,22205.50,22255.25,67202,3565,22214.25,22256.00,22212.25,22255.25,34551,1791,22255.25,22258.50,22213.75,22222.50,19120,1818,22207.75,22299.75,22118.00,22255.25,381149,22735
2025-02-20,NQH5,45300,22213.00,22235.50,21951.00,22135.75,555432,22213.00,22235.50,22208.50,22216.00,4187,1141,22213.00,22235.50,22141.00,22213.25,78253,20409,22149.75,22219.75,22148.00,22209.75,27951,7136,22190.50,22223.00,22187.25,22213.25,13822,2544,22213.25,22225.50,21951.00,22081.25,161860,3599,22213.25,22225.50,21951.00,22030.50,271712,8968,22030.00,22098.00,22023.25,22074.25,78455,6917,22074.25,22127.75,22056.00,22120.75,48040,3526,22121.00,22148.25,22084.50,22138.75,58788,3560,22101.50,22148.25,22091.75,22138.75,33615,1784,22138.50,22150.00,22118.75,22136.50,20123,1905,22213.25,22225.50,21951.00,22138.75,456995,22971
2025-02-21,NQH5,45206,22136.00,22245.50,21652.75,21660.00,697766,22136.00,22174.50,22123.25,22163.00,4250,1230,22136.00,22245.50,22103.75,22193.50,81894,19529,22139.00,22220.00,22103.75,22216.00,28988,7216,22221.25,22245.50,22185.00,22193.50,19721,2660,22193.00,22198.25,21992.25,21999.25,131920,3594,22193.00,22198.25,21940.75,21982.75,249148,8971,21983.25,21998.50,21759.75,21767.00,170430,7150,21767.50,21784.50,21667.25,21686.00,89288,3590,21685.75,21719.50,21662.50,21675.00,76457,3582,21701.00,21719.50,21662.50,21675.00,45073,1796,21674.50,21699.00,21652.75,21659.25,30382,2356,22193.00,22198.25,21662.50,21675.00,585323,23293
2025-02-24,NQH5,50730,21700.75,21813.00,21407.50,21427.25,658441,21700.75,21774.50,21676.75,21756.50,11444,2224,21700.75,21813.00,21676.75,21758.75,106629,25417,21758.75,21813.00,21701.00,21762.00,37404,9049,21781.00,21805.25,21735.00,21758.75,17885,2641,21758.50,21801.75,21436.25,21504.00,160911,3600,21758.50,21801.75,21436.25,21574.50,301788,8993,21575.00,21660.50,21569.25,21610.75,101084,6975,21611.00,21639.50,21538.50,21547.25,43651,3506,21546.75,21569.00,21409.50,21413.25,73921,3559,21526.00,21555.00,21409.50,21413.25,46422,1791,21413.50,21447.75,21407.50,21430.50,31211,2261,21758.50,21801.75,21409.50,21413.25,520444,23033
2025-02-25,NQH5,53416,21442.50,21453.75,20990.00,21196.00,791784,21442.50,21453.50,21366.50,21388.25,9307,1970,21442.50,21453.75,21286.00,21400.50,144507,27924,21320.25,21426.75,21286.00,21426.00,54380,10850,21448.00,21451.75,21356.75,21400.50,22498,2922,21399.75,21401.00,21028.25,21053.00,178312,3600,21399.75,21401.00,20990.00,21171.75,345163,8993,21172.75,21281.25,21109.25,21197.75,125047,7149,21197.25,21214.75,21123.75,21201.50,64262,3578,21201.25,21263.00,21121.00,21153.50,86628,3590,21221.25,21232.75,21121.00,21153.50,51491,1800,21153.25,21210.00,21136.75,21194.75,26121,2165,21399.75,21401.00,20990.00,21153.50,621100,23310
2025-02-26,NQH5,48252,21230.50,21409.25,21055.00,21272.75,640013,21230.50,21240.75,21210.00,21224.25,3700,1120,21230.50,21332.50,21200.00,21237.00,94022,22074,21291.50,21329.25,21259.50,21295.25,30658,8112,21322.25,21332.50,21224.00,21237.00,25332,3012,21236.50,21373.00,21189.00,21284.75,123712,3600,21236.50,21409.25,21189.00,21359.00,224906,8979,21359.50,21407.75,21083.00,21108.00,149699,7141,21107.75,21173.25,21064.50,21099.00,65189,3555,21098.25,21224.50,21077.50,21178.00,61743,3547,21155.50,21224.50,21128.50,21178.00,35936,1789,21177.75,21327.00,21055.00,21273.75,44369,2938,21236.50,21409.25,21064.50,21178.00,501537,23222
2025-02-27,NQH5,53337,21249.00,21386.50,20583.25,20633.25,843883,21249.00,21261.75,21160.00,21209.50,9487,1780,21249.00,21386.50,21108.00,21351.75,148865,27332,21285.00,21386.50,21250.00,21350.50,44268,9369,21347.50,21373.75,21268.75,21351.75,42696,3291,21351.00,21381.00,20896.25,21135.50,200264,3600,21351.00,21381.00,20896.25,21002.50,333861,8986,21002.50,21117.50,20956.50,21056.25,116199,7087,21057.00,21058.25,20795.75,20832.75,90352,3583,20833.25,20840.50,20605.00,20611.25,116732,3594,20691.00,20741.75,20605.00,20611.25,62243,1800,20611.25,20658.00,20583.25,20638.50,37796,2737,21351.00,21381.00,20605.00,20611.25,657144,23250
2025-02-28,NQH5,55284,20649.50,20944.25,20460.50,20909.00,834281,20649.50,20680.50,20639.75,20672.25,13882,1937,20649.50,20688.00,20515.50,20589.25,150398,29388,20623.00,20684.00,20581.25,20622.25,41604,9395,20584.25,20664.25,20566.25,20589.25,29510,3235,20588.75,20755.00,20460.50,20747.00,169463,3600,20588.75,20778.00,20460.50,20703.00,297266,8985,20702.75,20749.00,20484.25,20542.00,169269,7160,20541.75,20721.75,20537.75,20699.50,68501,3573,20698.50,20944.25,20683.25,20943.50,105674,3587,20764.50,20944.25,20683.25,20943.50,70421,1798,20943.25,20943.75,20868.25,20910.00,43034,2566,20588.75,20944.25,20460.50,20943.50,640710,23305
2025-03-03,NQH5,55687,21005.25,21121.00,20316.75,20530.75,826523,21005.25,21036.25,20949.00,20962.75,13949,2382,21005.25,21101.00,20837.75,21059.00,140494,30021,20961.75,21101.00,20888.00,21067.50,45389,10073,21072.50,21098.50,21034.25,21059.00,19280,2803,21058.75,21121.00,20760.00,20940.00,161892,3599,21058.75,21121.00,20760.00,20935.75,293924,8987,20935.75,20964.50,20653.25,20750.25,140992,7115,20750.75,20819.75,20601.50,20617.00,78385,3569,20617.00,20618.00,20316.75,20455.50,140468,3600,20375.00,20475.50,20316.75,20455.50,67032,1800,20456.00,20537.00,20450.50,20530.00,32137,2372,21058.75,21121.00,20316.75,20455.50,653769,23271
2025-03-04,NQH5,58616,20527.00,20732.50,20075.25,20537.00,943693,20527.00,20557.75,20490.00,20513.25,14393,1994,20527.00,20592.00,20262.00,20344.75,200866,32364,20486.75,20566.25,20305.25,20323.50,71073,12468,20268.75,20398.50,20267.75,20344.75,45773,3432,20345.00,20430.00,20075.25,20155.00,177940,3600,20345.00,20430.00,20075.25,20295.25,345656,8997,20294.50,20523.00,20265.75,20502.50,160933,7161,20501.75,20632.25,20494.00,20624.25,73226,3567,20623.25,20732.50,20324.25,20395.25,113952,3598,20685.75,20689.00,20324.25,20395.25,77458,1800,20395.25,20593.25,20388.25,20540.75,48994,2910,20345.00,20732.50,20075.25,20395.25,693767,23323
2025-03-05,NQH5,55643,20555.00,20725.00,20215.00,20611.75,772979,20555.00,20595.25,20531.75,20572.00,5749,1516,20555.00,20629.75,20379.50,20420.00,153311,30284,20548.50,20629.75,20441.00,20474.50,57620,11339,20424.50,20469.25,20379.50,20420.00,25666,3038,20420.25,20497.00,20270.25,20332.25,155636,3594,20420.25,20497.00,20215.00,20340.50,296235,8976,20340.00,20595.25,20324.75,20587.25,156788,7166,20586.75,20711.50,20558.25,20658.50,67374,3572,20658.25,20725.00,20602.00,20682.00,74110,3581,20688.50,20704.75,20602.00,20682.00,41251,1796,20682.25,20685.00,20577.50,20610.00,25051,2035,20420.25,20725.00,20215.00,20682.00,594507,23295
2025-03-06,NQH5,52814,20605.25,20647.50,20003.00,20173.50,750516,20605.25,20643.50,20589.00,20609.00,3386,1079,20605.25,20647.50,20299.00,20312.75,135851,27023,20549.50,20556.75,20352.75,20374.00,67333,12730,20301.75,20385.00,20301.00,20312.75,25076,3188,20313.25,20483.75,20228.25,20465.25,134462,3599,20313.25,20513.25,20228.25,20261.50,258016,8978,20262.00,20277.25,20040.00,20110.75,158542,7149,20110.75,20207.50,20003.00,20062.00,80282,3576,20062.50,20155.00,20026.25,20085.00,84587,3596,20102.25,20155.00,20040.25,20085.00,46593,1799,20085.50,20217.25,20075.25,20176.75,33175,2474,20313.25,20513.25,20003.00,20085.00,581427,23299
2025-03-07,NQH5,50884,20214.50,20286.25,19765.50,20207.25,750524,20214.50,20225.75,20168.00,20185.25,5267,1385,20214.50,20273.75,20026.50,20042.25,134734,25511,20166.50,20228.00,20092.00,20127.00,37631,9210,20107.25,20273.75,20026.50,20042.25,49682,3393,20041.75,20242.00,20023.75,20052.75,116278,3595,20041.75,20242.00,19765.50,19830.25,271218,8981,19830.00,20176.75,19771.00,20171.25,176347,7176,20171.25,20274.00,20120.75,20191.50,67434,3574,20190.25,20286.25,20098.50,20244.25,76997,3567,20229.25,20286.25,20098.50,20244.25,48024,1798,20245.00,20245.75,20145.25,20203.00,23731,2059,20041.75,20286.25,19765.50,20244.25,591996,23298
2025-03-10,NQH5,55596,20147.00,20156.50,19272.25,19472.00,776378,20147.00,20147.00,19995.50,20036.00,11896,2137,20147.00,20156.50,19861.00,19880.25,154270,29612,20108.75,20141.00,19920.50,19954.00,61173,11198,19895.00,19942.00,19861.00,19880.25,24035,2993,19880.50,19904.50,19654.25,19668.25,123116,3598,19880.50,19904.50,19521.00,19589.00,265124,8986,19590.75,19639.25,19422.00,19453.00,133564,7144,19452.75,19500.00,19344.00,19349.25,65522,3568,19349.00,19551.25,19272.25,19440.25,119657,3599,19469.75,19551.25,19392.75,19440.25,66175,1800,19440.75,19488.75,19416.25,19474.25,38166,2663,19880.50,19904.50,19272.25,19440.25,583867,23297
2025-03-11,NQH5,60146,19440.00,19686.75,19139.25,19401.25,838247,19440.00,19461.50,19370.50,19392.00,10276,2028,19440.00,19585.00,19139.25,19425.50,194768,34285,19472.75,19581.75,19403.00,19575.25,62191,11291,19500.25,19506.00,19414.25,19425.50,25725,3131,19426.25,19614.00,19313.50,19324.50,148749,3597,19426.25,19614.00,19264.50,19430.75,288999,8977,19429.75,19446.00,19201.00,19313.75,139136,7112,19314.25,19686.75,19311.00,19645.00,90573,3587,19645.25,19677.50,19403.00,19409.50,93300,3595,19559.75,19568.00,19403.00,19409.50,44020,1798,19409.50,19446.00,19371.75,19398.50,31390,2570,19426.25,19686.75,19201.00,19409.50,612008,23271
2025-03-12,NQH5,50450,19412.75,19788.75,19387.00,19572.75,683839,19412.75,19479.75,19399.25,19468.00,5815,1400,19412.75,19788.75,19387.00,19696.75,143377,25279,19413.75,19608.25,19387.00,19589.50,46612,10388,19593.25,19788.75,19589.00,19696.75,53637,3485,19696.75,19777.75,19580.00,19652.25,131689,3599,19696.75,19777.75,19395.25,19629.75,265042,8984,19629.75,19727.75,19535.50,19540.50,134838,7130,19540.50,19706.25,19531.25,19678.75,52164,3525,19678.75,19685.00,19554.00,19627.50,68216,3556,19621.50,19649.00,19554.00,19627.50,41018,1787,19627.50,19628.75,19561.50,19571.00,20158,1961,19696.75,19777.75,19395.25,19627.50,520260,23195
2025-03-13,NQH5,55878,19572.00,19694.00,19170.00,19293.00,728581,19572.00,19637.25,19567.50,19623.00,5195,1394,19572.00,19694.00,19400.75,19573.75,166798,30428,19481.25,19631.00,19408.75,19519.50,72855,11996,19507.50,19600.00,19504.00,19573.75,30027,3134,19572.50,19577.00,19324.50,19477.00,143964,3598,19572.50,19577.00,19276.50,19295.50,279805,8985,19295.00,19390.75,19170.00,19190.50,117697,7084,19191.50,19377.00,19186.75,19361.50,65881,3566,19362.00,19396.25,19184.25,19243.00,70798,3575,19263.25,19282.50,19184.25,19243.00,37977,1791,19243.25,19328.50,19242.00,19295.00,27548,2225,19572.50,19577.00,19170.00,19243.00,534181,23210
2025-03-14,NQH5,54898,19312.75,19742.50,19296.75,19667.50,686302,19312.75,19382.00,19296.75,19361.75,7807,1860,19312.75,19533.50,19296.75,19468.50,150188,29315,19411.00,19487.75,19370.00,19474.00,61925,11174,19519.00,19533.50,19460.00,19468.50,19997,2915,19467.00,19620.75,19436.75,19485.00,148147,3599,19467.00,19703.00,19436.75,19672.75,278962,8982,19672.75,19707.75,19604.50,19633.50,105287,7060,19634.00,19704.50,19612.25,19672.00,47194,3506,19672.25,19742.50,19650.00,19725.25,70028,3553,19674.25,19742.50,19650.00,19725.25,45319,1793,19725.00,19725.25,19640.75,19663.25,34535,2461,19467.00,19742.50,19436.75,19725.25,501471,23101
2025-03-17,NQH5,46332,19668.25,20044.00,19550.50,20037.25,397050,19668.25,19686.25,19559.50,19569.75,10780,2128,19668.25,19778.50,19550.50,19699.00,87444,22473,19575.25,19717.00,19554.75,19687.00,28496,8125,19676.50,19778.50,19660.25,19699.00,18524,2888,19699.00,19847.75,19683.25,19716.75,80256,3586,19699.00,19939.50,19671.25,19878.50,144080,8749,19878.00,19886.75,19654.75,19814.25,62804,6740,19814.50,19959.25,19814.00,19939.75,44050,3433,19939.25,19944.50,19827.00,19831.75,43675,3363,19916.75,19931.00,19827.00,19831.75,26668,1707,19832.25,20044.00,19826.00,20038.00,14980,1565,19699.00,19959.25,19654.75,19831.75,294609,22285
2025-03-18,NQH5,45367,19821.00,20061.00,19604.25,19704.00,471846,19821.00,19858.00,19813.25,19848.00,7822,1241,19821.00,20061.00,19747.25,19896.00,95333,20802,19975.00,20038.50,19768.00,19976.50,39443,8439,19962.50,19976.50,19885.50,19896.00,18006,2800,19896.25,19901.00,19634.50,19700.75,104635,3596,19896.25,19901.00,19604.25,19651.00,184709,8900,19652.25,19753.50,19649.25,19710.00,83654,6934,19709.50,19783.50,19657.75,19752.25,40501,3450,19752.50,19752.50,19662.25,19695.00,47437,3457,19716.75,19730.50,19662.25,19695.00,29990,1761,19695.75,19737.00,19693.75,19701.75,20142,1807,19896.25,19901.00,19604.25,19695.00,356301,22741
2025-03-19,NQM5,45113,19704.75,20143.00,19547.25,19945.00,512563,19704.75,19723.00,19666.25,19708.75,5133,1109,19704.75,19797.50,19547.25,19781.25,92119,20599,19736.50,19789.75,19660.00,19775.50,38657,8568,19753.75,19791.50,19742.50,19781.25,11667,2243,19781.25,19900.75,19706.25,19856.50,79915,3577,19781.25,19937.50,19706.25,19917.25,150725,8845,19916.50,19932.75,19785.50,19815.25,63232,6672,19813.00,20029.75,19769.00,20020.75,76409,3580,20021.25,20143.00,19934.75,19945.50,108880,3597,19953.25,20058.75,19934.75,19945.50,52060,1799,19945.50,19981.50,19940.25,19947.25,21160,1806,19781.25,20143.00,19706.25,19945.50,399246,22694
2025-03-20,NQM5,49531,19949.75,20105.00,19735.25,19894.25,569867,19949.75,20026.25,19944.25,20008.50,4522,1402,19949.75,20092.75,19735.25,19787.50,124807,24739,20051.50,20075.75,19735.25,19852.25,70869,11433,19835.75,19861.50,19783.25,19787.50,18442,2852,19786.75,20086.75,19756.00,20053.25,104888,3600,19786.75,20105.00,19756.00,19988.50,202413,8938,19987.50,20040.00,19826.00,19842.25,117947,7059,19844.25,19898.50,19795.00,19814.75,47398,3503,19814.75,19921.75,19814.00,19885.00,58842,3499,19837.00,19921.75,19827.00,19885.00,35072,1773,19884.75,19913.00,19874.00,19894.75,18376,1776,19786.75,20105.00,19756.00,19885.00,426600,22999
2025-03-21,NQM5,49748,19898.50,19977.50,19602.25,19970.75,593029,19898.50,19909.75,19880.00,19884.00,2687,901,19898.50,19932.75,19602.25,19655.50,123209,24466,19889.75,19897.00,19759.50,19799.50,41970,10064,19792.50,19797.75,19602.25,19655.50,43842,3365,19655.50,19773.50,19607.50,19750.25,112484,3599,19655.50,19812.00,19607.50,19715.75,216983,8966,19715.00,19900.00,19680.50,19863.00,121201,7069,19863.50,19888.75,19831.75,19863.50,38906,3450,19863.25,19972.00,19812.75,19971.25,62747,3538,19839.00,19972.00,19830.00,19971.25,38951,1780,19971.25,19977.50,19931.50,19967.50,29869,2234,19655.50,19972.00,19607.50,19971.25,439837,23023
2025-03-24,NQM5,49991,20050.50,20409.50,20050.50,20357.25,547242,20050.50,20102.50,20050.50,20065.00,16168,2025,20050.50,20286.00,20050.50,20259.00,137328,25290,20147.50,20262.75,20140.50,20256.50,51400,9920,20259.00,20286.00,20257.25,20259.00,18344,2793,20258.75,20347.50,20229.25,20337.00,103430,3596,20258.75,20370.25,20229.25,20353.75,184086,8887,20354.25,20380.75,20309.00,20337.25,86761,6906,20337.00,20373.50,20308.25,20368.00,49854,3430,20368.25,20409.50,20359.75,20381.00,61247,3482,20367.50,20409.50,20360.75,20381.00,40991,1771,20381.00,20383.75,20356.50,20357.25,27888,1979,20258.75,20409.50,20229.25,20381.00,381948,22705
2025-03-25,NQM5,46168,20353.00,20524.75,20293.00,20517.25,466259,20353.00,20366.25,20342.25,20348.00,2888,956,20353.00,20447.50,20293.00,20397.00,96090,21443,20349.50,20416.50,20293.00,20411.00,45255,9367,20421.25,20447.50,20394.75,20397.00,17460,2787,20397.25,20453.25,20361.75,20449.50,93402,3591,20397.25,20495.25,20361.75,20443.25,171274,8891,20443.50,20480.00,20402.00,20415.25,85522,6950,20415.50,20457.25,20402.75,20429.25,40992,3404,20429.00,20492.75,20425.00,20484.75,51426,3461,20440.50,20492.75,20437.00,20484.75,33541,1769,20485.00,20524.75,20484.50,20514.25,20830,2000,20397.25,20495.25,20361.75,20484.75,349214,22706
2025-03-26,NQM5,45284,20511.50,20536.75,20045.00,20090.50,610815,20511.50,20531.50,20504.00,20510.25,3493,992,20511.50,20536.75,20429.50,20443.25,77348,20116,20474.00,20498.25,20429.50,20483.00,30154,8077,20461.00,20486.50,20437.00,20443.25,17301,2636,20444.00,20475.00,20227.00,20279.50,134424,3599,20444.00,20475.00,20170.00,20189.50,243461,8943,20189.00,20218.00,20076.50,20083.75,129993,7066,20083.75,20146.50,20050.00,20055.75,58188,3524,20055.25,20135.00,20045.00,20120.75,76872,3557,20064.50,20135.00,20062.00,20120.75,46816,1792,20120.50,20123.25,20081.50,20087.00,24865,2056,20444.00,20475.00,20045.00,20120.75,508514,23090
2025-03-27,NQM5,52535,20046.00,20199.50,19937.25,19997.25,624835,20046.00,20098.00,20003.25,20019.25,13257,2270,20046.00,20147.75,20003.25,20028.25,129109,27522,20113.75,20138.50,20020.00,20091.50,46867,10493,20051.75,20105.25,20011.25,20028.25,25043,3037,20028.25,20122.00,19937.25,20115.00,138231,3598,20028.25,20199.50,19937.25,20047.75,244685,8958,20047.25,20155.75,20001.00,20014.50,109946,7050,20015.00,20109.25,20011.00,20048.50,49857,3499,20048.25,20129.75,19975.00,19999.75,69367,3529,20109.25,20111.75,19975.00,19999.75,42585,1773,19999.25,20019.00,19984.25,19997.50,21816,1959,20028.25,20199.50,19937.25,19999.75,473855,23036
2025-03-28,NQM5,49852,19995.25,20011.75,19357.50,19361.00,683770,19995.25,20011.75,19983.25,19992.00,3274,1050,19995.25,20011.75,19845.25,19910.25,118754,23876,19925.50,19969.75,19845.25,19945.50,45725,10305,19934.25,19966.00,19852.25,19910.25,38204,3269,19910.00,19941.50,19631.25,19641.75,134973,3599,19910.00,19941.50,19550.50,19552.25,279357,8975,19552.25,19582.50,19439.00,19480.25,125024,7114,19480.00,19518.50,19444.25,19479.25,48730,3536,19478.75,19504.25,19421.50,19460.00,74709,3558,19459.00,19481.50,19421.50,19460.00,49618,1795,19460.00,19464.50,19365.75,19366.50,36993,2765,19910.00,19941.50,19421.50,19460.00,527820,23183
2025-03-31,NQM5,59775,19319.75,19489.75,18976.75,19413.00,829003,19319.75,19365.00,19275.00,19310.75,11841,2052,19319.75,19365.00,19118.50,19167.00,186694,34401,19222.50,19272.25,19118.50,19171.25,67879,12298,19184.75,19236.75,19163.50,19167.00,23069,3006,19167.00,19191.75,18976.75,19058.50,152150,3600,19167.00,19263.75,18976.75,19216.25,295547,8988,19216.50,19307.75,19174.25,19223.25,122025,7101,19222.75,19416.00,19218.25,19350.25,82853,3589,19350.50,19489.75,19346.00,19461.25,108228,3588,19369.00,19489.75,19352.75,19461.25,72293,1799,19460.75,19460.75,19392.25,19413.75,33580,2090,19167.00,19489.75,18976.75,19461.25,608653,23266
2025-04-01,NQM5,54780,19411.25,19644.00,19261.25,19598.00,783579,19411.25,19413.75,19326.75,19373.75,8375,1792,19411.25,19511.00,19283.25,19378.25,148130,29218,19419.50,19511.00,19311.25,19355.25,67619,12109,19354.75,19411.75,19353.75,19378.25,22668,2844,19378.00,19462.50,19261.25,19347.00,154764,3599,19378.00,19606.00,19261.25,19594.00,308474,8988,19593.75,19644.00,19496.50,19512.75,142944,7113,19512.50,19514.25,19385.00,19443.25,75290,3564,19442.75,19626.25,19437.50,19604.25,82347,3570,19488.50,19626.25,19464.25,19604.25,51339,1798,19604.75,19629.00,19574.75,19596.00,26272,2313,19378.00,19644.00,19261.25,19604.25,609055,23235
2025-04-02,NQM5,51764,19600.50,20044.25,19076.75,19152.25,829638,19600.50,19697.00,19595.25,19644.75,8589,1614,19600.50,19697.00,19325.00,19327.00,132255,25010,19564.00,19585.00,19427.25,19429.25,47314,9973,19347.75,19396.75,19325.00,19327.00,26709,3101,19326.75,19620.75,19316.50,19601.50,144703,3597,19326.75,19714.00,19316.50,19662.50,278818,8980,19662.50,19890.25,19658.50,19741.25,158764,7173,19741.50,19762.25,19604.75,19621.25,79938,3573,19620.25,19796.00,19605.75,19769.75,75134,3582,19693.50,19796.00,19665.25,19769.75,42276,1797,19769.50,20044.25,19076.75,19120.00,104232,3416,19326.75,19890.25,19316.50,19769.75,592654,23308
2025-04-03,NQM5,61295,19020.00,19177.00,18614.00,18648.50,871649,19020.00,19037.00,18819.00,18933.00,28510,2923,19020.00,19177.00,18819.00,18931.00,228283,35233,19046.50,19177.00,18948.00,18984.75,65735,11789,18979.00,18990.75,18830.25,18931.00,48677,3421,18932.00,19074.25,18856.25,18921.50,156051,3600,18932.00,19074.25,18720.00,18885.25,320581,8999,18886.75,18987.75,18812.00,18817.75,124417,7147,18817.75,18862.00,18754.75,18854.25,61441,3576,18854.25,18862.75,18670.00,18674.00,96817,3597,18731.50,18760.75,18670.00,18674.00,58338,1799,18674.00,18708.75,18614.00,18650.50,40051,2727,18932.00,19074.25,18670.00,18674.00,603256,23319
2025-04-04,NQM5,63076,18660.00,18713.00,17387.50,17483.25,1173315,18660.00,18698.00,18588.50,18645.75,7346,1598,18660.00,18713.00,17820.75,18161.00,271641,36484,18616.75,18658.25,17820.75,18132.00,133646,15115,18145.00,18273.00,18058.25,18161.00,50674,3474,18162.75,18248.75,17926.25,17926.50,168723,3600,18162.75,18248.75,17656.00,17893.25,394941,8999,17891.75,17978.50,17619.75,17853.50,190795,7190,17853.00,17913.00,17548.25,17614.75,101993,3598,17613.25,17870.50,17531.50,17541.50,148892,3598,17751.00,17870.50,17531.50,17541.50,91710,1800,17541.25,17570.00,17387.50,17494.00,64923,3184,18162.75,18248.75,17531.50,17541.50,836621,23385
2025-04-07,NQM5,72089,17100.00,18361.50,16460.00,17628.75,1123811,17100.00,17100.00,16550.00,16672.50,34348,2972,17100.00,17278.00,16460.00,16928.75,373382,46365,16555.75,17278.00,16480.00,17056.50,127304,15622,17155.50,17231.00,16913.25,16928.75,56157,3481,16930.50,18361.50,16673.50,17390.75,279446,3600,16930.50,18361.50,16673.50,17408.25,477815,8996,17411.50,17792.00,17212.75,17780.50,113907,7098,17784.75,17824.00,17498.00,17524.75,53671,3541,17525.50,17661.00,17405.00,17545.75,69305,3566,17459.00,17661.00,17423.25,17545.75,40530,1792,17545.50,17757.50,17540.25,17633.50,35690,2508,16930.50,18361.50,16673.50,17545.75,714698,23201
2025-04-08,NQM5,59140,17665.00,18357.25,16973.50,17232.00,939853,17665.00,17753.75,17644.50,17753.75,5594,1465,17665.00,18170.00,17644.50,18136.50,192227,32832,17779.50,18021.00,17693.25,18011.00,65347,11955,18009.50,18170.00,17926.00,18136.50,45520,3422,18137.25,18357.25,18059.25,18300.75,131380,3599,18137.25,18357.25,17952.50,18049.00,283431,8991,18048.00,18073.25,17488.25,17663.75,225700,7188,17663.25,17703.50,17438.50,17455.25,76014,3584,17454.00,17462.00,16973.50,17216.75,121433,3599,17274.00,17283.25,16973.50,17216.75,67236,1799,17216.50,17331.00,17139.50,17224.50,40894,2927,18137.25,18357.25,16973.50,17216.75,706578,23362
2025-04-09,NQM5,67122,17220.25,19386.75,16735.00,19353.50,1055054,17220.25,17240.00,16970.75,17061.75,12387,2346,17220.25,17425.00,16735.00,17208.25,293592,40936,17003.25,17425.00,16867.50,16959.25,124347,14369,16950.00,17304.25,16900.25,17208.25,42851,3374,17208.25,17597.50,17199.25,17446.50,124422,3598,17208.25,17597.50,17199.25,17314.25,248667,8974,17314.00,18899.25,17281.50,18847.25,218420,7067,18848.75,19112.25,18743.50,18764.75,118531,3599,18764.00,19386.75,18719.25,19312.50,118859,3598,19168.25,19386.75,19119.75,19312.50,69018,1799,19312.25,19365.50,19229.25,19354.75,56808,2923,17208.25,19386.75,17199.25,19312.50,704477,23238
2025-04-10,NQM5,62518,19266.75,19383.50,17919.00,18501.50,952611,19266.75,19359.00,19242.25,19349.25,7779,1728,19266.75,19383.50,18703.50,18793.50,211540,36646,19117.25,19186.50,18703.50,18933.25,82585,13622,18842.00,18987.00,18733.25,18793.50,40735,3429,18794.00,18871.50,18568.50,18678.25,127788,3600,18794.00,18871.50,18256.75,18293.00,265518,8990,18294.00,18515.75,17919.00,18472.00,236160,7187,18469.75,18674.75,18300.75,18551.50,95754,3597,18551.00,18657.75,18240.75,18485.00,108846,3599,18410.25,18555.50,18240.75,18485.00,67244,1800,18484.75,18573.75,18437.00,18496.25,34754,2483,18794.00,18871.50,17919.00,18485.00,706278,23373
2025-04-11,NQM5,60457,18464.75,18873.50,18067.00,18820.50,660099,18464.75,18597.75,18464.75,18527.00,5022,1404,18464.75,18795.00,18067.00,18422.50,192736,35253,18681.75,18702.75,18314.25,18568.00,83405,13625,18562.25,18672.25,18354.75,18422.50,28083,3207,18422.75,18647.75,18276.00,18309.50,112894,3596,18422.75,18647.75,18270.00,18560.00,219420,8960,18560.25,18873.50,18531.75,18807.75,119193,7106,18807.50,18838.50,18713.25,18738.25,49077,3533,18738.75,18867.50,18730.50,18811.75,57942,3557,18831.25,18858.00,18777.50,18811.75,35220,1779,18811.50,18838.25,18782.75,18817.75,21637,2026,18422.75,18873.50,18270.00,18811.75,445632,23156
2025-04-14,NQM5,54866,19225.00,19256.00,18737.50,18902.50,564487,19225.00,19250.00,18931.50,18960.00,18980,2587,19225.00,19256.00,18931.50,19233.00,131983,29277,19121.75,19182.00,19024.00,19068.50,37056,9119,19139.25,19256.00,19129.00,19233.00,20487,2956,19233.00,19254.75,18987.75,19129.50,103705,3596,19233.00,19254.75,18803.50,18841.00,201840,8949,18841.50,18951.75,18737.50,18949.00,111514,7079,18947.50,19044.25,18936.00,19018.50,38882,3458,19018.75,19095.00,18921.25,18935.00,54893,3522,19041.50,19079.00,18921.25,18935.00,32965,1771,18934.25,18961.50,18792.25,18905.75,25261,2565,19233.00,19254.75,18737.50,18935.00,407129,23008
2025-04-15,NQM5,50432,18902.50,19144.75,18809.00,18938.00,520354,18902.50,18909.00,18809.00,18818.50,4515,1154,18902.50,19040.50,18809.00,18975.75,109177,25771,18920.00,19040.50,18870.25,18882.50,42171,9648,18851.00,18983.50,18849.25,18975.75,17655,2878,18976.25,19144.75,18924.50,18984.00,108046,3596,18976.25,19144.75,18924.50,19043.25,210291,8942,19043.25,19090.50,18908.00,18951.00,92507,6988,18951.25,18994.50,18884.25,18984.25,47381,3500,18984.00,19000.75,18922.50,18960.50,47375,3504,18961.00,18989.00,18922.50,18960.50,27028,1762,18960.50,18979.00,18930.25,18932.50,13549,1708,18976.25,19144.75,18884.25,18960.50,397554,22934
2025-04-16,NQM5,55653,18790.00,18861.25,18116.25,18369.25,674475,18790.00,18800.00,18700.00,18747.00,10640,2105,18790.00,18861.25,18504.50,18583.00,151494,29728,18582.75,18861.25,18511.25,18694.00,61190,10688,18695.25,18713.25,18576.00,18583.00,22297,2971,18582.25,18679.50,18509.25,18629.00,97090,3596,18582.25,18735.00,18509.25,18584.00,190354,8938,18582.75,18616.50,18288.00,18292.50,123201,7026,18292.00,18387.75,18211.75,18215.75,77053,3585,18215.00,18400.00,18116.25,18384.50,97399,3593,18133.25,18400.00,18128.00,18384.50,56613,1798,18384.25,18441.00,18338.50,18366.00,34859,2768,18582.25,18735.00,18116.25,18384.50,488007,23142
2025-04-17,NQM5,53002,18391.25,18652.75,18261.50,18427.75,623226,18391.25,18426.75,18370.00,18407.25,5820,1556,18391.25,18652.75,18345.25,18494.50,141934,27872,18559.50,18652.75,18456.75,18506.00,52692,10534,18524.75,18591.75,18470.25,18494.50,27214,3076,18494.50,18509.50,18315.25,18323.75,107347,3596,18494.50,18509.50,18261.50,18338.00,223099,8967,18338.75,18487.50,18317.00,18452.75,128063,7089,18452.50,18526.00,18424.50,18427.75,51474,3527,18427.25,18431.25,18330.00,18381.25,60653,3568,18383.00,18427.75,18330.00,18381.25,32990,1786,18381.00,18455.75,18364.25,18430.25,17896,1959,18494.50,18526.00,18261.50,18381.25,463289,23151
2025-04-21,NQM5,46850,18306.25,18383.50,17700.00,17914.00,473548,18306.25,18383.50,18231.25,18292.00,5462,1333,18306.25,18383.50,18080.00,18121.75,94934,22038,18224.50,18226.75,18080.00,18104.75,33911,7465,18123.75,18148.00,18090.00,18121.75,13111,2330,18123.00,18165.00,17899.75,17920.00,84505,3586,18123.00,18165.00,17786.50,17795.75,165160,8882,17794.75,17875.00,17703.00,17717.00,81336,6930,17716.75,17781.25,17700.00,17710.75,40302,3424,17711.50,17952.25,17705.25,17922.75,67339,3542,17769.50,17952.25,17764.50,17922.75,41222,1789,17923.00,17938.75,17889.75,17910.50,24412,2012,18123.00,18165.00,17700.00,17922.75,354137,22778
2025-04-22,NQM5,51059,17914.00,18514.00,17863.75,18359.00,610213,17914.00,17934.25,17863.75,17894.00,4475,1225,17914.00,18171.50,17863.75,18150.50,117301,25942,18149.75,18171.50,18043.75,18055.25,41271,9135,18086.00,18157.50,18080.25,18150.50,15436,2584,18150.75,18306.00,18100.50,18272.25,96240,3592,18150.75,18386.00,18100.50,18371.25,191439,8943,18370.00,18514.00,18211.25,18230.75,163387,7133,18231.00,18399.75,18218.00,18385.00,47244,3473,18385.50,18406.25,18240.50,18394.75,68217,3557,18272.75,18406.25,18240.50,18394.75,39167,1791,18394.50,18437.50,18345.00,18353.50,22550,1996,18150.75,18514.00,18100.50,18394.75,470287,23106
2025-04-23,NQM5,56584,18646.00,19165.50,18623.75,18850.00,724101,18646.00,18771.75,18644.00,18752.75,19133,2687,18646.00,18972.00,18623.75,18947.00,159275,30798,18739.50,18945.00,18713.50,18868.75,55463,10924,18911.25,18972.00,18888.50,18947.00,22714,2996,18948.00,19144.50,18916.50,19099.00,143910,3599,18948.00,19165.50,18797.25,18872.75,285785,8996,18872.00,18966.25,18747.00,18922.00,121545,7106,18921.25,18959.00,18846.75,18889.75,48016,3500,18889.50,18894.25,18729.75,18829.75,74286,3565,18772.25,18859.75,18729.75,18829.75,42831,1790,18829.50,18927.00,18771.00,18852.25,35106,2599,18948.00,19165.50,18729.75,18829.75,529632,23167
2025-04-24,NQM5,53990,18826.50,19418.00,18594.75,19347.50,589977,18826.50,18842.25,18740.50,18822.75,6096,1707,18826.50,18875.75,18594.75,18869.50,142909,28483,18741.50,18839.50,18594.75,18769.75,66118,11190,18795.75,18870.00,18791.50,18869.50,19326,2878,18869.75,19142.50,18846.50,19137.75,97415,3599,18869.75,19215.00,18846.50,19152.75,204472,8953,19153.25,19278.00,19140.25,19259.75,104992,6944,19259.25,19325.00,19258.50,19293.50,42710,3478,19294.25,19338.25,19221.00,19322.00,63720,3540,19243.25,19338.25,19236.00,19322.00,36223,1770,19321.50,19418.00,19312.75,19350.25,31075,2575,18869.75,19338.25,18846.50,19322.00,415894,22915
2025-04-25,NQM5,53803,19405.00,19589.00,19216.25,19554.75,580630,19405.00,19427.00,19352.25,19401.00,6468,1688,19405.00,19497.50,19216.25,19298.75,146807,28982,19458.50,19465.75,19218.00,19262.25,63717,11013,19255.00,19305.25,19216.25,19298.75,17848,2636,19297.75,19405.75,19235.75,19270.25,108282,3598,19297.75,19405.75,19233.75,19368.25,193922,8879,19368.00,19554.25,19349.75,19422.75,117101,6961,19421.50,19528.50,19414.25,19510.50,49644,3485,19511.25,19546.75,19447.25,19539.75,52758,3479,19490.75,19546.75,19447.25,19539.75,33254,1771,19540.25,19589.00,19526.00,19549.00,20290,1999,19297.75,19554.25,19233.75,19539.75,413425,22804
2025-04-28,NQM5,46862,19524.50,19623.00,19257.25,19483.75,505671,19524.50,19524.50,19450.00,19458.00,6632,1586,19524.50,19569.50,19392.25,19547.50,91298,22066,19498.50,19540.00,19440.75,19511.00,35560,8319,19514.25,19569.50,19511.50,19547.50,14128,2383,19547.75,19623.00,19433.25,19491.75,100401,3582,19547.75,19623.00,19311.75,19343.50,204541,8943,19343.50,19378.75,19257.25,19375.75,97414,6996,19375.75,19438.75,19356.75,19433.25,38922,3409,19432.50,19578.75,19423.50,19538.00,55410,3517,19510.50,19578.75,19492.50,19538.00,33798,1772,19537.75,19539.25,19475.25,19483.00,17985,1913,19547.75,19623.00,19257.25,19538.00,396287,22865
2025-04-29,NQM5,49794,19478.25,19688.50,19378.00,19614.25,561158,19478.25,19490.25,19455.50,19486.00,4254,1222,19478.25,19631.00,19378.00,19428.50,122520,24489,19547.50,19622.00,19447.25,19499.50,41427,9132,19488.00,19538.00,19378.00,19428.50,33026,3129,19427.50,19601.25,19403.75,19484.00,107509,3596,19427.50,19615.25,19403.75,19540.25,200289,8935,19540.25,19667.50,19471.00,19657.75,112489,6995,19657.00,19688.50,19638.75,19644.75,47704,3507,19644.25,19683.25,19615.00,19652.50,56540,3500,19648.50,19682.50,19615.00,19652.50,30775,1763,19652.25,19668.50,19567.25,19612.75,21546,2349,19427.50,19688.50,19403.75,19652.50,417022,22937
2025-04-30,NQM5,51226,19599.75,19880.00,19103.75,19848.50,705432,19599.75,19611.75,19563.25,19567.50,4617,1271,19599.75,19622.75,19232.00,19303.00,136426,24974,19565.00,19622.75,19511.25,19529.50,33083,8183,19442.00,19504.25,19232.00,19303.00,48969,3480,19303.75,19315.00,19103.75,19314.25,129738,3599,19303.75,19455.00,19103.75,19431.00,253617,8976,19431.50,19509.00,19337.00,19483.00,113131,7057,19483.00,19582.00,19447.50,19478.25,68264,3549,19478.75,19715.75,19467.25,19683.00,82128,3537,19494.75,19715.75,19472.00,19683.00,59236,1791,19682.75,19880.00,19591.25,19845.75,51782,3116,19303.75,19715.75,19103.75,19683.00,517140,23119
2025-05-01,NQM5,50824,19834.00,20125.75,19757.25,19799.00,581491,19834.00,19936.00,19805.00,19902.50,12030,2197,19834.00,20035.75,19805.00,19970.00,124411,25028,19932.25,20027.50,19901.25,20009.75,39037,8350,19990.00,19996.25,19938.25,19970.00,21926,2941,19971.00,20004.50,19860.00,20001.75,109691,3588,19971.00,20125.75,19860.00,19955.25,218766,8961,19955.25,20029.00,19910.00,19984.75,101012,7022,19984.50,20049.25,19976.50,20012.75,38298,3465,20012.00,20022.50,19870.50,19877.75,62909,3524,20019.75,20022.50,19870.50,19877.75,41971,1773,19877.50,19923.00,19757.25,19792.75,36020,2803,19971.00,20125.75,19860.00,19877.75,420985,22972
2025-05-02,NQM5,51297,19782.50,20276.75,19749.50,20204.50,509436,19782.50,19797.25,19749.50,19786.00,5926,1411,19782.50,20141.25,19749.50,20090.75,140177,26909,19930.75,19959.50,19864.00,19920.75,37480,8879,19944.00,20141.25,19934.25,20090.75,40043,3376,20090.50,20180.25,20019.75,20178.00,95755,3596,20090.50,20207.00,20019.75,20195.25,169607,8859,20196.00,20266.00,20192.00,20223.25,88052,6857,20223.50,20276.75,20198.75,20218.50,32874,3270,20218.00,20235.50,20152.25,20199.25,58588,3506,20227.00,20228.00,20152.25,20199.25,36493,1766,20199.25,20225.00,20177.50,20201.00,20094,1883,20090.50,20276.75,20019.75,20199.25,349121,22492
2025-05-05,NQM5,48472,20181.50,20201.75,19966.00,20042.25,407810,20181.50,20201.75,20108.25,20115.50,5941,1472,20181.50,20201.75,19966.00,20004.25,104922,24254,20061.00,20077.75,19966.00,19979.25,36056,8291,19999.75,20024.25,19978.00,20004.25,12161,2335,20003.75,20111.00,19985.25,20055.75,78313,3588,20003.75,20124.00,19985.25,20101.50,149449,8817,20101.75,20156.25,20094.50,20146.25,53862,6403,20146.75,20191.50,20138.25,20154.75,29689,3236,20154.25,20155.00,20044.75,20051.75,46963,3411,20121.00,20139.25,20044.75,20051.75,27492,1717,20052.25,20070.50,20002.25,20037.00,22837,2334,20003.75,20191.50,19985.25,20051.75,279963,21867
2025-05-06,NQM5,49209,20014.25,20036.75,19739.00,19846.75,509449,20014.25,20036.75,20007.00,20017.00,2691,806,20014.25,20036.75,19784.00,19794.00,112600,24035,19959.25,19974.75,19806.00,19835.75,53012,10242,19826.00,19847.00,19784.00,19794.00,17325,2797,19793.50,19909.50,19739.00,19894.25,102163,3596,19793.50,19952.50,19739.00,19892.50,177123,8863,19892.75,20026.25,19837.50,19852.75,107684,6913,19852.50,19953.25,19845.50,19950.75,38684,3425,19950.75,19972.50,19878.00,19880.00,46498,3442,19948.00,19972.50,19878.00,19880.00,30172,1762,19879.50,19905.50,19809.00,19847.50,26783,2511,19793.50,20026.25,19739.00,19880.00,369989,22643
2025-05-07,NQM5,51637,19809.00,20133.75,19678.75,19957.50,587037,19809.00,20133.75,19799.50,20077.75,20159,2633,19809.00,20133.75,19799.50,19895.00,126975,26489,19984.00,20030.25,19966.75,19993.75,32989,8014,19911.25,19961.25,19878.50,19895.00,18802,2789,19894.25,19977.00,19857.50,19974.75,74604,3572,19894.25,19977.25,19787.00,19844.00,175251,8900,19845.00,19925.75,19802.50,19826.25,74637,6739,19826.00,19903.00,19678.75,19881.50,87464,3578,19881.75,20053.50,19764.00,19967.00,97612,3575,19768.00,20053.50,19764.00,19967.00,67202,1800,19967.25,19998.75,19915.50,19957.50,25050,2336,19894.25,20053.50,19678.75,19967.00,434964,22792
2025-05-08,NQM5,51006,19934.50,20337.25,19910.75,20156.25,558866,19934.50,19957.25,19910.75,19942.50,3602,1008,19934.50,20262.50,19910.75,20163.25,129731,26076,20148.25,20262.50,20136.50,20197.00,39968,8899,20204.50,20226.50,20134.50,20163.25,26727,2970,20163.25,20174.00,20025.00,20084.50,82018,3589,20163.25,20316.50,19979.00,20278.00,221337,8961,20277.25,20337.25,20246.75,20253.50,81970,6911,20253.25,20317.75,20234.25,20289.50,36972,3389,20288.75,20331.25,20141.25,20143.50,68684,3521,20321.75,20323.75,20141.25,20143.50,43055,1782,20143.75,20179.50,20143.25,20155.75,19935,2123,20163.25,20337.25,19979.00,20143.50,408963,22782
2025-05-09,NQM5,47611,20157.00,20288.75,20058.00,20146.50,447061,20157.00,20182.50,20137.00,20161.00,4289,1194,20157.00,20288.75,20080.75,20226.25,104408,23367,20192.25,20288.75,20140.00,20207.00,42799,8491,20199.75,20257.50,20198.00,20226.25,14398,2390,20226.50,20279.75,20111.75,20122.50,77663,3581,20226.50,20279.75,20058.00,20169.50,175250,8893,20169.25,20174.75,20061.50,20154.25,79346,6768,20155.00,20160.25,20110.00,20144.25,27377,3180,20144.25,20185.50,20127.75,20134.75,44564,3438,20160.00,20171.25,20127.75,20134.75,26493,1750,20134.50,20149.25,20120.50,20142.00,15972,1944,20226.50,20279.75,20058.00,20134.75,326537,22279
2025-05-12,NQM5,57175,20398.50,20996.00,20376.75,20957.00,624540,20398.50,20474.75,20376.75,20415.00,11798,1996,20398.50,20991.50,20376.75,20926.25,193212,32397,20561.50,20991.50,20560.25,20910.75,101112,13696,20964.50,20965.25,20888.50,20926.25,21461,2975,20925.00,20926.75,20723.50,20734.25,113630,3600,20925.00,20926.75,20690.00,20762.75,205530,8928,20764.00,20935.00,20756.75,20913.75,91888,6917,20913.00,20943.50,20894.25,20899.25,37826,3393,20898.50,20948.25,20859.00,20948.00,65430,3538,20883.25,20948.25,20859.00,20948.00,42642,1785,20948.00,20996.00,20937.50,20956.25,30520,1981,20925.00,20948.25,20690.00,20948.00,400674,22776
2025-05-13,NQM5,49485,20954.75,21346.50,20818.00,21254.75,516679,20954.75,20963.50,20913.25,20915.00,4687,1247,20954.75,21065.75,20818.00,21003.00,114581,24932,20850.00,20943.50,20824.50,20942.25,38481,8891,20970.00,21065.75,20946.75,21003.00,26191,3023,21003.25,21246.50,20972.75,21216.50,108893,3594,21003.25,21304.75,20972.75,21285.25,201226,8922,21285.00,21346.50,21252.50,21299.00,88277,6879,21299.00,21331.25,21275.00,21326.00,35152,3342,21326.25,21341.50,21257.50,21286.50,53483,3396,21324.50,21341.25,21257.50,21286.50,37297,1749,21286.25,21287.00,21247.50,21253.75,23868,1994,21003.25,21346.50,20972.75,21286.50,378138,22539
2025-05-14,NQM5,49846,21250.00,21419.50,21238.25,21399.75,504568,21250.00,21273.00,21249.50,21260.75,3257,996,21250.00,21382.50,21238.25,21313.75,123642,25471,21348.50,21382.50,21238.25,21345.50,53835,10124,21354.00,21367.25,21311.75,21313.75,18371,2711,21313.75,21405.25,21273.75,21347.00,105045,3587,21313.75,21405.25,21273.75,21377.25,184165,8862,21377.00,21419.50,21281.50,21366.25,81582,6791,21366.00,21400.50,21336.00,21369.00,40600,3352,21368.75,21406.50,21331.00,21395.50,55537,3431,21357.25,21406.50,21331.00,21395.50,35128,1727,21395.25,21412.75,21379.25,21401.00,18978,1920,21313.75,21419.50,21273.75,21395.50,361884,22436
2025-05-15,NQM5,49035,21379.75,21529.75,21192.00,21396.50,535253,21379.75,21386.50,21361.50,21380.00,3602,1016,21379.75,21412.00,21192.00,21300.50,114219,24255,21346.50,21357.75,21192.00,21275.75,49860,10186,21258.25,21330.00,21236.25,21300.50,22614,2900,21301.25,21346.50,21247.75,21288.00,87249,3591,21301.25,21446.50,21247.75,21428.75,180618,8918,21428.75,21529.75,21419.00,21471.75,82040,6854,21471.50,21476.00,21376.00,21395.25,57425,3549,21395.50,21423.25,21303.75,21388.25,79054,3572,21317.50,21422.25,21315.25,21388.25,43199,1782,21388.25,21445.25,21383.50,21397.75,21823,1875,21301.25,21529.75,21247.75,21388.25,399137,22893
2025-05-16,NQM5,45618,21396.00,21512.00,21320.25,21400.25,406829,21396.00,21403.25,21381.00,21389.00,3026,1011,21396.00,21504.75,21348.75,21461.00,95917,21446,21367.75,21488.25,21362.00,21479.25,30602,7794,21493.75,21504.75,21423.25,21461.00,27564,2959,21461.25,21476.25,21388.25,21410.75,81370,3570,21461.25,21476.25,21320.25,21414.00,160162,8813,21413.50,21478.00,21405.50,21444.00,59282,6571,21444.25,21493.25,21435.25,21480.00,26567,3194,21479.25,21508.25,21461.75,21501.00,43305,3387,21494.50,21508.25,21461.75,21501.00,28228,1761,21501.00,21512.00,21384.00,21403.50,21207,2184,21461.25,21508.25,21320.25,21501.00,289316,21965
2025-05-19,NQM5,54595,21310.75,21544.50,21112.50,21517.00,503585,21310.75,21374.75,21283.75,21373.25,12294,2024,21310.75,21418.00,21112.50,21198.75,144650,30360,21194.75,21226.75,21112.50,21204.25,47667,10437,21172.25,21216.50,21153.25,21198.75,20107,2681,21199.00,21462.50,21198.00,21405.00,101598,3581,21199.00,21476.25,21198.00,21434.75,169467,8813,21435.25,21544.50,21428.25,21501.25,77937,6670,21501.50,21505.75,21449.75,21496.75,37905,3364,21496.25,21520.75,21443.50,21516.00,52787,3455,21454.00,21520.75,21453.75,21516.00,30900,1741,21516.00,21533.50,21478.00,21514.50,20718,1918,21199.00,21544.50,21198.00,21516.00,338096,22302
2025-05-20,NQM5,47714,21513.00,21562.25,21298.00,21420.00,431760,21513.00,21515.00,21493.00,21499.50,3620,951,21513.00,21562.25,21393.75,21407.75,98124,23554,21420.75,21483.75,21408.00,21463.25,32556,7962,21447.00,21458.25,21405.00,21407.75,14465,2444,21407.25,21439.75,21354.75,21394.75,82622,3580,21407.25,21451.00,21354.75,21435.25,146260,8715,21435.00,21474.25,21402.75,21434.25,62320,6518,21433.25,21441.50,21340.75,21354.50,45738,3433,21354.50,21443.50,21298.00,21441.00,60723,3520,21381.75,21443.50,21373.75,21441.00,32405,1774,21441.25,21452.00,21398.50,21423.00,18510,1959,21407.25,21474.25,21298.00,21441.00,315041,22186
2025-05-21,NQM5,49335,21414.75,21558.50,21072.75,21145.50,597621,21414.75,21417.25,21342.00,21402.00,7578,1768,21414.75,21444.00,21229.75,21275.75,101355,24208,21296.25,21355.75,21229.75,21344.50,35928,8607,21331.00,21331.00,21262.50,21275.75,14695,2569,21276.25,21441.25,21273.50,21382.00,82403,3580,21276.25,21535.00,21273.50,21519.75,170581,8864,21519.75,21558.50,21159.50,21266.50,160606,6912,21265.75,21282.75,21167.00,21185.75,60540,3551,21185.50,21221.00,21072.75,21165.75,80351,3588,21099.00,21221.00,21089.00,21165.75,42980,1798,21165.25,21169.00,21111.25,21146.50,24137,2200,21276.25,21558.50,21072.75,21165.75,472078,22915
2025-05-22,NQM5,49068,21145.00,21337.50,21040.00,21214.50,508856,21145.00,21177.00,21113.75,21149.00,6291,1533,21145.00,21243.50,21040.00,21169.50,123638,24445,21187.75,21243.50,21090.00,21092.25,40104,8979,21052.50,21226.75,21040.00,21169.50,31082,3228,21169.50,21330.50,21113.75,21232.25,103830,3583,21169.50,21330.50,21113.75,21261.25,191470,8877,21260.50,21324.50,21196.25,21286.75,86570,6918,21288.25,21317.75,21268.25,21305.75,31020,3347,21305.75,21337.50,21166.00,21186.75,55706,3454,21328.00,21328.50,21166.00,21186.75,39156,1776,21187.50,21214.75,21170.25,21212.00,20382,2004,21169.50,21337.50,21113.75,21186.75,364766,22596
2025-05-23,NQM5,50204,21223.75,21236.00,20727.00,20953.25,520244,21223.75,21236.00,21139.00,21148.50,5612,1350,21223.75,21236.00,20727.00,20849.25,167736,25568,21135.00,21231.00,20814.00,20817.00,67791,9350,20813.00,20851.00,20756.75,20849.25,31058,3305,20849.75,20994.25,20822.50,20937.00,98712,3593,20849.75,21008.75,20822.50,20936.50,171144,8861,20939.25,21074.25,20917.75,21056.25,76190,6821,21055.50,21083.00,21006.25,21037.25,36144,3339,21037.50,21069.75,20958.75,20986.75,48971,3489,21012.50,21053.50,20958.75,20986.75,29438,1756,20986.75,20987.50,20930.75,20952.75,19941,2105,20849.75,21083.00,20822.50,20986.75,332449,22510
2025-05-26,NQM5,23185,20978.00,21307.75,20954.25,21283.50,87319,20978.00,21229.25,20954.25,21166.50,11497,2184,20978.00,21289.00,20954.25,21261.25,62803,17471,21261.00,21286.25,21231.00,21275.25,13205,4107,21274.50,21288.25,21248.50,21261.25,3696,1107,21262.00,21307.75,21258.75,21269.75,9386,1867,21262.00,21307.75,21215.50,21275.50,19697,4340,21275.00,21294.00,21268.00,21283.50,4819,1374,,,,,0,0,,,,,0,0,,,,,0,0,,,,,0,0,21262.00,21307.75,21215.50,21283.50,24516,5714
2025-05-27,NQM5,48815,21281.25,21488.50,21141.50,21477.00,437426,21281.25,21292.00,21224.00,21227.50,5127,1398,21281.25,21359.75,21141.50,21266.75,105564,24767,21247.00,21359.75,21235.50,21297.50,41037,9226,21282.50,21315.25,21253.75,21266.75,16366,2667,21267.00,21383.50,21192.75,21366.50,84650,3582,21267.00,21406.50,21192.75,21398.25,149656,8764,21398.00,21480.25,21395.50,21477.75,70763,6609,21477.50,21488.50,21442.25,21443.25,32420,3247,21444.00,21466.00,21414.25,21451.25,55126,3445,21439.75,21466.00,21414.25,21451.25,36419,1772,21450.75,21478.25,21443.50,21473.75,23734,1966,21267.00,21488.50,21192.75,21451.25,307965,22065
2025-05-28,NQM5,45460,21480.00,21567.50,21321.25,21525.00,415811,21480.00,21480.00,21453.50,21470.00,4095,1181,21480.00,21537.50,21407.00,21501.00,80244,20809,21436.00,21523.75,21407.00,21504.50,33569,8150,21508.00,21537.50,21488.00,21501.00,14068,2531,21501.50,21567.50,21438.25,21454.50,85071,3578,21501.50,21567.50,21426.00,21436.50,150063,8729,21436.00,21490.50,21433.75,21470.25,52912,6237,21469.75,21502.25,21401.25,21471.25,35376,3138,21473.00,21514.25,21349.00,21387.75,59978,3503,21462.00,21462.50,21349.00,21387.75,34707,1768,21387.50,21528.75,21321.25,21526.25,37122,3016,21501.50,21567.50,21349.00,21387.75,298329,21607
2025-05-29,NQM5,56530,21513.00,21858.75,21301.00,21385.00,559283,21513.00,21597.00,21489.00,21589.50,9667,1877,21513.00,21858.75,21489.00,21678.00,172548,31774,21768.50,21858.75,21648.25,21661.25,49053,10426,21657.00,21692.75,21627.50,21678.00,22109,3029,21677.25,21679.75,21380.50,21452.00,108983,3597,21677.25,21679.75,21325.50,21346.75,192083,8906,21345.75,21485.00,21301.00,21370.50,86284,6898,21371.25,21405.00,21317.25,21355.25,38838,3399,21355.25,21447.25,21338.25,21402.50,51661,3453,21371.00,21447.25,21369.75,21402.50,28638,1714,21402.25,21427.50,21367.25,21381.00,17755,2084,21677.25,21679.75,21301.00,21402.50,368866,22656
2025-05-30,NQM5,47995,21371.25,21433.50,21071.50,21369.00,542351,21371.25,21395.25,21335.25,21353.00,6283,1498,21371.25,21421.00,21226.25,21381.50,111367,22889,21339.00,21421.00,21318.25,21386.50,26891,7227,21282.25,21383.75,21281.25,21381.50,23742,2991,21381.75,21392.75,21234.75,21382.25,81311,3577,21381.75,21399.50,21234.75,21326.25,158098,8859,21327.25,21337.00,21071.50,21178.75,127710,7036,21177.75,21307.25,21173.00,21303.25,44928,3427,21302.75,21433.50,21295.75,21387.25,71989,3559,21385.75,21433.50,21345.50,21387.25,44489,1793,21386.50,21406.25,21330.00,21370.50,28109,2199,21381.75,21433.50,21071.50,21387.25,402725,22881
2025-06-02,NQM5,47178,21303.75,21576.25,21163.00,21554.50,428279,21303.75,21348.50,21295.25,21313.50,5773,1394,21303.75,21348.50,21163.00,21285.00,95354,23158,21228.50,21291.50,21163.00,21255.50,38016,8833,21250.00,21297.25,21244.50,21285.00,12369,2385,21284.00,21458.00,21234.75,21377.75,103154,3594,21284.00,21458.00,21234.75,21437.75,177266,8804,21437.75,21474.25,21401.25,21446.00,57947,6487,21446.75,21525.75,21426.75,21516.00,37213,3278,21516.00,21543.75,21495.25,21528.75,40135,3353,21529.75,21533.50,21495.25,21528.75,23345,1705,21529.00,21576.25,21527.75,21553.00,20282,2080,21284.00,21543.75,21234.75,21528.75,312561,21922
2025-06-03,NQM5,45380,21555.00,21759.75,21399.25,21688.00,419118,21555.00,21555.25,21515.00,21519.75,2954,912,21555.00,21558.00,21399.25,21545.50,87570,21246,21468.25,21535.75,21399.25,21525.25,34951,8488,21541.00,21558.00,21503.00,21545.50,13000,2376,21545.25,21638.50,21509.75,21616.00,82110,3584,21545.25,21688.25,21509.75,21685.75,152916,8823,21685.50,21759.75,21675.25,21718.25,66800,6661,21717.75,21721.75,21635.75,21711.50,45853,3399,21712.00,21725.75,21665.00,21716.50,45997,3334,21713.00,21725.75,21665.00,21716.50,31346,1710,21716.00,21717.00,21666.25,21687.75,19922,1902,21545.25,21759.75,21509.75,21716.50,311566,22217
2025-06-04,NQM5,43908,21688.25,21803.00,21641.00,21748.00,396186,21688.25,21721.50,21684.00,21709.25,3078,899,21688.25,21767.00,21655.25,21729.75,87521,20315,21689.25,21763.00,21674.50,21747.50,28231,7580,21683.75,21739.75,21676.75,21729.75,17688,2642,21729.75,21793.25,21641.00,21743.25,90332,3591,21729.75,21793.25,21641.00,21753.25,158718,8830,21753.25,21790.75,21706.00,21785.25,61770,6555,21785.50,21803.00,21771.75,21780.75,30578,3232,21780.75,21798.25,21748.25,21770.50,39382,3285,21784.00,21793.25,21748.25,21770.50,26676,1689,21770.25,21774.50,21740.25,21743.50,18171,1677,21729.75,21803.00,21641.00,21770.50,290448,21902
2025-06-05,NQM5,46064,21744.75,21935.00,21503.50,21515.00,581110,21744.75,21772.50,21731.75,21750.50,3951,1083,21744.75,21898.00,21712.50,21815.25,98971,20595,21737.75,21842.75,21737.50,21768.25,37027,8599,21765.25,21898.00,21712.50,21815.25,31290,3087,21816.25,21840.50,21691.50,21802.25,91178,3593,21816.25,21935.00,21691.50,21919.75,196934,8853,21920.00,21923.00,21659.50,21730.00,117955,6959,21730.00,21740.00,21606.25,21688.50,58626,3504,21687.50,21698.00,21503.50,21579.25,83969,3573,21569.75,21675.00,21566.25,21579.25,39568,1796,21578.00,21619.50,21512.50,21512.50,24562,2560,21816.25,21935.00,21503.50,21579.25,457484,22889
2025-06-06,NQM5,47892,21471.00,21873.50,21471.00,21809.50,460119,21471.00,21560.50,21471.00,21556.00,6004,1551,21471.00,21812.00,21471.00,21795.25,111898,23565,21669.75,21694.50,21637.75,21670.25,28448,7665,21678.75,21812.00,21673.00,21795.25,33933,3233,21795.75,21864.25,21762.75,21776.75,86641,3581,21795.75,21870.00,21736.50,21811.25,173726,8865,21811.00,21834.50,21722.00,21822.50,69119,6693,21822.50,21873.50,21820.75,21836.50,42342,3420,21836.50,21847.50,21788.25,21789.00,44949,3419,21809.25,21828.75,21788.25,21789.00,27360,1733,21788.75,21819.00,21780.25,21807.75,18016,1908,21795.75,21873.50,21722.00,21789.00,330136,22397
2025-06-09,NQM5,43199,21799.25,21890.75,21716.00,21822.25,350758,21799.25,21820.75,21730.25,21743.50,5859,1644,21799.25,21824.25,21716.00,21796.75,72533,19758,21766.25,21824.25,21750.00,21812.75,26761,6788,21807.25,21815.75,21794.25,21796.75,9322,1995,21796.50,21866.25,21750.75,21850.00,70582,3571,21796.50,21890.75,21750.75,21837.25,132879,8730,21837.25,21885.00,21815.50,21868.75,58705,6465,21867.75,21879.25,21841.50,21870.75,23572,3124,21871.25,21875.25,21819.75,21822.75,43565,3379,21854.75,21863.75,21819.75,21822.75,29459,1753,21823.50,21833.50,21796.75,21820.50,19441,1728,21796.50,21890.75,21750.75,21822.75,258721,21698
2025-06-10,NQM5,46952,21824.00,21992.25,21732.00,21951.00,429199,21824.00,21847.75,21823.25,21825.00,2611,882,21824.00,21973.25,21732.00,21835.00,96715,22982,21809.75,21857.50,21732.00,21855.50,33073,8427,21857.50,21868.00,21829.25,21835.00,10125,2023,21834.50,21893.25,21818.00,21870.50,64433,3557,21834.50,21893.25,21742.75,21869.75,141072,8738,21870.00,21931.00,21867.00,21874.25,65529,6490,21874.25,21967.25,21820.75,21955.50,48560,3341,21955.50,21992.25,21910.75,21963.00,57894,3479,21968.50,21969.75,21910.75,21963.00,30241,1736,21962.75,21971.25,21936.00,21951.00,19350,1907,21834.50,21992.25,21742.75,21963.00,313055,22048
2025-06-11,NQM5,45373,21945.75,22106.00,21790.75,21883.25,509299,21945.75,21983.75,21937.00,21976.75,3149,787,21945.75,22106.00,21865.75,22016.00,102607,20807,21897.50,21959.50,21882.00,21932.00,23907,6692,21951.00,22106.00,21945.25,22016.00,34769,3110,22016.00,22043.25,21915.75,22040.25,84975,3577,22016.00,22066.25,21915.75,21999.75,162887,8817,21999.50,22018.50,21908.00,21916.50,87710,6727,21915.75,21931.00,21790.75,21859.50,85649,3556,21860.25,21892.75,21824.25,21890.50,54583,3517,21859.25,21892.75,21824.25,21890.50,28968,1760,21890.25,21910.75,21870.25,21878.75,15804,1934,22016.00,22066.25,21790.75,21890.50,390829,22617
2025-06-12,NQM5,43712,21871.00,21977.25,21713.25,21909.00,378429,21871.00,21894.25,21827.25,21835.75,3965,1111,21871.00,21894.25,21713.25,21825.25,85685,20184,21839.75,21863.25,21713.25,21739.00,33968,7762,21759.25,21868.50,21714.00,21825.25,18160,2606,21825.25,21930.50,21818.50,21921.00,67954,3577,21825.25,21977.25,21818.50,21922.75,139763,8768,21922.25,21969.75,21901.50,21939.00,73183,6503,21938.25,21950.00,21902.00,21935.25,29801,3195,21934.75,21953.00,21893.50,21931.50,34285,3225,21937.75,21937.75,21893.50,21931.50,22342,1671,21931.00,21948.00,21906.25,21909.25,15667,1815,21825.25,21977.25,21818.50,21931.50,277032,21691
2025-06-13,NQM5,52013,21909.00,21915.75,21471.00,21652.00,483935,21909.00,21915.75,21861.75,21881.25,3127,941,21909.00,21915.75,21471.00,21678.75,129951,27391,21605.75,21702.75,21577.00,21686.50,37927,8984,21687.25,21701.25,21626.00,21678.75,14304,2592,21678.75,21794.75,21617.00,21627.00,79368,3578,21678.75,21843.00,21617.00,21832.25,157413,8877,21833.75,21854.75,21749.75,21787.25,62767,6634,21788.50,21805.25,21601.50,21657.50,59491,3520,21658.00,21693.00,21600.25,21625.50,53147,3494,21634.50,21674.50,21600.25,21625.50,31745,1771,21625.75,21679.75,21625.75,21654.50,21057,2078,21678.75,21854.75,21600.25,21625.50,332818,22525
2025-06-16,NQM5,37544,21554.00,22222.00,21501.75,22162.75,264167,21554.00,21690.00,21501.75,21647.75,6745,1539,21554.00,22062.75,21501.75,22018.50,51952,15419,21965.00,22033.75,21740.75,22031.75,15894,5318,22051.00,22060.75,22011.25,22018.50,7827,1794,22019.00,22201.50,22012.00,22198.25,60852,3557,22019.00,22222.00,22012.00,22173.50,103024,8490,22173.50,22211.75,22143.50,22163.50,38320,5950,22163.50,22185.00,22137.00,22170.00,17476,2868,22170.25,22184.25,22139.50,22155.25,37943,3247,22167.75,22184.25,22139.50,22155.25,23457,1661,22155.50,22186.25,22152.25,22164.00,15406,1555,22019.00,22222.00,22012.00,22155.25,196763,20555
2025-06-17,NQU5,46644,22176.00,22177.25,21909.50,21952.00,400305,22176.00,22177.25,22065.25,22088.00,5794,1405,22176.00,22177.25,21996.00,22062.25,91719,22664,22058.25,22089.50,21996.00,22072.75,24669,6411,22084.25,22101.00,22033.00,22062.25,10335,2150,22062.50,22133.50,22026.00,22105.75,61264,3535,22062.50,22135.00,22026.00,22103.25,118882,8671,22105.00,22132.25,21940.75,21966.75,93228,6754,21966.50,21977.75,21909.50,21974.25,40282,3385,21974.25,22005.00,21945.00,21950.50,39440,3296,21985.75,22005.00,21945.00,21950.50,24697,1701,21949.75,21982.50,21937.25,21951.50,16730,1864,22062.50,22135.00,21909.50,21950.50,291832,22106
2025-06-18,NQU5,44609,21927.50,22097.75,21862.25,21961.75,440717,21927.50,21940.50,21863.00,21871.50,4812,1325,21927.50,22066.25,21862.25,21996.50,82443,20392,22003.25,22066.25,21952.00,22006.00,32731,7713,22001.25,22014.75,21980.00,21996.50,9652,2059,21996.75,22083.00,21926.25,22073.75,74321,3572,21996.75,22097.75,21926.25,22037.25,137896,8747,22037.50,22065.75,21939.50,22027.75,62169,6494,22027.00,22082.50,21891.00,21900.50,68144,3567,21901.25,22013.25,21882.25,21935.50,72453,3577,21923.75,22006.00,21910.00,21935.50,36138,1791,21935.25,21978.00,21934.75,21969.00,17522,1809,21996.75,22097.75,21882.25,21935.50,340662,22385
2025-06-19,NQU5,25373,21956.75,21970.75,21650.25,21703.00,113479,21956.75,21970.75,21910.50,21937.25,2579,872,21956.75,21970.75,21735.25,21782.50,60836,16971,21848.75,21871.25,21782.75,21814.50,16816,5217,21805.00,21813.00,21735.25,21782.50,6784,1661,21782.50,21786.75,21650.25,21726.25,21986,2813,21782.50,21786.75,21650.25,21686.50,44648,6530,21686.50,21741.75,21675.50,21703.00,7995,1872,,,,,0,0,,,,,0,0,,,,,0,0,,,,,0,0,21782.50,21786.75,21650.25,21703.00,52643,8402
2025-06-20,NQU5,48375,21748.25,22130.50,21745.75,21874.00,515500,21748.25,21930.25,21745.75,21893.50,10588,2135,21748.25,22103.00,21745.75,22081.25,108887,23748,21913.00,22006.00,21859.00,21968.75,32770,7849,21986.50,22103.00,21982.75,22081.25,24939,2784,22081.50,22130.50,21888.50,21933.75,104368,3596,22081.50,22130.50,21776.00,21847.75,217803,8963,21847.75,21916.75,21765.00,21836.75,87129,6876,21837.00,21901.00,21807.75,21813.50,34368,3357,21814.25,21859.50,21793.75,21826.00,44436,3374,21816.00,21859.50,21793.75,21826.00,29415,1701,21825.75,21911.25,21825.00,21875.00,22813,2039,22081.50,22130.50,21765.00,21826.00,383736,22570
2025-06-23,NQU5,50014,21648.25,22093.00,21566.75,22072.25,542445,21648.25,21787.00,21566.75,21764.00,14442,2327,21648.25,21944.25,21566.75,21868.50,112788,25534,21818.25,21944.25,21775.00,21828.50,43728,9648,21845.00,21890.00,21835.50,21868.50,15546,2460,21868.75,22012.25,21758.50,21984.25,93810,3582,21868.75,22018.00,21758.50,21937.25,162196,8813,21936.75,22088.00,21738.25,22052.75,168398,7100,22052.25,22085.50,22021.25,22034.75,34090,3321,22034.25,22093.00,22024.00,22077.00,44476,3343,22055.00,22093.00,22029.75,22077.00,27479,1682,22077.25,22086.00,22052.75,22073.25,20380,1885,21868.75,22093.00,21738.25,22077.00,409160,22577
2025-06-24,NQU5,51689,22079.00,22448.25,22065.75,22407.75,441302,22079.00,22217.00,22065.75,22202.75,12482,2353,22079.00,22384.50,22065.75,22286.50,129585,27741,22360.50,22384.50,22251.75,22306.00,48501,9949,22285.25,22311.00,22258.50,22286.50,13911,2404,22286.00,22333.50,22260.00,22307.50,78253,3584,22286.00,22388.00,22260.00,22363.00,151699,8852,22362.00,22426.00,22357.25,22419.50,67860,6655,22419.25,22432.00,22408.00,22424.50,24554,3180,22425.25,22448.25,22408.00,22413.75,47513,3403,22422.75,22434.25,22408.00,22413.75,30346,1738,22413.75,22420.25,22395.25,22410.50,20013,1840,22286.00,22448.25,22260.00,22413.75,291626,22090
2025-06-25,NQU5,42241,22412.00,22548.25,22384.50,22472.50,390111,22412.00,22412.00,22384.50,22396.50,3645,1073,22412.00,22511.50,22384.50,22500.00,68028,18402,22422.50,22491.00,22406.00,22489.25,28091,7241,22493.50,22511.50,22483.00,22500.00,11328,2239,22499.75,22548.25,22463.75,22487.50,89978,3591,22499.75,22548.25,22429.00,22446.75,162556,8855,22446.50,22462.75,22388.50,22409.25,73354,6720,22410.00,22434.75,22402.00,22422.25,23697,3082,22422.25,22462.00,22418.25,22455.50,43536,3396,22444.00,22462.00,22420.25,22455.50,26177,1722,22455.25,22485.00,22451.00,22471.75,18886,1765,22499.75,22548.25,22388.50,22455.50,303143,22053
2025-06-26,NQU5,43597,22461.25,22694.00,22437.75,22672.50,404964,22461.25,22488.25,22450.25,22462.50,4042,1081,22461.25,22585.00,22437.75,22552.25,79337,19581,22536.25,22581.25,22523.50,22575.75,28701,7282,22571.50,22580.25,22520.00,22552.25,18345,2648,22552.50,22575.00,22476.00,22569.00,84487,3574,22552.50,22618.75,22476.00,22610.25,160573,8811,22610.50,22652.00,22596.75,22639.75,60779,6499,22640.25,22687.00,22634.25,22666.25,36106,3292,22666.25,22694.00,22652.50,22680.75,45988,3329,22672.50,22694.00,22653.75,22680.75,30658,1705,22680.50,22681.50,22641.00,22670.50,22104,2070,22552.50,22694.00,22476.00,22680.75,303446,21931
2025-06-27,NQU5,44218,22676.25,22825.50,22600.00,22740.25,470733,22676.25,22713.50,22669.25,22695.50,4740,1174,22676.25,22788.00,22660.25,22709.75,78369,19285,22739.25,22779.00,22723.50,22778.25,23803,6448,22771.00,22773.75,22702.75,22709.75,19168,2623,22709.25,22825.50,22685.25,22783.25,78711,3579,22709.25,22825.50,22685.25,22812.25,152655,8817,22812.00,22812.50,22696.00,22741.50,85687,6745,22741.75,22742.75,22600.00,22612.00,65234,3547,22612.00,22759.75,22605.25,22751.00,65091,3517,22670.00,22759.75,22667.75,22751.00,39490,1761,22750.75,22758.75,22727.25,22739.25,23568,2282,22709.25,22825.50,22600.00,22751.00,368667,22626
2025-06-30,NQU5,45850,22751.50,22934.75,22751.50,22866.75,424767,22751.50,22842.50,22751.50,22820.75,7605,1607,22751.50,22915.00,22751.50,22874.75,83846,21702,22881.50,22915.00,22849.25,22894.50,26621,7333,22887.50,22889.50,22853.75,22874.75,12957,2300,22874.75,22875.50,22794.25,22834.50,80307,3574,22874.75,22875.50,22794.25,22844.75,140577,8756,22844.25,22867.50,22786.25,22819.25,63646,6489,22818.25,22853.25,22781.00,22847.50,40216,3389,22847.75,22934.75,22846.75,22899.50,70472,3548,22876.00,22934.75,22863.75,22899.50,43293,1782,22899.25,22903.75,22852.50,22869.00,25820,1947,22874.75,22934.75,22781.00,22899.50,314911,22182
2025-07-01,NQU5,44232,22867.50,22914.75,22594.50,22691.75,483196,22867.50,22886.75,22852.50,22854.00,3256,849,22867.50,22914.75,22755.75,22803.75,77389,19680,22840.75,22865.75,22808.75,22831.25,26065,7055,22766.25,22818.50,22765.75,22803.75,14704,2522,22803.75,22848.25,22748.75,22764.25,79247,3576,22803.75,22848.25,22594.50,22658.00,208334,8947,22658.50,22762.25,22631.75,22743.00,87005,6937,22742.75,22753.50,22704.25,22709.25,29189,3244,22709.50,22745.25,22647.25,22701.75,63453,3514,22722.25,22745.25,22688.00,22701.75,32001,1755,22701.75,22702.00,22671.25,22689.75,17739,1897,22803.75,22848.25,22594.50,22701.75,387981,22642
2025-07-02,NQU5,45440,22694.50,22858.75,22582.00,22852.75,402342,22694.50,22723.00,22683.00,22720.00,3567,1007,22694.50,22781.25,22582.00,22653.00,91457,21543,22772.25,22776.50,22638.25,22661.50,29015,7904,22644.50,22658.75,22582.00,22653.00,23473,2910,22653.00,22798.25,22651.25,22794.00,77159,3585,22653.00,22847.50,22651.25,22825.75,159371,8828,22825.75,22848.25,22808.50,22825.75,63449,6657,22825.75,22838.25,22813.00,22827.75,25957,3204,22828.00,22854.00,22813.25,22847.25,42012,3329,22825.00,22854.00,22813.25,22847.25,26030,1672,22846.75,22858.75,22827.75,22852.50,20041,1864,22653.00,22854.00,22651.25,22847.25,290789,22018
2025-07-03,NQU5,30510,22845.00,23102.50,22827.00,23059.00,264660,22845.00,22863.25,22831.25,22845.25,2406,834,22845.00,22940.50,22827.00,22935.50,69941,17570,22880.75,22901.00,22830.00,22860.75,20409,6156,22858.25,22940.50,22858.25,22935.50,24732,3013,22935.75,23066.00,22930.25,23062.50,82543,3581,22935.75,23102.50,22930.25,23080.75,142736,8808,23081.25,23094.50,23027.50,23059.00,51983,4132,,,,,0,0,,,,,0,0,,,,,0,0,,,,,0,0,22935.75,23102.50,22930.25,23059.00,194719,12940
2025-07-04,NQU5,20819,23059.25,23062.50,22882.00,22906.75,72496,23059.25,23062.50,23022.00,23050.50,3851,969,23059.25,23062.50,22882.00,22913.00,51773,15510,22983.75,22999.25,22882.00,22921.50,26909,7071,22922.75,22938.00,22906.25,22913.00,2996,1037,22913.25,22935.00,22888.00,22931.25,9037,1946,22913.25,22945.50,22888.00,22932.25,16745,4050,22932.25,22936.25,22896.00,22906.75,3978,1259,,,,,0,0,,,,,0,0,,,,,0,0,,,,,0,0,22913.25,22945.50,22888.00,22906.75,20723,5309
2025-07-07,NQU5,45041,22970.00,23028.50,22779.75,22839.00,458601,22970.00,23028.50,22943.00,22977.25,7003,1529,22970.00,23028.50,22908.25,22938.75,80377,20708,22938.75,22990.00,22908.25,22982.50,23387,6634,22983.50,22991.50,22927.75,22938.75,12680,2251,22939.00,22977.50,22900.50,22939.25,75006,3573,22939.00,22977.50,22882.50,22927.25,143420,8795,22927.25,22962.50,22833.50,22869.75,118492,6876,22869.00,22881.25,22779.75,22878.75,51585,3432,22879.00,22890.25,22840.75,22882.25,47046,3400,22848.75,22890.00,22840.75,22882.25,28080,1714,22882.50,22891.25,22822.00,22839.50,17643,1817,22939.00,22977.50,22779.75,22882.25,360543,22503
2025-07-08,NQU5,43385,22837.75,22972.75,22808.50,22903.25,417034,22837.75,22853.50,22808.50,22848.00,4400,1248,22837.75,22972.75,22808.50,22933.75,69835,19564,22949.50,22972.75,22905.50,22941.25,22568,6345,22945.50,22956.25,22914.75,22933.75,10991,2266,22934.25,22943.50,22849.00,22872.75,77248,3582,22934.25,22943.50,22841.00,22908.25,170864,8879,22908.25,22962.75,22875.75,22937.25,91107,6846,22937.25,22942.75,22890.25,22900.75,31183,3286,22900.00,22903.75,22870.25,22896.75,39319,3325,22888.25,22903.75,22872.00,22896.75,22713,1681,22896.75,22908.50,22885.00,22902.50,14643,1471,22934.25,22962.75,22841.00,22896.75,332473,22336
2025-07-09,NQU5,40804,22906.50,23112.00,22843.50,23043.50,444792,22906.50,22923.00,22900.50,22913.75,1948,726,22906.50,22974.25,22843.50,22971.75,61410,16876,22897.25,22952.25,22874.50,22937.25,21808,6101,22938.75,22974.25,22922.75,22971.75,13309,2167,22971.50,23112.00,22970.50,23053.00,98024,3590,22971.50,23112.00,22919.75,22948.25,214651,8933,22948.75,23008.50,22937.00,22983.75,74920,6686,22984.00,23039.75,22981.75,23033.25,35951,3274,23033.25,23058.00,23022.75,23055.75,40843,3298,23036.50,23058.00,23026.00,23055.75,25404,1668,23055.50,23060.50,23031.00,23044.00,16968,1721,22971.50,23112.00,22919.75,23055.75,366365,22191
2025-07-10,NQU5,41718,23041.00,23090.00,22901.25,23010.00,385379,23041.00,23065.25,23033.25,23058.00,2582,833,23041.00,23078.75,22976.50,23074.75,66074,18219,22994.25,23077.00,22983.25,23072.25,23225,6561,23056.00,23078.75,23035.00,23074.75,12981,2444,23074.50,23090.00,22901.25,22932.25,99027,3590,23074.50,23090.00,22901.25,23019.50,173561,8897,23019.75,23041.75,22963.25,23039.75,67864,6584,23039.25,23050.00,23024.00,23039.50,26431,3131,23038.75,23044.50,22990.75,23013.00,36623,3194,23030.25,23042.75,22990.75,23013.00,25034,1666,23013.00,23025.00,22997.25,23009.50,14789,1679,23074.50,23090.00,22901.25,23013.00,304479,21806
2025-07-11,NQU5,47308,23011.75,23048.75,22831.50,22938.00,455727,23011.75,23039.75,23004.50,23038.75,2827,902,23011.75,23048.75,22831.50,22913.75,104820,23271,22954.75,22968.25,22852.00,22911.00,34570,8541,22889.50,22915.75,22883.50,22913.75,12418,2399,22913.75,23004.50,22863.00,22995.75,84389,3585,22913.75,23010.75,22863.00,22973.75,171567,8896,22973.50,23021.50,22958.75,22998.50,76162,6635,22998.50,23018.75,22969.50,22972.00,31023,3236,22972.00,22997.25,22924.00,22960.75,55149,3419,22985.50,22986.00,22958.00,22960.75,25647,1697,22960.75,22962.50,22930.25,22936.75,16885,1827,22913.75,23021.50,22863.00,22960.75,333901,22186
2025-07-14,NQU5,44850,22860.75,23066.50,22803.00,23036.25,408577,22860.75,22890.50,22803.00,22880.50,9368,1936,22860.75,22944.25,22803.00,22941.75,87448,21654,22841.00,22903.75,22804.25,22890.75,29919,7336,22906.50,22944.25,22887.75,22941.75,10284,2037,22942.25,22989.25,22842.25,22932.50,100845,3586,22942.25,23022.50,22842.25,23009.00,179002,8839,23008.75,23066.50,22999.25,23046.50,62120,6460,23046.75,23060.00,23035.75,23051.50,21762,2992,23051.50,23059.25,23016.00,23033.25,43365,3341,23044.00,23044.25,23016.00,23033.25,28073,1713,23033.00,23042.50,23022.25,23037.00,14799,1550,22942.25,23066.50,22842.25,23033.25,306249,21632
2025-07-15,NQU5,48335,23034.25,23222.75,22996.00,23017.75,519188,23034.25,23036.00,23000.00,23000.75,3486,1134,23034.25,23219.00,22996.00,23200.00,116626,23556,23145.00,23192.00,23132.50,23166.75,29904,7125,23148.25,23219.00,23146.25,23200.00,25657,3066,23200.00,23222.75,23120.50,23186.25,100885,3593,23200.00,23222.75,23096.00,23159.00,196381,8925,23159.00,23171.00,23083.00,23169.00,83775,6768,23169.00,23180.00,23099.25,23104.00,39830,3325,23104.25,23122.50,23067.00,23072.00,55369,3443,23088.75,23116.75,23067.00,23072.00,30879,1717,23072.50,23073.00,23009.50,23017.25,26994,2298,23200.00,23222.75,23067.00,23072.00,375355,22461
2025-07-16,NQU5,45287,23018.75,23100.00,22835.50,23063.25,540438,23018.75,23034.25,22973.75,23010.50,5948,1481,23018.75,23085.00,22929.00,23071.50,87976,21338,22970.75,23024.00,22929.00,23020.00,27013,7137,23024.75,23085.00,23020.75,23071.50,19625,2681,23071.00,23089.50,22948.75,23001.50,99082,3589,23071.00,23089.50,22835.50,22984.75,283384,8953,22985.50,23069.50,22953.00,23029.50,78602,6737,23029.50,23072.25,23016.50,23070.50,29187,3229,23070.25,23100.00,23058.25,23075.75,44486,3362,23073.00,23100.00,23065.50,23075.75,29021,1747,23075.50,23080.00,23055.50,23061.25,16774,1656,23071.00,23100.00,22835.50,23075.75,435659,22281
2025-07-17,NQU5,45224,23065.50,23279.75,23017.00,23265.50,436788,23065.50,23072.00,23031.25,23034.00,3498,1107,23065.50,23158.50,23017.00,23098.50,85943,21098,23137.00,23141.25,23072.00,23088.00,27181,7175,23094.50,23158.50,23087.50,23098.50,21630,3001,23098.50,23175.25,23065.75,23154.50,93913,3585,23098.50,23255.50,23065.75,23250.00,178226,8858,23250.75,23276.00,23240.50,23274.50,64824,6498,23274.50,23279.75,23236.50,23252.50,33389,3364,23252.50,23278.00,23246.00,23251.25,50632,3361,23260.50,23278.00,23246.00,23251.25,35552,1733,23251.00,23275.50,23234.25,23264.75,23663,2030,23098.50,23279.75,23065.75,23251.25,327071,22081
2025-07-18,NQU5,40970,23261.25,23320.75,23169.50,23228.50,437309,23261.25,23262.75,23245.25,23255.50,2551,905,23261.25,23320.75,23245.25,23283.25,70499,17336,23283.75,23292.75,23251.25,23263.25,20140,6070,23265.75,23320.75,23255.50,23283.25,22522,2266,23283.25,23310.00,23186.75,23198.00,103649,3590,23283.25,23310.00,23186.75,23246.50,181967,8886,23246.00,23249.25,23169.50,23201.25,100078,6833,23201.75,23227.00,23193.50,23199.50,28784,3094,23199.75,23232.50,23198.50,23221.75,40313,3294,23214.00,23228.25,23200.00,23221.75,23006,1681,23222.25,23229.75,23217.00,23228.00,15625,1511,23283.25,23310.00,23169.50,23221.75,351142,22107
2025-07-21,NQU5,40019,23232.50,23424.75,23203.75,23347.00,390105,23232.50,23245.50,23203.75,23245.00,4588,1254,23232.50,23308.50,23203.75,23253.50,62971,16370,23275.50,23308.50,23275.00,23276.50,18666,5351,23275.50,23282.00,23223.75,23253.50,16335,2403,23253.25,23419.25,23253.00,23410.50,88722,3577,23253.25,23424.75,23253.00,23387.50,151075,8696,23387.50,23423.50,23358.75,23412.75,66851,6538,23413.00,23417.75,23386.25,23392.25,26723,3070,23392.50,23392.75,23328.50,23339.25,64598,3476,23367.75,23378.25,23328.50,23339.25,34560,1747,23339.75,23354.50,23335.75,23344.50,17827,1853,23253.25,23424.75,23253.00,23339.25,309247,21780
2025-07-22,NQU5,43838,23339.50,23367.00,23108.00,23199.00,530913,23339.50,23353.00,23336.00,23343.50,2003,660,23339.50,23367.00,23267.50,23341.25,79238,19290,23315.00,23347.50,23267.50,23330.00,38435,7946,23340.00,23345.25,23325.25,23341.25,9804,2134,23341.75,23349.75,23108.00,23164.25,154482,3599,23341.75,23349.75,23108.00,23202.50,252363,8906,23202.25,23250.75,23159.50,23219.50,85924,6822,23219.00,23253.50,23171.00,23252.25,42322,3350,23252.50,23257.75,23222.25,23235.25,44990,3390,23239.00,23256.00,23222.25,23235.25,27221,1720,23234.75,23235.25,23188.00,23198.00,26000,2061,23341.75,23349.75,23108.00,23235.25,425599,22468
2025-07-23,NQU5,47290,23191.25,23418.00,23146.75,23411.25,508328,23191.25,23205.00,23170.25,23181.75,3909,1114,23191.25,23283.75,23170.25,23262.25,86938,22039,23269.75,23283.75,23232.75,23257.00,26903,7351,23250.75,23274.75,23230.25,23262.25,15118,2504,23262.50,23263.75,23146.75,23186.00,102570,3590,23262.50,23293.50,23146.75,23260.25,193085,8829,23260.50,23269.75,23192.75,23263.50,98031,6813,23264.00,23323.75,23262.75,23301.00,47274,3358,23301.25,23312.75,23269.00,23305.75,45618,3329,23293.00,23312.75,23269.00,23305.75,31766,1746,23305.75,23418.00,23298.50,23408.75,37290,2897,23262.50,23323.75,23146.75,23305.75,384008,22329
2025-07-24,NQU5,43751,23402.25,23424.50,23298.25,23395.00,430895,23402.25,23404.25,23383.00,23388.00,3769,1193,23402.25,23422.75,23327.25,23377.25,73256,19598,23359.00,23402.75,23346.75,23386.25,23579,6966,23374.00,23380.75,23327.25,23377.25,19099,2860,23377.50,23401.00,23298.25,23330.00,100621,3589,23377.50,23401.00,23298.25,23389.75,173032,8844,23389.75,23423.00,23340.00,23383.75,79196,6710,23384.25,23422.00,23376.50,23401.75,38375,3281,23401.50,23424.50,23382.25,23384.25,47225,3357,23415.50,23420.75,23382.25,23384.25,29273,1717,23384.25,23401.00,23366.25,23395.50,19769,1947,23377.50,23424.50,23298.25,23384.25,337828,22192
2025-07-25,NQU5,42101,23391.50,23476.00,23330.75,23447.75,389934,23391.50,23420.50,23385.00,23402.75,3166,839,23391.50,23441.75,23346.75,23360.25,68348,18166,23393.75,23394.00,23348.75,23366.50,24522,6749,23377.00,23386.50,23346.75,23360.25,15395,2308,23360.25,23416.00,23330.75,23402.25,86892,3588,23360.25,23429.25,23330.75,23421.75,154336,8751,23421.50,23476.00,23416.00,23441.50,73709,6587,23441.00,23459.75,23424.00,23444.75,30649,3175,23444.50,23455.50,23408.25,23422.25,40133,3275,23440.00,23450.75,23408.25,23422.25,28044,1694,23422.00,23447.25,23407.00,23447.25,22703,2133,23360.25,23476.00,23330.75,23422.25,298827,21788
2025-07-28,NQU5,43335,23520.00,23585.25,23436.75,23509.25,419312,23520.00,23558.25,23504.00,23516.25,7494,1569,23520.00,23585.25,23466.25,23471.50,79196,19975,23561.00,23567.50,23484.75,23502.00,26356,7093,23509.50,23521.00,23466.25,23471.50,17277,2608,23471.25,23529.00,23464.75,23502.50,93453,3579,23471.25,23529.00,23436.75,23496.25,170167,8707,23496.25,23509.25,23455.00,23461.75,70833,6421,23461.50,23471.00,23440.00,23464.00,36003,3214,23463.50,23496.25,23450.00,23489.00,40529,3167,23460.00,23496.25,23455.25,23489.00,25991,1660,23489.25,23512.75,23486.75,23509.75,22499,1835,23471.25,23529.00,23436.75,23489.00,317532,21509
2025-07-29,NQU5,41928,23504.25,23652.50,23421.25,23452.00,530800,23504.25,23531.00,23503.00,23527.25,3478,946,23504.25,23613.50,23503.00,23599.75,67710,17560,23544.50,23609.00,23543.25,23599.50,29019,6993,23594.75,23602.00,23572.50,23599.75,12649,2271,23600.25,23652.50,23538.75,23557.00,110925,3594,23600.25,23652.50,23438.25,23507.00,244367,8966,23507.25,23525.75,23448.50,23492.50,101708,6897,23492.25,23507.50,23467.75,23480.75,36527,3273,23480.50,23486.00,23421.25,23442.75,59034,3429,23458.75,23464.50,23421.25,23442.75,41702,1774,23443.25,23462.50,23441.00,23451.00,21422,1791,23600.25,23652.50,23421.25,23442.75,441636,22565
2025-07-30,NQU5,42830,23452.00,23689.00,23356.50,23661.75,527586,23452.00,23474.75,23449.25,23470.25,3217,910,23452.00,23522.00,23449.25,23488.00,67550,17666,23500.00,23522.00,23462.25,23508.00,24678,6436,23484.50,23506.00,23470.50,23488.00,14594,2496,23488.50,23526.25,23450.75,23502.25,82825,3574,23488.50,23541.25,23450.75,23528.25,150846,8774,23528.50,23551.00,23516.75,23540.75,52708,6155,23540.75,23589.50,23422.75,23426.00,85296,3499,23424.75,23490.25,23356.50,23477.00,115212,3591,23383.00,23490.25,23379.00,23477.00,45550,1793,23476.75,23689.00,23469.25,23657.25,55871,3120,23488.50,23589.50,23356.50,23477.00,404062,22019
2025-07-31,NQU5,50477,23705.00,23845.00,23290.50,23329.50,728764,23705.00,23744.25,23686.00,23728.75,8600,1803,23705.00,23845.00,23686.00,23749.50,107967,24422,23798.25,23845.00,23752.75,23763.75,37267,8433,23789.25,23812.00,23746.50,23749.50,21057,2906,23749.00,23752.00,23609.25,23640.50,130617,3597,23749.00,23752.00,23483.25,23581.25,259197,8955,23581.25,23617.00,23365.00,23377.25,132739,6991,23377.00,23465.75,23305.50,23415.25,87082,3585,23415.00,23443.00,23311.00,23357.00,91382,3565,23377.75,23415.00,23311.00,23357.00,58874,1787,23356.75,23458.75,23290.50,23326.75,50316,2937,23749.00,23752.00,23305.50,23357.00,570400,23096
2025-08-01,NQU5,55788,23308.50,23347.50,22775.00,22870.00,792154,23308.50,23347.50,23241.75,23287.75,11797,2018,23308.50,23347.50,23031.50,23078.50,194921,30474,23266.00,23278.50,23031.50,23127.00,82141,12776,23124.75,23167.50,23045.75,23078.50,51320,3433,23078.75,23095.75,22800.00,22977.00,173239,3600,23078.75,23095.75,22800.00,23003.75,305662,8981,23003.25,23045.50,22827.25,22841.50,124425,7118,22841.50,22942.75,22775.00,22881.25,67695,3563,22882.00,22944.50,22836.25,22879.75,72777,3530,22877.50,22944.50,22836.25,22879.75,48083,1770,22879.50,22894.25,22867.50,22869.75,26573,2101,23078.75,23095.75,22775.00,22879.75,570559,23192
2025-08-04,NQU5,50207,22850.00,23352.50,22821.75,23350.75,463834,22850.00,22915.75,22821.75,22909.25,11057,2060,22850.00,23093.00,22821.75,23092.75,111118,26100,22992.75,23078.00,22978.25,23046.00,38106,9005,23070.50,23093.00,23060.50,23092.75,15472,2508,23092.75,23264.25,23088.75,23250.75,103487,3586,23092.75,23264.25,23088.75,23255.25,180759,8822,23254.75,23285.25,23241.25,23268.00,63035,6405,23267.75,23283.75,23255.75,23260.75,26602,3116,23260.75,23307.25,23253.25,23298.00,50210,3406,23266.75,23307.25,23253.25,23298.00,30845,1743,23297.75,23352.50,23285.00,23352.00,32011,2337,23092.75,23307.25,23088.75,23298.00,320606,21749
2025-08-05,NQU5,45758,23354.00,23404.25,23084.50,23092.00,536166,23354.00,23360.00,23316.25,23327.50,3875,1154,23354.00,23404.25,23312.50,23350.25,88820,20556,23388.00,23397.25,23312.50,23382.50,33863,7696,23362.25,23381.00,23339.25,23350.25,15911,2551,23350.25,23397.25,23261.75,23275.00,104523,3591,23350.25,23397.25,23113.50,23154.25,231812,8970,23153.75,23252.00,23137.00,23247.50,85888,6729,23247.75,23249.00,23115.00,23146.25,50975,3481,23146.00,23178.75,23121.25,23133.25,51327,3445,23169.00,23178.75,23121.25,23133.25,30861,1746,23132.75,23166.75,23084.50,23086.75,27227,2558,23350.25,23397.25,23113.50,23133.25,420002,22625
2025-08-06,NQU5,48596,23091.75,23445.25,23045.50,23413.25,516358,23091.75,23112.75,23045.50,23086.25,7472,1698,23091.75,23227.00,23045.50,23168.25,98417,24081,23189.00,23227.00,23107.25,23175.25,39430,9050,23152.00,23193.75,23146.75,23168.25,11230,2244,23167.75,23285.00,23148.50,23195.75,122487,3597,23167.75,23375.50,23148.50,23368.00,240145,8961,23368.25,23396.50,23345.75,23375.25,71781,6621,23374.75,23435.25,23370.50,23416.25,37317,3367,23416.50,23445.25,23407.25,23424.00,44900,3417,23430.75,23445.25,23407.25,23424.00,29696,1739,23424.00,23426.75,23398.00,23410.25,23728,2132,23167.75,23445.25,23148.50,23424.00,394143,22366
2025-08-07,NQU5,49976,23418.50,23671.00,23329.00,23521.75,557015,23418.50,23481.00,23384.50,23459.50,10986,2045,23418.50,23639.00,23384.50,23600.00,109255,24987,23470.25,23639.00,23467.25,23582.50,47344,10100,23596.00,23618.50,23582.50,23600.00,13433,2393,23599.75,23671.00,23542.50,23570.50,121065,3599,23599.75,23671.00,23477.00,23503.50,217398,8949,23503.25,23513.75,23381.00,23420.75,108049,6980,23420.25,23430.50,23329.00,23409.75,48872,3470,23410.00,23484.00,23379.75,23483.75,48289,3424,23396.50,23484.00,23394.25,23483.75,31073,1761,23483.50,23534.00,23483.50,23518.00,24999,2144,23599.75,23671.00,23329.00,23483.75,422608,22823
2025-08-08,NQU5,43197,23518.25,23767.75,23503.00,23765.50,447592,23518.25,23568.00,23516.00,23554.75,6393,1521,23518.25,23583.00,23503.00,23540.50,71856,18861,23535.50,23582.00,23525.00,23574.50,19911,5648,23529.00,23547.50,23518.25,23540.50,13136,2277,23541.00,23683.50,23530.00,23675.50,98627,3593,23541.00,23703.00,23530.00,23677.00,191640,8927,23677.00,23707.50,23655.25,23698.50,77695,6722,23699.00,23724.00,23689.75,23714.50,32406,3235,23714.25,23721.00,23677.75,23710.75,49317,3306,23709.50,23719.50,23677.75,23710.75,34987,1753,23710.50,23767.75,23707.00,23767.00,24576,2123,23541.00,23724.00,23530.00,23710.75,351058,22190
2025-08-11,NQU5,44028,23764.00,23804.50,23587.50,23629.50,439363,23764.00,23770.75,23725.00,23732.50,5679,1354,23764.00,23773.00,23667.75,23711.00,78358,20070,23759.25,23764.50,23667.75,23736.50,27414,7107,23732.25,23735.50,23700.75,23711.00,13145,2242,23710.50,23767.50,23680.75,23754.50,81267,3587,23710.50,23767.50,23680.75,23761.50,153221,8790,23762.00,23804.50,23688.50,23691.25,86029,6703,23691.50,23701.25,23650.75,23688.50,45789,3329,23688.50,23690.25,23587.50,23628.25,54501,3365,23659.75,23668.50,23587.50,23628.25,38399,1743,23628.50,23648.75,23616.00,23627.00,21405,1751,23710.50,23804.50,23587.50,23628.25,339540,22187
2025-08-12,NQU5,42521,23635.00,23953.50,23596.00,23949.50,480628,23635.00,23650.00,23614.50,23639.00,4251,1161,23635.00,23822.25,23596.00,23733.25,98986,18736,23649.25,23675.50,23608.50,23641.00,18421,5660,23664.50,23822.25,23661.00,23733.25,46852,3380,23733.50,23808.25,23622.00,23744.75,127047,3598,23733.50,23871.00,23622.00,23868.25,222377,8927,23868.25,23916.00,23846.25,23913.75,65794,6562,23913.75,23932.75,23905.50,23908.50,27116,3092,23908.50,23950.00,23902.25,23937.75,47947,3402,23923.75,23950.00,23910.75,23937.75,34444,1772,23937.50,23953.50,23924.25,23949.50,18369,1786,23733.50,23950.00,23622.00,23937.75,363234,21983
2025-08-13,NQU5,41931,23945.00,24068.50,23886.00,23927.75,448246,23945.00,23945.00,23925.50,23930.00,2632,918,23945.00,24045.25,23921.75,24043.75,65583,17864,23957.00,24016.50,23957.00,23994.00,22888,6491,24006.50,24045.25,24003.25,24043.75,13326,2441,24043.50,24068.50,23947.00,23951.50,100032,3591,24043.50,24068.50,23892.25,23923.75,203032,8922,23924.00,23947.75,23886.00,23942.00,78845,6767,23941.75,23954.25,23887.25,23937.00,39325,3279,23937.00,23958.50,23911.50,23950.50,43316,3336,23937.75,23958.50,23911.50,23950.50,28173,1726,23950.25,23960.00,23922.00,23926.50,18047,1747,24043.50,24068.50,23886.00,23950.50,364518,22304
2025-08-14,NQU5,41436,23927.75,24007.75,23793.25,23891.50,486535,23927.75,23951.50,23911.75,23948.25,3198,979,23927.75,23966.75,23793.25,23857.00,79977,16577,23915.75,23957.00,23911.75,23956.25,14218,4818,23953.00,23966.75,23793.25,23857.00,40604,3288,23857.75,23960.25,23841.25,23954.75,94540,3587,23857.75,24007.75,23841.25,23937.50,196749,8927,23938.00,23980.00,23864.75,23958.75,87523,6791,23958.75,23967.50,23893.50,23919.25,42387,3433,23919.00,23958.50,23917.00,23944.75,45301,3401,23928.00,23958.50,23920.50,23944.75,26912,1733,23944.25,23945.25,23870.00,23890.50,34489,2280,23857.75,24007.75,23841.25,23944.75,371960,22552
2025-08-15,NQU5,40823,23888.75,23963.00,23734.50,23796.75,434317,23888.75,23899.25,23871.00,23894.75,3095,888,23888.75,23963.00,23871.00,23920.50,67429,16974,23950.50,23963.00,23872.00,23919.75,23373,6125,23900.75,23924.25,23885.00,23920.50,17071,2358,23920.25,23921.75,23770.25,23863.75,103312,3594,23920.25,23921.75,23734.50,23788.00,193888,8919,23787.75,23843.25,23763.75,23842.75,76224,6689,23842.75,23847.50,23790.00,23809.75,34168,3137,23809.25,23830.50,23775.75,23796.75,44894,3289,23809.00,23830.50,23792.25,23796.75,25027,1670,23797.00,23811.25,23777.75,23797.00,17661,1796,23920.25,23921.75,23734.50,23796.75,349174,22034
2025-08-18,NQU5,42584,23795.00,23881.75,23719.00,23788.00,396238,23795.00,23853.50,23795.00,23848.00,4022,1180,23795.00,23881.75,23739.50,23766.00,71228,19334,23803.75,23816.25,23739.50,23773.25,28159,7768,23768.50,23788.50,23753.25,23766.00,12155,2226,23766.00,23824.25,23735.00,23785.75,91036,3594,23766.00,23824.25,23719.00,23746.25,168268,8795,23746.50,23800.00,23722.50,23761.25,74035,6585,23762.00,23802.00,23748.25,23793.25,29925,3110,23793.25,23816.25,23784.50,23798.75,37960,3189,23790.50,23816.25,23786.00,23798.75,21304,1606,23799.00,23806.25,23783.75,23790.75,14722,1556,23766.00,23824.25,23719.00,23798.75,310188,21679
2025-08-19,NQU5,43296,23800.75,23838.00,23426.00,23473.50,547883,23800.75,23838.00,23792.25,23822.00,3991,1069,23800.75,23838.00,23730.75,23760.25,69144,18558,23763.25,23804.75,23745.50,23774.50,22932,6220,23776.00,23783.00,23735.50,23760.25,13171,2342,23761.00,23770.50,23623.00,23625.25,126909,3591,23761.00,23770.50,23514.50,23557.75,243933,8938,23557.75,23577.75,23445.00,23510.75,110270,7040,23510.75,23512.00,23444.25,23465.50,45238,3444,23465.00,23474.25,23426.00,23457.75,56286,3481,23459.75,23474.25,23436.00,23457.75,33065,1749,23458.00,23487.50,23458.00,23471.50,22986,1827,23761.00,23770.50,23426.00,23457.75,455727,22903
2025-08-20,NQU5,49761,23461.00,23485.50,23035.00,23319.00,704395,23461.00,23485.50,23450.00,23458.50,4591,1232,23461.00,23485.50,23334.25,23427.50,110202,24951,23389.25,23452.00,23371.25,23411.75,39619,8299,23409.75,23436.25,23396.50,23427.50,15511,2451,23427.25,23432.00,23063.50,23094.50,177674,3600,23427.25,23432.00,23035.00,23171.75,335486,8991,23171.75,23315.50,23166.25,23256.75,117436,7045,23257.25,23281.00,23191.00,23242.50,57783,3484,23242.50,23368.75,23239.75,23320.50,64153,3508,23325.50,23368.75,23314.00,23320.50,33955,1757,23320.50,23331.00,23307.00,23318.50,19293,1771,23427.25,23432.00,23035.00,23320.50,574858,23028
2025-08-21,NQU5,47183,23323.00,23369.25,23119.00,23221.75,520650,23323.00,23342.50,23313.25,23321.00,4905,1330,23323.00,23369.25,23208.25,23259.75,95086,22750,23355.50,23359.50,23264.50,23280.50,30503,7730,23238.25,23269.25,23208.25,23259.75,18838,2918,23259.50,23345.50,23156.00,23345.00,115010,3592,23259.50,23348.25,23156.00,23202.00,219391,8928,23202.25,23224.25,23119.00,23214.00,106980,6988,23213.25,23235.00,23179.50,23227.00,39489,3360,23226.75,23255.25,23203.50,23206.50,42272,3446,23238.25,23238.75,23203.50,23206.50,26192,1755,23206.75,23227.75,23200.00,23221.00,17364,1694,23259.50,23348.25,23119.00,23206.50,408132,22722
2025-08-22,NQU5,43207,23225.25,23650.00,23076.75,23582.75,480041,23225.25,23250.25,23223.25,23246.25,3385,1115,23225.25,23280.75,23076.75,23258.75,68563,18934,23140.00,23280.75,23134.25,23254.50,23563,6733,23271.75,23272.25,23235.50,23258.75,10690,2129,23259.75,23633.00,23205.50,23560.00,134999,3593,23259.75,23650.00,23205.50,23571.75,223836,8917,23571.75,23625.00,23507.25,23606.50,89438,6871,23606.00,23616.75,23582.25,23589.50,28803,3197,23589.75,23593.75,23531.25,23570.50,49443,3398,23576.75,23582.75,23531.25,23570.50,34272,1762,23570.00,23587.50,23549.25,23581.00,19892,1873,23259.75,23650.00,23205.50,23570.50,391520,22383
2025-08-25,NQU5,43062,23602.00,23616.25,23443.25,23502.25,396107,23602.00,23607.50,23545.00,23567.50,5677,1409,23602.00,23607.50,23462.00,23495.50,80279,19820,23520.00,23537.75,23462.00,23497.00,28342,6588,23471.00,23499.25,23462.75,23495.50,11230,2126,23495.00,23561.00,23443.25,23540.25,97789,3592,23495.00,23616.25,23443.25,23605.25,170572,8830,23604.75,23613.75,23557.25,23577.00,53867,6264,23576.50,23583.75,23549.25,23555.50,26641,3044,23555.50,23573.50,23503.75,23510.25,44447,3314,23550.50,23557.50,23503.75,23510.25,27537,1695,23510.50,23518.50,23485.75,23502.50,20250,1779,23495.00,23616.25,23443.25,23510.25,295527,21452
2025-08-26,NQU5,45484,23505.75,23611.00,23371.50,23607.50,437212,23505.75,23520.25,23499.00,23510.75,2525,800,23505.75,23520.25,23371.50,23468.50,92845,22055,23450.50,23505.50,23415.25,23471.00,27440,7480,23464.50,23480.50,23460.75,23468.50,9980,2191,23468.00,23548.00,23427.00,23541.25,107159,3581,23468.00,23553.75,23427.00,23516.25,174882,8749,23517.00,23556.75,23479.00,23504.75,63636,6393,23505.00,23556.00,23498.75,23553.00,30615,3140,23553.25,23600.00,23534.50,23592.50,55840,3309,23566.25,23600.00,23534.50,23592.50,36759,1757,23592.50,23611.00,23583.25,23606.75,19253,1818,23468.00,23600.00,23427.00,23592.50,324973,21591
2025-08-27,NQU5,41136,23604.00,23689.00,23434.75,23542.00,428803,23604.00,23622.75,23601.25,23616.75,2630,773,23604.00,23629.00,23538.00,23539.75,64222,16484,23603.75,23615.00,23567.50,23609.00,18283,5842,23593.75,23598.00,23538.00,23539.75,21729,2816,23539.25,23606.50,23487.50,23599.00,96393,3588,23539.25,23630.75,23487.50,23626.50,160364,8651,23626.50,23627.25,23542.00,23621.75,73099,6369,23622.25,23657.50,23613.25,23626.00,30159,3113,23625.75,23646.75,23553.50,23637.50,52968,3433,23596.75,23646.75,23596.75,23637.50,23655,1715,23637.75,23689.00,23434.75,23540.00,47834,3058,23539.25,23657.50,23487.50,23637.50,316590,21566
2025-08-28,NQU5,44902,23542.25,23803.75,23487.50,23762.00,479461,23542.25,23550.25,23498.00,23516.50,6150,1504,23542.25,23662.00,23487.50,23639.25,93154,21554,23606.25,23662.00,23582.75,23615.75,29444,7653,23598.75,23657.75,23597.75,23639.25,22004,2697,23639.75,23742.25,23572.50,23630.00,135974,3589,23639.75,23752.75,23572.50,23692.75,230908,8881,23693.00,23773.25,23682.50,23766.00,68381,6514,23766.25,23792.50,23761.50,23788.75,24844,2978,23789.00,23803.75,23770.50,23774.75,41394,3233,23778.00,23803.75,23770.50,23774.75,27310,1663,23774.00,23775.00,23744.50,23761.00,20745,1727,23639.75,23803.75,23572.50,23774.75,365527,21606
2025-08-29,NQU5,44005,23760.50,23762.00,23397.50,23454.50,527958,23760.50,23762.00,23735.00,23739.00,3019,967,23760.50,23762.00,23612.50,23652.00,78907,19557,23714.50,23737.00,23612.50,23640.75,34252,8356,23632.00,23681.50,23626.00,23652.00,18106,2566,23651.50,23668.00,23428.00,23476.75,149239,3599,23651.50,23668.00,23415.25,23430.50,246881,8933,23430.75,23492.00,23397.50,23455.00,85096,6810,23455.75,23467.25,23433.50,23457.00,30367,3238,23457.25,23495.25,23426.00,23442.00,58073,3442,23458.75,23495.25,23426.00,23442.00,41535,1770,23441.75,23488.50,23441.00,23460.25,28566,2004,23651.50,23668.00,23397.50,23442.00,420417,22423
2025-09-01,NQU5,23592,23479.00,23552.50,23370.50,23502.25,87680,23479.00,23537.00,23464.00,23536.00,5357,1342,23479.00,23552.50,23370.50,23475.00,64610,18371,23451.25,23502.50,23442.25,23465.75,16972,5129,23473.25,23485.75,23465.25,23475.00,3160,1073,23474.75,23494.75,23441.75,23484.25,9723,1898,23474.75,23506.75,23441.75,23496.00,18199,3896,23495.50,23506.50,23481.75,23502.25,4871,1325,,,,,0,0,,,,,0,0,,,,,0,0,,,,,0,0,23474.75,23506.75,23441.75,23502.25,23070,5221
2025-09-02,NQU5,51929,23502.25,23509.50,23025.25,23379.50,649736,23502.25,23509.50,23461.75,23463.25,3119,964,23502.25,23509.50,23060.25,23097.75,142657,26164,23445.25,23452.00,23218.75,23223.75,53866,10952,23167.25,23172.50,23060.25,23097.75,39188,3243,23098.00,23280.00,23025.25,23254.50,141621,3600,23098.00,23280.00,23025.25,23045.00,256381,8973,23044.75,23225.50,23037.75,23195.75,103641,7003,23195.25,23232.75,23157.50,23189.50,43894,3431,23189.50,23290.25,23186.75,23262.00,56350,3476,23234.50,23290.25,23229.75,23262.00,34764,1773,23261.75,23386.00,23261.50,23379.00,46727,2864,23098.00,23290.25,23025.25,23262.00,460266,22883
2025-09-03,NQU5,47944,23382.00,23525.25,23298.25,23455.75,557397,23382.00,23387.75,23335.25,23340.75,6543,1609,23382.00,23458.50,23298.25,23423.75,99111,23235,23347.25,23458.50,23320.50,23412.75,37156,8884,23437.75,23457.00,23399.75,23423.75,16859,2650,23423.00,23472.25,23370.00,23442.75,117272,3595,23423.00,23525.25,23370.00,23413.75,222957,8947,23415.50,23464.00,23346.75,23364.50,107745,6884,23365.00,23369.75,23318.25,23337.25,48404,3440,23337.75,23446.00,23330.00,23440.75,54713,3396,23354.00,23446.00,23352.25,23440.75,38952,1768,23440.50,23471.75,23438.75,23456.00,24369,2021,23423.00,23525.25,23318.25,23440.75,433819,22667
2025-09-04,NQU5,44755,23456.75,23708.75,23410.00,23684.00,475080,23456.75,23458.25,23434.25,23435.75,3079,959,23456.75,23535.00,23431.25,23484.75,82107,20520,23456.75,23535.00,23451.00,23497.75,26143,6668,23490.75,23507.00,23460.25,23484.75,15723,2537,23485.00,23548.25,23410.00,23479.25,115283,3599,23485.00,23556.00,23410.00,23540.50,210140,8898,23540.50,23608.25,23512.50,23583.50,77261,6596,23583.50,23625.00,23582.25,23617.75,29796,3163,23617.75,23680.25,23616.50,23674.75,46808,3357,23629.50,23680.25,23621.75,23674.75,29752,1704,23674.25,23708.75,23658.50,23684.75,28847,2200,23485.00,23680.25,23410.00,23674.75,364005,22014
2025-09-05,NQU5,44159,23700.00,23902.00,23505.00,23673.25,662754,23700.00,23713.75,23691.75,23708.00,4097,1103,23700.00,23897.75,23691.75,23874.00,105473,19521,23773.25,23800.00,23743.50,23774.25,24299,6636,23777.25,23897.75,23725.50,23874.00,48719,3443,23874.00,23902.00,23628.50,23649.75,165050,3599,23874.00,23902.00,23505.00,23624.00,339401,8989,23624.00,23663.75,23585.75,23611.25,99647,7015,23612.25,23664.00,23603.25,23654.50,35220,3394,23654.75,23692.25,23641.25,23673.00,63076,3486,23682.75,23685.75,23643.75,23673.00,37904,1775,23673.50,23696.25,23666.75,23674.50,19877,1737,23874.00,23902.00,23505.00,23673.00,537344,22884
2025-09-08,NQU5,43888,23673.50,23888.00,23650.25,23798.50,450764,23673.50,23748.00,23650.25,23739.50,8080,1759,23673.50,23795.00,23650.25,23783.25,73744,19998,23748.75,23790.00,23741.50,23768.75,18041,5809,23753.50,23795.00,23752.75,23783.25,13406,2285,23783.50,23876.25,23771.75,23863.50,111792,3596,23783.50,23888.00,23771.75,23873.00,191904,8859,23872.50,23873.75,23762.75,23779.50,84659,6782,23779.25,23819.75,23772.25,23791.50,32252,3268,23792.00,23812.50,23760.00,23794.50,50209,3393,23769.50,23812.50,23769.00,23794.50,29880,1761,23795.00,23810.25,23791.75,23797.50,17967,1572,23783.50,23888.00,23760.00,23794.50,359024,22302
2025-09-09,NQU5,43051,23799.00,23921.25,23726.00,23889.75,466233,23799.00,23829.00,23798.00,23825.75,3439,951,23799.00,23885.25,23790.75,23836.75,72236,18134,23850.00,23885.25,23811.75,23851.00,24428,6566,23851.50,23852.25,23800.00,23836.75,17036,2441,23836.75,23857.75,23781.25,23811.25,102789,3593,23836.75,23857.75,23726.00,23789.50,209655,8909,23789.00,23855.50,23781.50,23840.75,75870,6646,23840.50,23849.00,23823.50,23844.25,31077,3236,23844.50,23890.00,23834.75,23882.00,44012,3333,23859.75,23890.00,23834.75,23882.00,29486,1728,23882.25,23921.25,23847.75,23890.50,33333,2775,23836.75,23890.00,23726.00,23882.00,360614,22124
2025-09-10,NQU5,43826,23898.50,24044.25,23785.00,23858.00,510078,23898.50,23911.50,23890.00,23897.25,4662,1197,23898.50,24044.25,23874.00,23996.50,90123,19335,23938.75,23957.50,23882.25,23948.50,26964,6897,23942.50,24044.25,23926.50,23996.50,30154,3062,23996.75,24001.50,23900.25,23965.00,121536,3595,23996.75,24001.50,23900.25,23954.00,208276,8909,23954.25,23955.75,23872.50,23896.00,83404,6854,23896.00,23899.75,23835.75,23864.00,43111,3474,23863.50,23893.00,23785.00,23886.50,66206,3556,23812.25,23893.00,23807.75,23886.50,35433,1784,23886.25,23889.75,23857.25,23860.75,18911,1679,23996.75,24001.50,23785.00,23886.50,400997,22793
2025-09-11,NQU5,41816,23853.75,24046.00,23838.00,24006.75,429449,23853.75,23908.75,23852.75,23898.50,4022,1055,23853.75,23976.75,23838.00,23974.75,80639,18150,23917.75,23956.00,23906.50,23946.50,16791,5360,23946.25,23976.75,23838.00,23974.75,33545,3185,23975.25,24004.00,23909.75,23963.00,111278,3598,23975.25,24046.00,23909.75,24025.75,202475,8889,24026.00,24043.50,23994.00,24032.00,64853,6639,24031.75,24044.50,24014.25,24034.50,25868,3135,24034.50,24044.00,24021.25,24034.50,34463,3255,24034.00,24044.00,24024.00,24034.50,21648,1661,24034.25,24036.00,24003.75,24008.00,21098,1729,23975.25,24046.00,23909.75,24034.50,327659,21918
2025-09-12,NQU5,41072,24028.25,24159.00,23969.00,24115.25,382625,24028.25,24029.25,24001.00,24013.50,4452,1191,24028.25,24051.50,23969.00,24041.25,61904,17731,24024.00,24048.75,23969.00,24047.25,22392,6660,24036.50,24051.50,24015.00,24041.25,12078,2284,24041.50,24076.25,24001.50,24070.00,86873,3593,24041.50,24115.50,24001.50,24091.25,154437,8811,24092.00,24128.25,24071.75,24126.25,57873,6384,24126.00,24159.00,24113.00,24156.75,33414,3124,24156.75,24157.75,24087.50,24118.50,55849,3393,24124.75,24134.00,24087.50,24118.50,39846,1792,24118.00,24119.25,24097.00,24113.25,19092,1609,24041.50,24159.00,24001.50,24118.50,301573,21712
2025-09-15,NQU5,36245,24115.25,24556.75,24076.00,24538.00,236093,24115.25,24129.50,24099.75,24125.50,2801,947,24115.25,24423.00,24076.00,24418.75,45871,14630,24148.50,24389.00,24076.00,24385.75,18225,5756,24399.50,24423.00,24380.50,24418.75,7890,1917,24418.75,24504.25,24227.75,24255.75,51698,3541,24418.75,24504.25,24227.75,24282.50,93444,8419,24281.75,24530.25,24261.00,24529.50,34124,5727,24529.50,24532.50,24487.25,24512.25,18207,2956,24512.00,24549.50,24503.50,24544.75,28847,2992,24516.25,24549.50,24506.75,24544.75,21032,1598,24544.50,24556.75,24527.25,24540.50,15490,1504,24418.75,24549.50,24227.75,24544.75,174622,20094
2025-09-16,NQZ5,38176,24533.75,24647.25,24499.25,24530.25,320651,24533.75,24537.50,24524.00,24530.00,2227,747,24533.75,24647.25,24524.00,24590.50,52035,15512,24587.50,24647.25,24581.50,24607.25,21598,6389,24589.00,24609.75,24584.50,24590.50,10244,2226,24590.75,24600.50,24520.75,24544.50,81463,3582,24590.75,24600.50,24502.25,24506.25,141430,8731,24506.50,24545.75,24499.25,24532.50,50033,6206,24532.75,24549.00,24522.25,24546.25,20195,2922,24546.50,24563.00,24526.75,24530.75,39893,3283,24539.00,24563.00,24526.75,24530.75,25254,1734,24531.00,24543.25,24517.00,24531.00,17011,1507,24590.75,24600.50,24499.25,24530.75,251551,21142
2025-09-17,NQZ5,40272,24526.75,24553.00,24242.00,24502.00,549031,24526.75,24551.75,24525.00,24546.50,2452,756,24526.75,24553.00,24456.25,24525.75,57936,15843,24533.00,24553.00,24456.25,24502.50,28684,6955,24516.50,24531.75,24508.00,24525.75,9582,2000,24525.50,24540.75,24436.00,24439.75,88099,3577,24525.50,24540.75,24398.00,24412.75,155502,8755,24412.75,24449.00,24374.75,24444.25,59729,6350,24442.50,24524.00,24242.00,24375.25,145522,3599,24376.25,24550.75,24372.25,24454.00,108093,3600,24541.75,24547.25,24450.50,24454.00,47881,1800,24453.75,24523.75,24447.75,24501.50,22218,2113,24525.50,24550.75,24242.00,24454.00,468846,22304
2025-09-18,NQZ5,49218,24498.50,24816.00,24495.25,24713.75,518528,24498.50,24574.25,24495.25,24568.00,5546,1430,24498.50,24762.75,24495.25,24673.75,110020,24565,24623.25,24755.75,24619.50,24736.75,40836,9410,24753.50,24761.00,24650.50,24673.75,25328,3079,24675.00,24788.00,24598.75,24784.50,121316,3600,24675.00,24816.00,24598.75,24742.00,220698,8941,24742.25,24796.75,24720.75,24737.00,74729,6801,24736.75,24769.00,24727.75,24760.00,37054,3419,24760.00,24760.50,24696.75,24722.00,52314,3489,24722.00,24732.00,24696.75,24722.00,34263,1769,24722.00,24722.75,24685.00,24714.75,23603,1987,24675.00,24816.00,24598.75,24722.00,384795,22650
2025-09-19,NQZ5,45723,24717.75,24888.00,24655.00,24861.00,480380,24717.75,24743.00,24711.50,24738.00,4162,1157,24717.75,24784.25,24655.00,24781.00,82073,20909,24674.75,24735.50,24655.00,24735.00,22125,6826,24753.75,24784.25,24734.00,24781.00,20617,2581,24780.75,24817.50,24737.50,24782.25,105602,3595,24780.75,24817.50,24708.00,24771.75,196684,8939,24772.25,24835.50,24769.25,24813.00,85963,6799,24813.25,24833.00,24804.00,24823.25,26900,3186,24823.00,24888.00,24821.50,24876.00,59751,3449,24850.50,24888.00,24834.75,24876.00,38831,1763,24875.50,24880.25,24852.75,24859.25,28949,2422,24780.75,24888.00,24708.00,24876.00,369298,22373
2025-09-22,NQZ5,46149,24850.00,25027.25,24748.75,24996.25,467903,24850.00,24867.00,24826.75,24851.75,5858,1570,24850.00,24876.00,24748.75,24819.50,81034,21589,24816.25,24831.00,24748.75,24787.75,32763,8488,24772.00,24822.25,24765.75,24819.50,12707,2333,24819.00,24900.50,24814.25,24900.00,89027,3588,24819.00,24937.75,24814.25,24911.75,164008,8832,24912.00,25000.50,24910.00,24987.25,104971,6933,24987.75,25019.25,24986.50,25012.25,36826,3332,25012.50,25027.25,24989.75,25010.00,53120,3383,25015.00,25019.50,24989.75,25010.00,36395,1737,25010.25,25010.75,24980.50,24997.00,27852,2068,24819.00,25027.25,24814.25,25010.00,358925,22480
2025-09-23,NQZ5,42954,24995.00,25026.00,24780.50,24833.75,551327,24995.00,25002.25,24974.00,24986.75,3833,1063,24995.00,25026.00,24973.00,24999.25,63207,18066,25011.75,25026.00,24973.00,25000.00,24581,6923,24994.25,25010.75,24983.75,24999.25,9386,1944,24999.25,25009.75,24929.50,24958.25,103438,3597,24999.25,25009.75,24929.50,24945.25,189420,8878,24945.00,24954.50,24780.50,24838.25,155194,7018,24838.50,24846.25,24784.00,24788.00,58875,3538,24787.75,24843.00,24787.50,24820.00,63458,3537,24801.50,24843.00,24800.75,24820.00,37902,1772,24820.50,24856.25,24820.00,24836.00,21110,1901,24999.25,25009.75,24780.50,24820.00,466947,22971
2025-09-24,NQZ5,42957,24839.50,24913.50,24627.00,24747.50,521655,24839.50,24863.00,24836.00,24854.75,3066,1003,24839.50,24913.50,24810.50,24882.50,70601,18599,24881.00,24913.50,24846.50,24891.25,26731,7090,24880.75,24888.50,24869.50,24882.50,13807,2055,24883.00,24899.25,24784.50,24820.50,107514,3591,24883.00,24899.25,24679.75,24682.00,214773,8916,24681.50,24759.00,24627.00,24709.75,128012,7007,24709.00,24741.50,24682.75,24738.50,42151,3378,24738.75,24749.25,24700.50,24745.50,47008,3364,24722.50,24749.25,24700.50,24745.50,31349,1719,24745.25,24754.75,24735.25,24746.75,19040,1676,24883.00,24899.25,24627.00,24745.50,431944,22665
2025-09-25,NQZ5,47487,24746.00,24793.50,24422.50,24635.50,687130,24746.00,24753.00,24740.00,24749.75,2497,766,24746.00,24793.50,24540.50,24580.00,115563,22438,24728.00,24764.00,24586.75,24594.50,45067,9503,24611.50,24615.00,24540.50,24580.00,35433,3331,24579.50,24641.75,24422.50,24621.75,173404,3599,24579.50,24696.75,24422.50,24669.50,301413,8987,24669.50,24691.75,24511.75,24513.50,108822,7047,24513.50,24640.25,24453.50,24631.50,84694,3573,24631.75,24646.25,24592.00,24638.75,55088,3503,24604.00,24646.25,24592.50,24638.75,31075,1764,24638.50,24648.25,24611.00,24637.00,21464,1923,24579.50,24696.75,24422.50,24638.75,550017,23110
2025-09-26,NQZ5,48336,24642.50,24747.50,24520.00,24726.50,542986,24642.50,24665.25,24625.75,24639.00,4487,1207,24642.50,24747.50,24569.25,24654.25,112777,24263,24649.50,24671.50,24569.25,24642.25,36231,8965,24649.75,24747.50,24639.50,24654.25,33934,3237,24654.25,24733.25,24520.00,24552.00,137512,3600,24654.25,24733.25,24520.00,24581.00,259281,8953,24581.25,24717.00,24568.25,24690.50,82135,6779,24690.75,24737.00,24671.75,24724.75,36503,3336,24725.25,24735.75,24700.25,24734.00,34412,3267,24724.75,24735.75,24700.25,24734.00,21426,1674,24733.75,24746.50,24721.25,24728.00,17845,1719,24654.25,24737.00,24520.00,24734.00,412331,22335
2025-09-29,NQZ5,45508,24726.50,24975.50,24721.75,24811.25,501113,24726.50,24769.75,24721.75,24756.00,5329,1392,24726.50,24909.50,24721.75,24850.50,83953,21304,24845.25,24902.25,24823.25,24876.25,29827,7744,24884.75,24909.50,24848.50,24850.50,15363,2400,24850.75,24975.50,24846.50,24955.00,105712,3590,24850.75,24975.50,24830.75,24846.50,208996,8923,24847.50,24867.50,24800.25,24841.50,89317,6801,24841.25,24870.00,24834.25,24842.50,32237,3226,24842.75,24848.25,24780.50,24834.75,65655,3511,24810.75,24848.25,24800.25,24834.75,34525,1756,24835.00,24846.25,24805.25,24813.75,20919,1726,24850.75,24975.50,24780.50,24834.75,396205,22461
2025-09-30,NQZ5,44495,24817.75,24913.75,24722.25,24838.25,503096,24817.75,24837.75,24807.75,24834.75,2762,914,24817.75,24856.75,24754.75,24818.50,72088,19580,24812.00,24820.25,24754.75,24806.50,30801,7925,24816.00,24845.00,24811.75,24818.50,13934,2424,24818.50,24831.00,24722.25,24784.75,98700,3595,24818.50,24862.75,24722.25,24808.75,212233,8955,24809.25,24843.75,24731.75,24764.75,82774,6841,24765.50,24851.75,24762.00,24842.25,41902,3400,24841.25,24913.75,24821.50,24912.25,64920,3479,24858.75,24913.75,24836.00,24912.25,43260,1770,24912.00,24912.25,24834.75,24840.00,29092,2225,24818.50,24913.75,24722.25,24912.25,401829,22675
2025-10-01,NQZ5,48023,24843.00,25036.75,24633.25,25009.25,466539,24843.00,24876.75,24822.00,24834.25,5858,1373,24843.00,24876.75,24633.25,24766.75,101968,24002,24650.00,24803.25,24637.50,24801.75,37992,9364,24780.00,24794.75,24758.75,24766.75,13599,2400,24766.50,24893.00,24726.00,24884.75,107136,3595,24766.50,24938.50,24726.00,24930.75,189061,8875,24931.25,24990.00,24928.75,24979.25,66037,6569,24979.25,25034.75,24972.75,25023.75,42242,3368,25024.50,25036.75,25000.75,25025.75,43813,3342,25021.75,25035.50,25000.75,25025.75,29689,1750,25025.50,25026.25,24992.75,25007.00,23363,1853,24766.50,25036.75,24726.00,25025.75,341153,22154
2025-10-02,NQZ5,43541,25009.25,25180.00,24993.75,25105.00,451665,25009.25,25020.25,25001.75,25012.50,2193,785,25009.25,25180.00,25001.75,25165.25,77875,19790,25064.50,25151.00,25053.75,25148.75,31554,7700,25155.75,25180.00,25149.00,25165.25,14126,2397,25164.75,25169.00,25014.00,25077.75,116506,3593,25164.75,25169.00,24993.75,25076.00,219928,8945,25076.00,25113.00,25034.00,25088.50,71126,6611,25089.00,25120.00,25079.25,25114.25,28513,3165,25114.25,25126.50,25091.00,25111.25,36665,3279,25123.25,25126.50,25091.00,25111.25,24811,1706,25111.00,25125.25,25099.50,25107.75,17503,1736,25164.75,25169.00,24993.75,25111.25,356232,22000
2025-10-03,NQZ5,41371,25101.50,25196.50,24923.25,24982.00,482299,25101.50,25107.75,25073.00,25104.00,3515,1109,25101.50,25196.50,25073.00,25131.75,61453,17096,25184.50,25196.50,25128.25,25135.25,19179,5795,25137.25,25145.50,25103.00,25131.75,13442,2391,25131.50,25168.00,25051.00,25086.25,95830,3594,25131.50,25168.00,25051.00,25142.75,174099,8811,25142.75,25156.00,24923.25,24979.50,124133,6787,24980.00,25044.50,24926.00,25006.50,63616,3535,25007.00,25030.00,24981.00,24990.75,41995,3381,25005.25,25025.75,24981.00,24990.75,23646,1694,24990.75,25006.50,24973.75,24982.75,16933,1743,25131.50,25168.00,24923.25,24990.75,403843,22514
2025-10-06,NQZ5,44399,25000.00,25252.75,24995.00,25184.00,410616,25000.00,25058.50,24995.00,25053.25,5305,1392,25000.00,25241.50,24995.00,25214.25,85945,20983,25100.50,25186.00,25045.50,25185.00,35133,8223,25214.75,25217.75,25179.25,25214.25,15197,2488,25215.00,25221.75,25116.75,25144.25,90556,3588,25215.00,25221.75,25108.50,25210.75,166889,8792,25211.25,25231.75,25182.75,25228.75,61421,6397,25228.75,25252.75,25218.50,25239.75,30705,3205,25239.25,25239.75,25186.25,25195.75,46216,3314,25224.50,25229.50,25186.25,25195.75,33220,1726,25195.75,25195.75,25174.00,25182.50,19313,1691,25215.00,25252.75,25108.50,25195.75,305231,21708
2025-10-07,NQZ5,43818,25184.50,25275.00,24984.75,25054.75,532138,25184.50,25197.00,25135.25,25140.00,4775,1231,25184.50,25275.00,25122.50,25240.50,75493,19706,25162.00,25210.00,25127.75,25210.00,23017,6921,25214.50,25275.00,25209.25,25240.50,20186,2726,25240.25,25264.75,25207.50,25215.75,80889,3567,25240.25,25264.75,24984.75,25029.75,250403,8954,25029.25,25092.00,24998.00,25019.25,110599,6956,25019.25,25052.75,24991.00,25051.50,35727,3288,25051.50,25073.00,25027.00,25028.25,43056,3329,25032.75,25073.00,25027.00,25028.25,28949,1713,25028.00,25069.00,25027.75,25056.75,16791,1569,25240.25,25264.75,24984.75,25028.25,439785,22527
2025-10-08,NQZ5,43712,25059.75,25364.75,25026.25,25354.00,436333,25059.75,25083.25,25054.50,25080.00,3268,1009,25059.75,25111.50,25026.25,25084.25,73004,19460,25053.50,25111.50,25041.00,25087.75,26696,7013,25065.00,25100.00,25046.00,25084.25,12466,2200,25085.00,25231.00,25074.00,25217.75,106051,3594,25085.00,25261.00,25074.00,25254.50,185912,8814,25254.25,25290.75,25233.50,25270.25,62736,6496,25270.00,25297.50,25265.25,25274.25,35271,3314,25274.25,25344.25,25267.00,25338.50,55224,3409,25311.50,25344.25,25302.75,25338.50,33616,1712,25338.00,25364.75,25320.50,25351.75,24097,2199,25085.00,25344.25,25074.00,25338.50,339143,22033
2025-10-09,NQZ5,44245,25351.50,25394.00,25160.75,25287.25,493736,25351.50,25369.50,25340.50,25367.00,3470,1045,25351.50,25394.00,25294.25,25334.00,72072,19852,25337.00,25349.25,25294.25,25315.25,24196,7187,25324.25,25335.25,25314.25,25334.00,10706,2051,25333.75,25337.75,25244.25,25252.75,101497,3586,25333.75,25337.75,25193.50,25269.50,213101,8940,25269.75,25274.00,25160.75,25215.00,106311,6942,25215.50,25244.00,25182.50,25237.00,36319,3280,25237.00,25289.75,25233.25,25284.50,47099,3442,25264.00,25289.75,25262.50,25284.50,27028,1742,25284.50,25299.75,25270.25,25286.75,18795,1774,25333.75,25337.75,25160.75,25284.50,402830,22604
2025-10-10,NQZ5,46249,25287.75,25388.00,24158.50,24188.00,914794,25287.75,25321.50,25286.50,25318.50,3573,1108,25287.75,25355.25,25251.00,25312.50,73813,19977,25304.25,25342.50,25251.00,25322.25,29457,7654,25326.25,25330.25,25288.75,25312.50,13070,2224,25312.75,25388.00,25293.50,25336.00,105908,3593,25312.75,25388.00,24670.75,24817.50,396484,8969,24818.50,24848.00,24604.00,24679.00,209000,7198,24679.00,24718.50,24572.00,24590.25,66487,3565,24590.00,24635.75,24385.00,24396.25,114343,3595,24531.00,24556.75,24385.00,24396.25,77132,1797,24396.75,24448.00,24158.50,24185.25,54298,2915,25312.75,25388.00,24385.00,24396.25,786314,23327
2025-10-13,NQZ5,57059,24542.00,24965.00,24542.00,24904.50,649746,24542.00,24752.00,24542.00,24686.25,22439,2428,24542.00,24945.75,24542.00,24825.00,197686,32622,24849.50,24945.75,24733.00,24801.25,66818,11027,24814.75,24889.25,24780.50,24825.00,30873,2960,24825.25,24913.50,24724.50,24826.50,136570,3600,24825.25,24913.50,24724.50,24893.50,245668,8939,24893.25,24959.00,24869.00,24922.00,94543,6856,24921.50,24965.00,24889.75,24901.75,36266,3332,24901.25,24948.50,24883.00,24925.00,51779,3462,24909.75,24948.25,24905.50,24925.00,30531,1741,24925.00,24927.25,24899.00,24906.75,23742,1827,24825.25,24965.00,24724.50,24925.00,428256,22589
2025-10-14,NQZ5,58627,24913.75,25044.25,24421.00,24756.25,720613,24913.75,24931.50,24897.00,24929.50,2941,1027,24913.75,25044.25,24502.50,24637.25,194719,33437,24680.75,24726.00,24502.50,24650.50,78518,12599,24655.75,24657.00,24555.50,24637.25,25755,3002,24639.00,24722.75,24421.00,24721.25,151248,3598,24639.00,24839.25,24421.00,24803.25,264657,8964,24803.25,24947.50,24762.00,24898.00,117392,7030,24897.75,24926.75,24881.50,24893.50,32818,3368,24894.00,24927.00,24685.75,24766.25,81818,3419,24902.00,24906.00,24685.75,24766.25,68745,1788,24767.00,24789.75,24697.25,24752.50,29148,2390,24639.00,24947.50,24421.00,24766.25,496685,22781
2025-10-15,NQZ5,50526,24754.00,25115.00,24663.25,24941.25,623584,24754.00,24816.25,24750.50,24780.50,5747,1394,24754.00,25025.50,24740.50,25002.50,101428,25314,24901.25,24991.50,24876.50,24962.25,33127,8658,24993.50,25025.50,24984.00,25002.50,16218,2648,25002.00,25113.25,24897.00,25091.75,120663,3594,25002.00,25115.00,24877.25,24934.25,237777,8955,24933.75,24992.25,24663.25,24910.75,159197,7135,24910.50,24959.00,24859.00,24956.00,44655,3434,24956.25,24956.25,24845.00,24921.00,53862,3469,24941.50,24948.75,24845.00,24921.00,35070,1762,24921.75,24964.25,24912.50,24947.00,26558,2199,25002.00,25115.00,24663.25,24921.00,495491,22993
2025-10-16,NQZ5,50024,24937.00,25179.50,24643.50,24794.25,726829,24937.00,24992.25,24936.50,24976.00,5299,1444,24937.00,25099.50,24874.75,25050.50,103780,24302,25024.75,25085.25,24973.25,25067.00,36551,8664,25039.00,25099.50,25020.00,25050.50,18265,2715,25051.00,25125.50,25013.75,25068.75,119157,3600,25051.00,25179.50,24946.00,24967.00,255444,8983,24967.75,24996.50,24732.00,24856.75,190557,7163,24856.75,24871.50,24643.50,24791.00,85298,3587,24790.50,24846.00,24692.50,24817.50,68046,3583,24738.50,24846.00,24708.50,24817.50,36011,1791,24817.75,24854.50,24745.50,24792.00,23642,2392,25051.00,25179.50,24643.50,24817.50,599345,23316
2025-10-17,NQZ5,59362,24793.75,25055.75,24410.00,25033.50,735170,24793.75,24858.50,24742.50,24742.50,7919,1892,24793.75,24858.50,24410.00,24742.25,219127,34371,24584.00,24733.50,24410.00,24721.25,111861,14160,24767.25,24796.50,24718.50,24742.25,26119,3099,24741.75,24960.75,24672.50,24909.00,136985,3598,24741.75,24960.75,24672.50,24854.75,281188,8990,24855.00,24973.25,24829.00,24936.25,119052,7112,24936.75,25030.00,24934.50,24998.50,44032,3444,24999.25,25055.75,24980.00,24994.50,48519,3480,25029.00,25029.00,24980.00,24994.50,28988,1763,24994.75,25043.00,24976.00,25032.50,23151,1944,24741.75,25055.75,24672.50,24994.50,492791,23026
2025-10-20,NQZ5,48339,25065.75,25354.50,24955.75,25326.75,429882,25065.75,25099.25,25039.75,25061.50,5819,1540,25065.75,25152.50,24955.75,25121.00,98538,24859,25114.00,25152.50,25038.00,25083.75,30943,8363,25089.00,25152.00,25086.50,25121.00,15466,2490,25121.50,25283.50,25114.75,25278.50,93447,3592,25121.50,25345.50,25114.75,25322.00,181417,8844,25322.25,25354.50,25290.75,25332.00,61369,6397,25332.25,25353.25,25306.50,25330.75,26776,3198,25330.00,25336.50,25297.00,25314.25,40919,3320,25324.50,25335.25,25307.25,25314.25,25553,1697,25314.00,25325.75,25289.75,25324.50,20593,1694,25121.50,25354.50,25114.75,25314.25,310481,21759
2025-10-21,NQZ5,44712,25326.75,25368.00,25203.25,25265.25,432351,25326.75,25330.00,25308.00,25320.25,3165,1013,25326.75,25368.00,25253.00,25298.75,75715,20569,25280.00,25308.50,25253.00,25307.75,25453,7110,25307.25,25311.00,25271.50,25298.75,14598,2390,25298.50,25304.50,25205.25,25219.50,100705,3592,25298.50,25326.75,25203.25,25322.50,192869,8920,25322.50,25348.50,25250.00,25312.00,80983,6716,25312.25,25327.00,25290.00,25312.00,24532,3105,25312.25,25334.25,25298.75,25309.25,29651,3117,25307.75,25334.25,25298.75,25309.25,19508,1627,25309.50,25309.75,25228.75,25265.00,28544,2268,25298.50,25348.50,25203.25,25309.25,328035,21858
2025-10-22,NQZ5,47058,25283.75,25338.25,24804.75,25040.00,683813,25283.75,25285.50,25257.75,25268.50,3832,1074,25283.75,25338.25,25206.50,25264.25,81704,21475,25320.75,25321.00,25206.50,25222.75,33865,8295,25253.25,25278.50,25242.75,25264.25,9873,2129,25263.75,25289.25,25114.25,25120.75,117392,3595,25263.75,25289.25,25003.25,25101.75,279981,8981,25101.50,25110.00,24804.75,24863.75,171219,7169,24864.50,24957.00,24827.00,24954.25,64021,3551,24954.25,25058.25,24923.25,25033.00,64031,3556,25008.50,25058.25,25005.25,25033.00,33052,1780,25033.50,25076.50,25023.50,25039.00,22759,2309,25263.75,25289.25,24804.75,25033.00,579252,23257
2025-10-23,NQZ5,48348,25012.25,25296.00,24937.00,25278.00,521868,25012.25,25059.50,25000.25,25047.25,5168,1387,25012.25,25128.00,24937.00,25014.25,107577,24073,25103.25,25128.00,24962.75,24971.75,37395,8321,24970.25,25018.00,24937.00,25014.25,22022,2863,25014.25,25179.75,24999.00,25145.75,125085,3594,25014.25,25216.50,24999.00,25191.75,229006,8924,25191.75,25283.25,25183.75,25281.50,95772,6873,25281.50,25288.00,25245.50,25274.75,30634,3187,25275.00,25282.50,25230.50,25264.00,37484,3317,25274.75,25276.25,25230.50,25264.00,24237,1710,25264.00,25296.00,25245.75,25274.75,21346,1958,25014.25,25288.00,24999.00,25264.00,392896,22301
2025-10-24,NQZ5,43591,25283.25,25570.75,25276.00,25510.25,459795,25283.25,25303.00,25276.00,25290.25,3846,1085,25283.25,25523.25,25276.00,25467.25,97421,20125,25361.25,25393.50,25324.00,25371.75,27967,7021,25376.50,25523.25,25344.00,25467.25,36756,3162,25467.00,25548.75,25429.75,25507.50,104118,3588,25467.00,25548.75,25429.75,25524.50,204814,8896,25524.25,25570.75,25520.00,25550.25,61202,6328,25550.75,25555.00,25528.25,25544.00,25320,3028,25544.00,25566.75,25497.50,25503.00,48980,3323,25563.50,25563.75,25497.50,25503.00,33196,1722,25503.00,25525.75,25497.50,25510.50,21984,1874,25467.00,25570.75,25429.75,25503.00,340316,21575
2025-10-27,NQZ5,46704,25723.50,26013.50,25700.00,26003.75,421306,25723.50,25768.25,25700.00,25720.50,11658,1991,25723.50,25852.50,25700.00,25819.50,90376,22650,25783.75,25852.50,25768.50,25819.25,31991,8252,25836.00,25842.50,25815.25,25819.50,11350,2056,25819.25,25875.75,25796.50,25862.75,91870,3588,25819.25,25910.00,25796.50,25890.00,165466,8811,25890.25,25929.00,25889.00,25927.50,54442,6317,25928.00,25946.25,25919.50,25941.75,26876,3088,25942.00,25981.25,25920.50,25971.00,55760,3418,25925.50,25981.25,25924.50,25971.00,40187,1744,25970.75,26013.50,25960.00,26003.50,28286,2401,25819.25,25981.25,25796.50,25971.00,302544,21634
2025-10-28,NQZ5,44279,26002.50,26231.50,25943.00,26172.50,440019,26002.50,26002.75,25986.00,25996.75,2799,938,26002.50,26063.50,25943.00,26055.00,77561,19532,25959.50,26004.00,25943.00,25997.50,22580,6437,26015.00,26063.50,26001.00,26055.00,21434,2595,26055.25,26094.75,26029.50,26044.50,78900,3562,26055.25,26094.75,26006.00,26056.50,146810,8708,26056.25,26158.25,26056.25,26155.75,93728,6819,26155.50,26195.25,26147.25,26194.00,35490,3389,26194.25,26231.50,26161.50,26179.00,62243,3495,26226.25,26231.50,26161.50,26179.00,39467,1778,26179.00,26179.75,26150.50,26172.25,24140,2322,26055.25,26231.50,26006.00,26179.00,338271,22411
2025-10-29,NQZ5,48386,26179.75,26379.75,26049.25,26221.00,548648,26179.75,26190.25,26168.50,26173.00,2842,926,26179.75,26309.75,26164.50,26262.50,87759,22971,26279.50,26309.75,26226.50,26275.25,34580,9030,26266.25,26276.00,26244.00,26262.50,13965,2450,26262.75,26326.50,26254.75,26292.25,93014,3579,26262.75,26326.50,26218.50,26240.50,178883,8883,26240.75,26268.25,26203.25,26251.25,63470,6475,26252.25,26290.00,26049.25,26180.00,95497,3532,26181.50,26287.00,26111.75,26255.00,77799,3576,26199.25,26287.00,26149.75,26255.00,38488,1789,26255.00,26379.75,26159.75,26223.00,45144,2929,26262.75,26326.50,26049.25,26255.00,415649,22466
2025-10-30,NQZ5,55771,26154.50,26399.00,25853.00,26149.25,654512,26154.50,26255.75,26150.00,26202.00,7670,1716,26154.50,26399.00,26079.50,26119.50,157189,29747,26229.75,26291.25,26190.00,26260.75,33318,8607,26158.25,26175.75,26079.50,26119.50,33671,3308,26119.50,26182.50,25942.25,26019.00,148129,3600,26119.50,26182.50,25942.25,25993.00,249343,8928,25993.00,26097.00,25985.25,26064.75,90909,6932,26064.25,26068.25,25975.25,25990.50,41938,3402,25990.00,25993.75,25875.25,25879.75,65491,3533,25927.25,25961.50,25875.25,25879.75,35694,1789,25880.25,26147.75,25853.00,26145.25,49546,3203,26119.50,26182.50,25875.25,25879.75,447681,22795
2025-10-31,NQZ5,48871,26150.50,26274.00,25888.75,25983.00,590702,26150.50,26192.00,26134.50,26147.50,6419,1629,26150.50,26274.00,26127.25,26200.00,93015,23482,26159.25,26232.25,26144.00,26220.00,26161,7325,26265.00,26268.75,26191.25,26200.00,21253,2877,26200.75,26201.75,26060.00,26103.75,112366,3593,26200.75,26201.75,26050.00,26056.50,213577,8924,26056.25,26058.00,25888.75,25950.00,139381,7121,25950.00,26022.50,25943.50,26017.75,45385,3486,26018.25,26118.25,25996.25,26009.50,71322,3563,26087.50,26118.25,26005.75,26009.50,43831,1792,26010.00,26015.00,25967.00,25984.25,27953,2275,26200.75,26201.75,25888.75,26009.50,469665,23094
2025-11-03,NQZ5,47110,26028.25,26266.00,26012.75,26109.50,468406,26028.25,26092.75,26012.75,26082.25,7347,1811,26028.25,26259.75,26012.75,26228.75,95489,22939,26032.00,26182.00,26019.50,26155.75,28291,7673,26143.00,26259.75,26140.25,26228.75,23720,2679,26228.75,26266.00,26033.00,26038.50,107452,3596,26228.75,26266.00,26015.50,26123.00,204374,8928,26123.25,26166.25,26083.25,26131.25,70822,6651,26131.50,26138.50,26066.25,26115.25,37726,3391,26115.25,26124.50,26071.50,26099.50,38026,3366,26105.75,26110.25,26071.50,26099.50,24494,1745,26099.75,26180.00,26094.00,26110.75,21902,1820,26228.75,26266.00,26015.50,26099.50,350948,22336
2025-11-04,NQZ5,57141,26104.50,26104.50,25522.75,25577.00,659924,26104.50,26104.50,26060.75,26066.75,3014,868,26104.50,26104.50,25645.00,25737.50,161412,31422,25792.25,25792.50,25645.00,25754.00,55363,11236,25708.00,25751.50,25684.00,25737.50,27644,3163,25737.75,25893.50,25663.00,25869.50,127234,3588,25737.75,25893.50,25663.00,25743.25,231775,8948,25742.75,25757.75,25601.75,25672.00,122642,7096,25672.50,25688.25,25574.25,25598.25,50375,3488,25597.75,25642.50,25544.00,25569.50,62788,3536,25616.50,25642.50,25544.00,25569.50,38266,1774,25569.50,25593.00,25522.75,25576.00,30868,2633,25737.75,25893.50,25544.00,25569.50,467580,23068
2025-11-05,NQZ5,59080,25545.00,25880.00,25282.00,25729.00,610347,25545.00,25574.25,25501.75,25505.50,7024,1811,25545.00,25596.00,25282.00,25549.00,180190,34313,25480.75,25552.25,25404.00,25529.00,40854,9260,25559.75,25596.00,25530.00,25549.00,24355,3089,25548.50,25718.50,25488.00,25696.75,129519,3600,25548.50,25788.50,25488.00,25773.25,231103,8945,25773.50,25872.75,25740.25,25866.75,75918,6767,25866.75,25880.00,25823.25,25867.75,35365,3339,25867.50,25877.75,25729.50,25747.50,56990,3458,25836.50,25839.25,25729.50,25747.50,37436,1771,25747.00,25764.00,25694.50,25730.00,30647,2241,25548.50,25880.00,25488.00,25747.50,399376,22509
2025-11-06,NQZ5,52942,25738.50,25822.25,25197.75,25311.50,746174,25738.50,25774.00,25702.25,25772.75,6545,1755,25738.50,25822.25,25617.25,25669.50,119233,27227,25650.75,25791.00,25629.50,25782.75,32432,8507,25813.25,25822.25,25669.00,25669.50,28266,2975,25669.50,25685.75,25404.50,25504.75,163636,3600,25669.50,25685.75,25201.25,25212.00,331503,8999,25212.00,25371.25,25197.75,25324.25,135592,7147,25323.50,25438.50,25321.00,25405.50,60858,3549,25405.75,25414.75,25226.50,25228.00,69453,3498,25358.75,25371.25,25226.50,25228.00,47876,1789,25228.25,25319.00,25226.75,25312.75,29424,2504,25669.50,25685.75,25197.75,25228.00,597406,23193
2025-11-07,NQZ5,56559,25314.75,25354.75,24709.25,25226.75,752909,25314.75,25335.75,25272.00,25314.75,5654,1459,25314.75,25354.75,25061.75,25111.75,161252,31080,25338.25,25354.75,25061.75,25095.00,61918,11286,25077.50,25142.00,25066.75,25111.75,23794,3124,25111.00,25115.25,24882.00,24980.25,159180,3598,25111.00,25115.25,24718.75,24740.25,292343,8988,24740.25,24953.50,24709.25,24938.50,132481,7144,24939.00,25115.50,24900.75,25114.25,64711,3532,25113.50,25169.25,25023.50,25167.25,74619,3576,25070.25,25169.25,25050.25,25167.25,38587,1787,25166.75,25224.50,25160.75,25224.50,27268,2211,25111.00,25169.25,24709.25,25167.25,564154,23240
2025-11-10,NQZ5,53003,25320.75,25760.50,25269.00,25720.75,609648,25320.75,25391.50,25297.50,25339.00,10165,2101,25320.75,25569.50,25269.00,25532.50,121658,28298,25489.00,25569.50,25457.00,25538.75,34440,8722,25548.50,25559.00,25521.50,25532.50,17108,2606,25532.75,25666.50,25525.25,25656.75,114752,3599,25532.75,25666.50,25452.00,25516.00,251509,8972,25515.25,25682.50,25507.50,25648.75,101537,6939,25648.50,25716.50,25642.50,25702.50,40074,3357,25702.75,25760.50,25696.75,25720.00,67588,3513,25712.00,25760.50,25698.00,25720.00,44062,1773,25719.75,25746.25,25707.00,25721.25,27167,1904,25532.75,25760.50,25452.00,25720.00,460708,22781
2025-11-11,NQZ5,50396,25722.25,25768.75,25478.50,25659.00,524477,25722.25,25746.00,25701.00,25743.75,5106,1567,25722.25,25768.75,25571.75,25610.00,98689,25906,25651.50,25682.75,25582.25,25592.75,31414,8665,25574.75,25626.75,25574.50,25610.00,15803,2503,25610.25,25646.00,25532.75,25554.50,107430,3595,25610.25,25646.00,25478.50,25509.75,223839,8945,25511.00,25695.75,25503.75,25692.50,104247,6978,25692.75,25696.25,25637.75,25662.50,34547,3305,25662.75,25688.50,25619.75,25631.75,43533,3305,25660.50,25688.50,25619.75,25631.75,28928,1714,25631.75,25687.50,25626.75,25658.75,19575,1941,25610.25,25696.25,25478.50,25631.75,406166,22533
2025-11-12,NQZ5,48474,25668.00,25830.00,25488.75,25625.00,599965,25668.00,25673.50,25629.50,25655.75,4341,1225,25668.00,25830.00,25629.50,25775.75,92952,23766,25781.25,25830.00,25721.00,25791.00,32833,8254,25792.50,25809.50,25772.25,25775.75,10661,2200,25775.50,25781.75,25561.50,25625.50,136259,3599,25775.50,25781.75,25488.75,25532.25,272144,8967,25533.00,25637.25,25518.00,25613.25,112372,6987,25613.50,25624.50,25552.25,25578.25,45098,3394,25578.50,25651.50,25545.00,25615.25,56045,3466,25601.00,25651.50,25593.00,25615.25,35231,1757,25615.75,25654.50,25614.75,25629.00,20873,1874,25775.50,25781.75,25488.75,25615.25,485659,22814
2025-11-13,NQZ5,53832,25624.00,25721.50,25002.50,25087.50,764574,25624.00,25635.25,25501.50,25537.75,13030,2220,25624.00,25721.50,25435.00,25461.50,136937,28060,25665.50,25687.25,25531.25,25587.00,39575,9548,25572.00,25576.50,25435.00,25461.50,30399,3080,25462.25,25502.00,25280.25,25388.00,153524,3599,25462.25,25502.00,25159.00,25185.75,303483,8987,25185.50,25254.75,25012.75,25060.00,145488,7162,25059.00,25132.50,25002.50,25058.00,66857,3576,25058.50,25145.00,25015.00,25081.25,79495,3582,25063.75,25145.00,25033.50,25081.25,48250,1796,25081.75,25167.00,25078.00,25085.00,32256,2443,25462.25,25502.00,25002.50,25081.25,595323,23307
2025-11-14,NQZ5,60607,25095.25,25293.25,24626.00,25147.50,847616,25095.25,25151.75,25087.75,25109.50,7194,1741,25095.25,25159.75,24657.00,24722.25,199631,35094,24996.00,25039.75,24670.50,24722.75,79176,12828,24703.75,24763.75,24657.00,24722.25,36477,3406,24722.00,25028.50,24626.00,25000.75,196271,3599,24722.00,25268.25,24626.00,25245.50,354294,8989,25246.25,25293.25,25088.25,25172.25,151216,7128,25171.50,25241.75,25124.50,25222.50,46347,3497,25222.00,25251.25,25071.25,25081.00,65081,3539,25141.25,25163.50,25071.25,25081.00,37943,1769,25080.75,25162.50,25076.00,25144.25,30959,2342,24722.00,25293.25,24626.00,25081.00,616938,23153
2025-11-17,NQZ5,55793,25142.25,25361.25,24731.75,24905.50,731541,25142.25,25188.25,25022.00,25175.75,11937,2234,25142.25,25361.25,24992.50,24995.25,140840,30207,25315.25,25361.25,25112.00,25134.00,44751,10275,25096.75,25099.50,24992.50,24995.25,25736,3065,24995.75,25254.00,24955.00,25133.50,142563,3600,24995.75,25254.00,24945.00,25198.00,274006,8987,25199.00,25199.75,24886.75,24900.75,131732,7120,24901.50,24911.50,24760.00,24767.25,74296,3582,24767.00,24888.25,24731.75,24875.50,83386,3585,24781.00,24888.25,24760.75,24875.50,45231,1794,24876.00,24926.25,24865.50,24905.25,27253,2302,24995.75,25254.00,24731.75,24875.50,563420,23274
2025-11-18,NQZ5,61869,24905.50,24959.50,24376.25,24531.25,860410,24905.50,24954.50,24882.00,24918.75,6921,1795,24905.50,24959.50,24603.75,24711.50,180632,36168,24699.00,24859.50,24659.50,24685.00,57213,11738,24716.50,24766.75,24694.50,24711.50,23302,2992,24712.50,24832.00,24430.00,24552.75,203769,3600,24712.50,24832.00,24376.25,24654.50,372263,8995,24654.00,24804.50,24493.50,24705.50,146154,7137,24707.25,24810.25,24686.00,24762.00,58274,3536,24762.50,24795.75,24588.50,24596.75,70291,3548,24677.00,24710.25,24588.50,24596.75,41559,1781,24597.25,24611.75,24524.25,24531.50,32737,2469,24712.50,24832.00,24376.25,24596.75,646982,23216
2025-11-19,NQZ5,56456,24551.00,24988.00,24445.00,24958.75,761609,24551.00,24635.25,24540.75,24586.75,8089,1842,24551.00,24733.25,24445.00,24609.00,133271,30023,24607.50,24733.25,24570.00,24696.50,37693,9240,24683.00,24707.00,24608.50,24609.00,19377,2866,24609.25,24988.00,24572.50,24964.00,149194,3600,24609.25,24988.00,24572.50,24707.50,309255,8990,24708.25,24721.25,24507.00,24681.50,138423,7105,24682.25,24701.25,24571.00,24658.50,52587,3508,24657.50,24830.25,24644.50,24722.25,72045,3558,24772.75,24830.25,24678.50,24722.25,40309,1794,24722.00,24976.25,24675.75,24963.50,55827,3248,24609.25,24988.00,24507.00,24722.25,572310,23161
2025-11-20,NQZ5,57089,24966.75,25310.00,24073.25,24073.75,975531,24966.75,25107.50,24955.25,25107.50,15093,2631,24966.75,25264.75,24955.25,25210.50,149778,30981,25151.75,25185.00,25022.25,25153.75,44168,10541,25139.25,25264.75,25130.00,25210.50,34552,3340,25209.75,25299.75,25146.00,25263.75,135587,3600,25209.75,25310.00,24525.75,24527.50,376501,8998,24527.25,24641.50,24235.50,24289.00,255635,7199,24290.75,24398.25,24205.00,24398.00,72980,3588,24397.50,24402.00,24098.00,24109.50,84990,3577,24287.25,24311.50,24098.00,24109.50,52582,1797,24109.50,24146.25,24073.25,24084.50,35431,2721,25209.75,25310.00,24098.00,24109.50,790106,23362
2025-11-21,NQZ5,63209,24110.00,24596.25,23904.50,24349.00,903236,24110.00,24166.25,24018.00,24130.25,17188,2754,24110.00,24292.00,23904.50,24204.25,255915,37604,24078.75,24261.50,23904.50,24197.50,121310,14397,24192.50,24277.75,24180.50,24204.25,29620,3204,24203.75,24298.00,24027.25,24044.75,177103,3600,24203.75,24372.00,23927.25,24371.25,338089,8989,24370.75,24559.50,24203.50,24489.00,152944,7143,24490.00,24596.25,24427.50,24457.50,62825,3572,24457.50,24496.25,24285.00,24303.00,65134,3542,24394.00,24454.50,24285.00,24303.00,42486,1794,24303.00,24358.25,24294.00,24346.25,28267,2341,24203.75,24596.25,23927.25,24303.00,618992,23246
2025-11-24,NQZ5,54597,24455.75,24993.50,24361.75,24962.75,593852,24455.75,24555.25,24455.25,24468.25,9105,2010,24455.75,24574.50,24361.75,24524.00,130304,29645,24514.25,24563.25,24361.75,24511.25,52387,11022,24546.25,24574.50,24491.00,24524.00,19167,2827,24523.75,24769.75,24516.75,24731.75,131700,3599,24523.75,24889.75,24516.75,24844.75,231198,8951,24844.75,24953.75,24829.00,24928.50,88625,6870,24928.50,24961.00,24893.00,24912.50,43207,3443,24912.50,24993.50,24908.50,24960.00,65836,3520,24935.50,24993.50,24926.75,24960.00,41755,1767,24959.75,24975.50,24925.50,24962.75,34579,2151,24523.75,24993.50,24516.75,24960.00,428866,22784
2025-11-25,NQZ5,51421,24966.25,25135.25,24602.00,25064.50,617788,24966.25,24986.50,24950.75,24961.75,5568,1532,24966.25,24986.50,24822.00,24856.75,117312,26840,24918.00,24975.25,24822.00,24910.50,44554,10377,24936.75,24960.00,24842.00,24856.75,26513,3151,24856.50,24879.50,24602.00,24782.75,178327,3598,24856.50,24913.50,24602.00,24905.50,287571,8936,24905.50,25060.75,24893.75,25026.25,97192,6883,25026.25,25033.25,24938.00,25015.25,40395,3419,25015.50,25135.25,25011.75,25088.25,55896,3501,25047.75,25135.25,25046.50,25088.25,37263,1780,25089.00,25099.75,25059.50,25065.25,19342,1820,24856.50,25135.25,24602.00,25088.25,481054,22739
2025-11-26,NQZ5,48727,25071.25,25376.00,25061.25,25314.00,513391,25071.25,25094.00,25061.25,25089.00,3973,1148,25071.25,25235.75,25061.25,25217.75,101517,24458,25220.25,25224.75,25118.50,25180.00,37583,8918,25197.00,25229.50,25173.00,25217.75,21184,2971,25218.00,25280.25,25133.75,25196.25,121790,3599,25218.00,25376.00,25133.75,25354.25,218110,8933,25353.75,25369.25,25281.00,25314.00,90993,6866,25315.00,25355.25,25297.75,25328.75,37629,3309,25328.75,25360.75,25301.00,25311.50,43792,3362,25350.75,25351.50,25301.00,25311.50,27322,1726,25311.50,25331.50,25293.25,25315.50,21270,1778,25218.00,25376.00,25133.75,25311.50,390524,22470
2025-11-27,NQZ5,15713,25313.00,25339.25,25285.75,25301.75,46766,25313.00,25336.75,25312.00,25325.75,1931,739,25313.00,25339.25,25290.25,25301.75,31630,11783,25324.75,25329.00,25293.25,25298.25,10583,4021,25297.00,25315.50,25291.00,25301.75,4713,1169,25301.25,25317.75,25287.00,25303.50,6825,1633,25301.25,25317.75,25285.75,25297.50,13511,3379,25296.75,25303.00,25293.50,25301.75,1625,551,,,,,0,0,,,,,0,0,,,,,0,0,,,,,0,0,25301.25,25317.75,25285.75,25301.75,15136,3930
2025-11-28,NQZ5,16526,25302.25,25499.75,25301.75,25484.50,149531,25302.25,25333.25,25301.75,25329.50,2627,826,25302.25,25399.00,25301.75,25359.00,13584,4050,,,,,0,0,25368.50,25399.00,25347.75,25359.00,6123,1510,25359.00,25422.00,25331.00,25364.75,31709,3323,25359.00,25436.25,25331.00,25430.00,80403,8303,25429.75,25499.75,25394.25,25484.50,55544,4173,,,,,0,0,,,,,0,0,,,,,0,0,,,,,0,0,25359.00,25499.75,25331.00,25484.50,135947,12476
2025-12-01,NQZ5,54603,25482.50,25546.00,25193.25,25399.75,567265,25482.50,25546.00,25442.75,25463.00,11226,2112,25482.50,25546.00,25193.25,25249.50,138084,30463,25278.25,25342.75,25210.75,25221.25,34962,8775,25252.00,25299.50,25235.00,25249.50,15901,2596,25249.75,25389.00,25209.25,25319.75,120740,3596,25249.75,25451.00,25209.25,25430.25,228387,8939,25430.25,25495.75,25414.25,25491.50,68715,6532,25491.00,25491.00,25357.00,25375.25,56531,3499,25374.75,25421.25,25365.00,25381.75,54989,3439,25396.50,25421.25,25365.00,25381.75,34463,1742,25381.75,25413.50,25377.00,25401.00,20527,1718,25249.75,25495.75,25209.25,25381.75,408622,22409
2025-12-02,NQZ5,46292,25411.50,25670.00,25324.75,25603.75,554416,25411.50,25425.00,25378.50,25401.75,5489,1463,25411.50,25522.75,25324.75,25486.25,84682,21962,25359.50,25508.75,25324.75,25499.50,30833,7999,25497.75,25522.75,25480.50,25486.25,14541,2421,25485.50,25654.75,25471.25,25570.75,118265,3597,25485.50,25670.00,25414.50,25503.75,272830,8983,25503.00,25622.25,25496.50,25573.75,101109,6970,25574.00,25643.00,25563.25,25636.75,38207,3390,25636.75,25646.75,25591.50,25609.00,41935,3344,25632.25,25646.75,25591.50,25609.00,28052,1736,25609.25,25611.50,25586.50,25603.75,15488,1622,25485.50,25670.00,25414.50,25609.00,454081,22687
2025-12-03,NQZ5,44690,25611.00,25685.25,25421.50,25645.75,485865,25611.00,25633.50,25610.00,25623.50,3381,997,25611.00,25678.25,25421.50,25496.25,108929,20950,25652.00,25667.75,25605.25,25656.75,23855,7122,25662.50,25671.75,25421.50,25496.25,48940,2780,25495.00,25574.50,25430.00,25535.00,112359,3596,25495.00,25621.50,25430.00,25558.25,217526,8916,25558.25,25654.75,25554.75,25629.75,74486,6679,25630.00,25672.25,25625.75,25670.75,27386,3104,25670.50,25685.25,25640.75,25659.25,40141,3295,25678.25,25685.25,25640.75,25659.25,24281,1687,25659.25,25662.75,25636.00,25645.50,17368,1733,25495.00,25685.25,25430.00,25659.25,359539,21994
2025-12-04,NQZ5,43453,25650.25,25732.50,25488.75,25632.50,504410,25650.25,25658.75,25633.75,25647.75,3142,925,25650.25,25732.50,25603.25,25709.00,74395,19236,25654.00,25692.50,25603.25,25658.50,25024,7259,25655.00,25732.50,25618.25,25709.00,22294,2790,25709.00,25713.00,25520.50,25590.75,113716,3596,25709.00,25713.00,25505.00,25649.25,225258,8944,25649.25,25653.25,25574.75,25607.25,78089,6733,25608.00,25612.00,25488.75,25590.50,60277,3474,25591.00,25616.75,25551.75,25611.25,48768,3454,25566.25,25616.75,25560.50,25611.25,26242,1731,25611.25,25637.75,25610.50,25632.00,17571,1600,25709.00,25713.00,25488.75,25611.25,412392,22605
2025-12-05,NQZ5,43456,25629.75,25868.00,25579.75,25735.00,488183,25629.75,25648.75,25608.50,25619.00,3266,972,25629.75,25755.75,25579.75,25679.00,78466,19374,25724.25,25755.75,25688.50,25704.00,21207,6137,25687.00,25689.25,25579.75,25679.00,25665,3048,25678.50,25868.00,25673.50,25831.75,107268,3594,25678.50,25868.00,25651.25,25754.25,237744,8970,25754.25,25758.50,25664.75,25731.75,81169,6768,25732.00,25743.75,25702.50,25739.75,31344,3283,25740.00,25740.25,25677.75,25737.75,42936,3319,25720.75,25738.25,25677.75,25737.75,27782,1706,25738.00,25743.75,25723.25,25734.00,16463,1722,25678.50,25868.00,25651.25,25737.75,393193,22340
2025-12-08,NQZ5,43441,25750.00,25860.75,25564.75,25706.75,467045,25750.00,25770.00,25719.50,25744.50,4956,1292,25750.00,25833.00,25700.25,25794.00,67572,18650,25804.50,25811.25,25762.50,25803.00,19527,6042,25805.75,25824.00,25782.00,25794.00,13425,2406,25794.50,25860.75,25657.00,25695.50,101927,3586,25794.50,25860.75,25626.25,25641.75,185697,8874,25642.00,25696.25,25564.75,25582.00,107033,6902,25582.00,25622.25,25568.00,25593.75,36847,3357,25593.75,25651.00,25582.50,25651.00,40610,3309,25615.25,25651.00,25590.00,25651.00,26726,1699,25651.25,25707.50,25651.00,25706.75,29184,2328,25794.50,25860.75,25564.75,25651.00,370187,22442
2025-12-09,NQZ5,42473,25713.00,25735.75,25560.00,25676.25,400961,25713.00,25728.50,25692.00,25724.50,5923,1486,25713.00,25729.50,25588.50,25612.25,71792,18965,25688.75,25712.50,25601.00,25663.00,25928,6516,25649.25,25651.50,25588.50,25612.25,14042,2387,25612.00,25670.00,25560.00,25651.50,91026,3579,25612.00,25716.00,25560.00,25711.50,174235,8834,25711.25,25735.75,25689.25,25726.75,76553,6745,25726.50,25728.00,25683.00,25705.75,30415,3165,25705.75,25722.00,25683.75,25696.25,33791,3173,25697.75,25722.00,25683.75,25696.25,22523,1640,25696.50,25704.75,25674.75,25681.00,14119,1578,25612.00,25735.75,25560.00,25696.25,314994,21917
2025-12-10,NQZ5,43353,25680.00,25870.75,25528.75,25800.50,538109,25680.00,25691.50,25669.50,25673.25,3051,937,25680.00,25745.75,25616.00,25645.25,70258,18635,25728.25,25745.75,25616.00,25649.50,27558,6906,25701.50,25720.00,25642.50,25645.25,13037,2256,25645.50,25672.25,25567.00,25639.25,92772,3577,25645.50,25672.25,25528.75,25652.25,188508,8880,25652.00,25682.25,25595.00,25613.50,61941,6421,25613.25,25834.75,25602.50,25826.75,126259,3591,25826.75,25870.75,25788.00,25800.00,67651,3554,25837.25,25863.50,25798.00,25800.00,28351,1767,25799.50,25811.25,25758.75,25803.00,23431,2255,25645.50,25870.75,25528.75,25800.00,444359,22446
2025-12-11,NQZ5,52592,25769.50,25861.50,25383.00,25834.75,612703,25769.50,25796.00,25715.75,25731.75,5456,1286,25769.50,25796.00,25383.00,25646.75,120332,27493,25537.00,25701.00,25474.25,25697.25,36392,9143,25673.00,25687.00,25632.00,25646.75,15330,2562,25647.25,25650.25,25390.25,25599.25,166341,3599,25647.25,25650.25,25390.25,25490.25,292786,8976,25490.00,25687.00,25488.50,25640.50,97993,6970,25640.75,25722.75,25635.25,25693.50,32322,3320,25693.00,25719.00,25660.50,25710.00,40660,3330,25681.25,25719.00,25660.50,25710.00,25837,1726,25710.25,25861.50,25706.00,25840.75,28492,2481,25647.25,25722.75,25390.25,25710.00,463761,22596
2025-12-12,NQZ5,45270,25701.00,25733.25,25118.00,25202.50,688034,25701.00,25733.25,25648.75,25674.00,8401,1638,25701.00,25733.25,25532.50,25569.00,81332,20167,25669.25,25682.75,25532.50,25568.00,29774,7820,25587.25,25632.25,25561.50,25569.00,15660,2424,25568.75,25619.50,25315.00,25323.75,154016,3598,25568.75,25619.50,25118.00,25164.00,346961,8995,25163.50,25372.50,25162.25,25277.25,121152,7030,25276.75,25285.50,25215.25,25241.50,46999,3441,25241.75,25262.75,25145.50,25211.00,65171,3492,25211.75,25223.00,25145.50,25211.00,41951,1790,25211.50,25226.00,25199.25,25203.25,26306,2124,25568.75,25619.50,25118.00,25211.00,580283,22958
2025-12-15,NQZ5,38651,25223.50,25668.00,25132.50,25348.75,312370,25223.50,25245.25,25132.50,25194.00,6484,1544,25223.50,25662.25,25132.50,25657.25,53080,16114,25509.00,25621.00,25486.50,25612.50,15605,4839,25349.75,25662.25,25347.50,25657.25,9712,1880,25657.00,25668.00,25285.75,25299.75,83699,3579,25657.00,25668.00,25285.75,25413.75,151335,8748,25414.75,25436.75,25329.75,25412.25,47968,6230,25411.75,25433.50,25357.00,25400.50,19228,2944,25401.00,25407.75,25331.00,25349.75,28431,3213,25373.25,25376.50,25331.00,25349.75,16999,1666,25350.25,25357.50,25326.75,25348.50,12245,1388,25657.00,25668.00,25285.75,25349.75,246962,21135
2025-12-16,NQH6,48558,25345.75,25444.00,25073.25,25321.50,545470,25345.75,25373.25,25280.25,25302.75,4353,1199,25345.75,25386.50,25073.25,25228.00,104725,23618,25129.25,25324.25,25124.75,25299.00,25344,7068,25286.50,25386.50,25225.00,25228.00,28611,3130,25228.75,25409.00,25178.75,25240.25,115631,3596,25228.75,25409.00,25178.75,25335.75,217410,8941,25335.25,25355.00,25171.75,25316.50,106586,6975,25316.00,25349.25,25224.75,25316.75,44564,3497,25316.75,25444.00,25310.50,25391.25,50210,3462,25372.75,25444.00,25369.25,25391.25,33399,1774,25390.50,25392.25,25308.00,25322.25,21812,2035,25228.75,25444.00,25171.75,25391.25,418770,22875
2025-12-17,NQH6,47945,25332.00,25508.50,24887.75,24951.75,628078,25332.00,25363.00,25294.25,25321.00,4447,1215,25332.00,25508.50,25264.50,25417.75,94223,22670,25418.25,25508.50,25388.25,25491.50,23405,6956,25443.25,25493.00,25417.75,25417.75,19548,2570,25417.75,25447.75,25245.50,25329.00,132793,3597,25417.75,25447.75,24985.00,25023.75,307625,8985,25024.00,25085.00,24933.75,24950.50,111652,7005,24951.25,24985.50,24922.00,24978.50,37707,3396,24978.00,24983.25,24887.75,24889.50,47952,3375,24952.50,24974.00,24887.75,24889.50,33008,1746,24889.25,24995.75,24889.00,24962.75,28718,2493,25417.75,25447.75,24887.75,24889.50,504936,22761
2025-12-18,NQH6,49225,24983.50,25412.50,24901.25,25219.00,661010,24983.50,24999.00,24925.00,24928.50,5578,1486,24983.50,25285.00,24901.25,25278.75,113871,23993,25032.25,25114.50,25008.25,25096.75,23832,7014,25108.25,25285.00,25107.50,25278.75,38663,3329,25279.00,25337.75,25161.25,25326.75,147952,3599,25279.00,25412.50,25161.25,25392.25,252404,8950,25392.00,25402.25,25184.50,25341.75,144678,7066,25341.50,25341.75,25193.75,25213.00,65807,3555,25211.75,25343.50,25192.50,25257.25,60003,3533,25304.75,25343.50,25248.00,25257.25,32788,1762,25257.00,25274.50,25196.50,25222.75,24193,2112,25279.00,25412.50,25161.25,25257.25,522892,23104
2025-12-19,NQH6,46980,25240.00,25600.25,25209.75,25597.50,485585,25240.00,25256.75,25209.75,25255.00,5511,1409,25240.00,25393.50,25209.75,25356.75,96631,22996,25344.25,25393.50,25279.00,25280.00,27172,7317,25309.75,25383.25,25292.25,25356.75,22360,2484,25356.50,25600.25,25354.00,25510.50,135191,3594,25356.50,25600.25,25354.00,25504.75,227411,8923,25505.00,25597.50,25502.00,25552.25,68425,6634,25553.00,25589.50,25550.50,25570.00,20462,3009,25570.25,25593.00,25549.75,25568.25,45932,3292,25582.25,25593.00,25549.75,25568.25,34194,1718,25568.00,25599.25,25563.50,25596.00,26680,2105,25356.50,25600.25,25354.00,25568.25,362230,21858
2025-12-22,NQH6,40616,25635.25,25794.75,25628.00,25700.25,361214,25635.25,25675.00,25632.25,25671.50,7784,1745,25635.25,25785.00,25632.25,25783.25,62775,18092,25703.00,25740.25,25681.00,25735.50,16155,5338,25747.25,25785.00,25730.75,25783.25,12080,2326,25782.75,25794.75,25672.25,25689.25,102950,3586,25782.75,25794.75,25628.00,25710.50,172992,8743,25710.50,25727.25,25673.00,25687.75,60491,6347,25688.25,25712.25,25676.25,25693.00,22848,3017,25693.00,25703.50,25679.25,25695.50,28398,3084,25688.50,25703.50,25681.25,25695.50,17794,1575,25695.75,25706.50,25685.00,25699.75,13685,1319,25782.75,25794.75,25628.00,25695.50,284729,21191
2025-12-23,NQH6,37382,25701.00,25822.50,25608.25,25811.50,330542,25701.00,25722.50,25700.50,25712.50,2401,830,25701.00,25738.75,25608.25,25643.00,57186,15499,25670.25,25728.50,25661.00,25683.75,14483,4741,25673.50,25679.00,25608.25,25643.00,18428,2558,25643.25,25751.25,25628.25,25668.25,96995,3583,25643.25,25776.50,25628.25,25773.50,163925,8667,25773.75,25780.25,25750.75,25774.50,44052,5692,25775.00,25800.50,25772.50,25798.25,20327,2863,25798.25,25820.50,25792.25,25805.50,30828,3043,25798.00,25820.50,25792.25,25805.50,19807,1552,25805.50,25822.50,25801.75,25813.50,14195,1605,25643.25,25820.50,25628.25,25805.50,259132,20265
2025-12-24,NQH6,22612,25815.75,25892.00,25777.50,25864.75,159844,25815.75,25819.25,25800.25,25811.00,2233,766,25815.75,25831.75,25777.50,25797.50,32016,10779,25788.25,25817.50,25783.50,25816.75,7361,2694,25811.50,25831.75,25791.00,25797.50,7443,1701,25797.25,25840.75,25784.00,25811.75,50637,3474,25797.25,25885.00,25784.00,25875.75,95619,8227,25876.00,25892.00,25852.50,25864.75,32209,3606,,,,,0,0,,,,,0,0,,,,,0,0,,,,,0,0,25797.25,25892.00,25784.00,25864.75,127828,11833
2025-12-26,NQH6,31743,25868.00,25935.25,25834.25,25856.00,235607,25868.00,25898.25,25864.75,25888.25,2661,872,25868.00,25923.25,25843.25,25902.75,33704,11093,25859.25,25899.00,25843.25,25891.75,8625,2979,25897.25,25923.25,25890.75,25902.75,7583,1673,25902.50,25935.25,25834.25,25878.50,65655,3556,25902.50,25935.25,25834.25,25876.00,110455,8292,25876.25,25893.00,25847.75,25892.25,38657,5591,25892.50,25899.00,25873.00,25892.00,17430,2626,25892.25,25893.25,25853.50,25863.50,23319,2816,25873.50,25879.75,25853.50,25863.50,14537,1469,25863.75,25874.00,25850.75,25856.25,11980,1308,25902.50,25935.25,25834.25,25863.50,189861,19325
2025-12-29,NQH6,40160,25863.25,25893.75,25648.00,25744.50,341852,25863.25,25879.00,25843.00,25871.50,4049,1119,25863.25,25893.75,25656.75,25706.00,69965,18290,25801.00,25803.50,25732.00,25747.25,20815,6430,25748.50,25749.25,25656.75,25706.00,18594,2418,25706.00,25819.00,25661.75,25745.00,87796,3581,25706.00,25819.00,25661.75,25699.25,152293,8575,25698.75,25729.00,25648.00,25694.75,52717,6059,25695.25,25774.25,25683.50,25770.75,27995,3016,25770.75,25771.25,25729.25,25732.50,27841,2973,25754.00,25758.50,25729.25,25732.50,17947,1583,25732.25,25748.50,25727.75,25745.75,11007,1233,25706.00,25819.00,25648.00,25732.50,260846,20623
2025-12-30,NQH6,35592,25740.00,25793.75,25668.25,25676.00,296428,25740.00,25747.75,25705.25,25710.25,3619,955,25740.00,25755.00,25684.75,25693.75,45899,14000,25704.00,25752.25,25702.50,25725.50,13404,4429,25733.50,25735.25,25688.75,25693.75,9997,2116,25693.00,25774.75,25674.25,25693.00,80185,3564,25693.00,25793.75,25674.25,25721.75,141463,8560,25721.25,25744.25,25699.50,25733.00,45132,5789,25733.00,25743.00,25705.50,25713.25,21655,2817,25713.00,25717.75,25681.25,25683.50,29069,3062,25707.25,25715.25,25681.25,25683.50,16332,1571,25683.75,25691.75,25668.25,25675.00,13157,1355,25693.00,25793.75,25674.25,25683.50,237319,20228
2025-12-31,NQH6,38415,25683.25,25716.75,25429.00,25434.75,319280,25683.25,25689.50,25643.75,25656.50,3588,917,25683.25,25716.75,25552.50,25684.25,59039,15819,25596.00,25632.00,25552.50,25631.00,16004,4921,25644.00,25716.75,25641.25,25684.25,13269,2408,25683.75,25692.00,25568.00,25599.50,69579,3541,25683.75,25692.00,25542.50,25602.50,114883,8431,25603.00,25629.50,25568.00,25616.00,42169,5683,25616.25,25634.50,25532.00,25535.50,29142,3012,25536.25,25539.50,25444.50,25444.50,51092,3444,25473.50,25513.50,25444.50,25444.50,30622,1745,25444.75,25471.50,25429.00,25433.75,22787,2004,25683.75,25692.00,25444.50,25444.50,237286,20570
2026-01-02,NQH6,44337,25478.50,25803.75,25265.25,25394.50,538534,25478.50,25504.00,25448.50,25497.50,4649,1258,25478.50,25742.75,25448.50,25692.75,77653,20168,25639.75,25742.75,25637.00,25702.50,28759,7254,25698.00,25707.00,25662.25,25692.75,13127,2375,25692.50,25803.75,25457.25,25477.75,134703,3598,25692.50,25803.75,25293.75,25341.75,277885,8979,25341.50,25405.50,25265.25,25282.00,77261,6739,25281.00,25457.00,25280.50,25397.50,43080,3454,25397.50,25450.50,25362.00,25389.50,43052,3355,25439.75,25440.25,25362.00,25389.50,27835,1717,25390.00,25415.00,25377.25,25394.75,19569,1629,25692.50,25803.75,25265.25,25389.50,441278,22527
2026-01-05,NQH6,45476,25431.75,25708.00,25406.50,25578.25,453961,25431.75,25463.25,25406.50,25454.75,9580,1913,25431.75,25647.00,25406.50,25645.50,88217,22078,25480.50,25588.25,25467.75,25557.00,24723,7226,25538.00,25647.00,25537.50,25645.50,18362,2617,25645.50,25683.75,25538.50,25675.75,130145,3596,25645.50,25708.00,25538.50,25662.50,204291,8837,25662.50,25673.50,25557.00,25612.00,78360,6657,25611.75,25618.75,25549.50,25580.50,30653,3152,25581.00,25613.00,25565.00,25586.00,35699,3224,25599.75,25613.00,25566.00,25586.00,22053,1655,25586.25,25590.75,25567.50,25578.50,16688,1511,25645.50,25708.00,25538.50,25586.00,349003,21870
2026-01-06,NQH6,41974,25583.00,25837.75,25527.50,25831.25,439147,25583.00,25598.75,25560.75,25566.75,3850,1077,25583.00,25674.25,25527.50,25632.00,69269,18496,25647.00,25649.00,25527.50,25642.75,27194,6776,25621.50,25637.25,25590.50,25632.00,12356,2208,25631.50,25779.00,25608.00,25767.25,117192,3592,25631.50,25779.00,25608.00,25696.25,217220,8902,25696.75,25805.75,25674.50,25801.50,75373,6708,25801.50,25821.00,25794.00,25807.25,24738,3096,25807.50,25837.75,25801.25,25835.25,34692,3186,25812.00,25837.75,25807.75,25835.25,22771,1646,25835.00,25835.00,25809.75,25831.25,17796,1571,25631.50,25837.75,25608.00,25835.25,352023,21892
2026-01-07,NQH6,43580,25831.25,25996.25,25727.00,25835.75,470730,25831.25,25844.75,25815.50,25828.25,3815,1028,25831.25,25844.75,25727.00,25786.75,70110,19452,25766.00,25788.00,25727.00,25766.25,23784,6637,25773.75,25793.75,25761.50,25786.75,14702,2578,25786.75,25880.00,25771.00,25867.75,98110,3577,25786.75,25971.00,25771.00,25966.50,196941,8842,25966.25,25996.25,25926.00,25955.75,83093,6671,25955.75,25956.25,25890.00,25902.75,40769,3296,25902.50,25913.50,25814.50,25836.25,61334,3493,25862.75,25863.25,25814.50,25836.25,34162,1766,25836.25,25843.00,25820.00,25835.00,18436,1810,25786.75,25996.25,25771.00,25836.25,382137,22302
2026-01-08,NQH6,45400,25838.75,25849.75,25569.00,25712.00,501382,25838.75,25849.75,25818.75,25822.25,3636,1013,25838.75,25849.75,25670.00,25778.50,81965,21080,25749.00,25803.50,25738.75,25767.00,24974,6623,25805.00,25818.00,25773.75,25778.50,11602,2296,25778.50,25803.00,25569.00,25694.50,150978,3594,25778.50,25803.00,25569.00,25669.00,255379,8948,25669.25,25703.75,25619.25,25634.75,71019,6687,25634.25,25657.75,25595.00,25633.00,34667,3321,25632.75,25700.00,25625.50,25689.00,40735,3384,25674.75,25700.00,25666.75,25689.00,23984,1735,25688.25,25741.75,25680.75,25713.50,17548,1959,25778.50,25803.00,25569.00,25689.00,401800,22340
2026-01-09,NQH6,43879,25725.00,25985.50,25615.50,25931.75,502228,25725.00,25727.25,25671.75,25673.50,3496,1166,25725.00,25824.75,25627.50,25715.50,85805,20091,25672.50,25767.25,25662.75,25747.75,21744,6381,25742.00,25824.75,25700.00,25715.50,31723,3132,25715.50,25860.75,25615.50,25855.50,142186,3598,25715.50,25920.50,25615.50,25911.25,254601,8930,25911.00,25967.75,25882.00,25962.25,80640,6769,25962.75,25972.75,25948.00,25955.50,23482,3038,25955.50,25985.50,25941.00,25947.75,38166,3297,25970.50,25973.25,25941.00,25947.75,24272,1716,25947.25,25947.75,25923.25,25931.50,19429,1734,25715.50,25985.50,25615.50,25947.75,396889,22034
2026-01-12,NQH6,49273,25949.00,26020.50,25632.75,25942.25,449308,25949.00,25960.00,25870.00,25897.25,6357,1569,25949.00,25960.00,25632.75,25743.00,120769,26006,25730.00,25761.50,25632.75,25750.75,39362,8175,25752.00,25760.00,25719.75,25743.00,13218,2300,25743.00,25933.50,25741.75,25923.00,114799,3590,25743.00,25969.50,25741.75,25964.75,191669,8803,25964.25,25997.50,25938.25,25978.75,53283,6290,25978.75,26016.50,25962.00,26016.00,26541,3051,26015.75,26020.50,25957.00,25964.25,39278,3321,25992.75,25995.50,25957.00,25964.25,25066,1708,25964.50,25974.00,25932.75,25939.00,17702,1785,25743.00,26020.50,25741.75,25964.25,310771,21465
2026-01-13,NQH6,44637,25953.50,26045.50,25803.25,25898.25,554832,25953.50,25954.00,25893.50,25894.25,5783,1362,25953.50,26045.50,25845.75,25949.00,94703,20366,25916.75,25936.75,25870.50,25891.00,22102,6109,25909.25,26045.50,25905.50,25949.00,34725,3027,25949.00,26042.75,25812.00,25838.75,133040,3598,25949.00,26042.75,25809.25,26016.75,245974,8938,26016.25,26018.25,25833.75,25838.50,106391,6901,25839.00,25885.25,25821.25,25860.25,42485,3369,25860.25,25903.50,25803.25,25900.25,46977,3404,25833.00,25903.50,25803.25,25900.25,31156,1766,25900.50,25926.50,25896.00,25897.25,18270,1650,25949.00,26042.75,25803.25,25900.25,441827,22612
2026-01-14,NQH6,46218,25900.75,25925.75,25420.75,25612.00,634632,25900.75,25913.75,25886.50,25891.75,2777,948,25900.75,25925.75,25701.25,25744.00,85256,21145,25862.50,25879.00,25701.25,25780.00,35326,8225,25790.50,25805.50,25732.50,25744.00,18853,2769,25744.25,25790.25,25530.50,25618.25,162282,3600,25744.25,25790.25,25440.00,25459.50,293276,8979,25459.00,25526.00,25420.75,25521.00,105575,7047,25520.50,25534.00,25486.00,25498.00,35435,3365,25498.00,25635.75,25460.50,25633.50,85995,3570,25561.25,25635.75,25561.00,25633.50,46645,1794,25633.25,25659.00,25553.25,25610.00,29003,2091,25744.25,25790.25,25420.75,25633.50,520281,22961
2026-01-15,NQH6,50402,25593.00,25952.75,25562.50,25707.00,583324,25593.00,25615.25,25563.50,25601.50,5315,1448,25593.00,25951.00,25562.50,25940.25,120710,26069,25689.25,25855.75,25673.75,25851.50,40181,8873,25868.50,25951.00,25855.50,25940.25,25181,3009,25940.00,25952.75,25841.50,25856.00,129227,3597,25940.00,25952.75,25803.25,25926.50,232946,8871,25926.75,25938.00,25848.75,25886.75,70750,6647,25887.00,25888.00,25746.25,25758.25,67033,3546,25759.00,25771.75,25676.50,25697.50,71378,3551,25716.25,25726.25,25676.50,25697.50,36420,1781,25698.00,25727.25,25690.75,25708.25,20479,1710,25940.00,25952.75,25676.50,25697.50,442107,22615
2026-01-16,NQH6,43806,25720.50,25891.00,25591.50,25681.25,482273,25720.50,25750.75,25704.25,25743.50,3708,1121,25720.50,25878.00,25704.25,25866.75,75824,19819,25825.00,25873.25,25795.50,25828.00,25324,7029,25825.00,25878.00,25808.75,25866.75,19290,2552,25866.00,25891.00,25667.25,25677.00,123953,3596,25866.00,25891.00,25591.50,25719.25,233793,8941,25719.75,25732.25,25654.00,25715.25,63866,6613,25715.25,25748.00,25672.75,25719.50,38598,3351,25718.75,25729.50,25681.50,25701.75,48973,3352,25716.50,25722.50,25681.50,25701.75,36141,1746,25701.50,25704.25,25671.00,25682.25,21180,1716,25866.00,25891.00,25591.50,25701.75,385230,22257
2026-01-19,NQH6,33685,25471.00,25472.00,25236.50,25398.25,168250,25471.00,25472.00,25396.00,25465.75,11509,2269,25471.00,25472.00,25257.75,25289.75,101395,24457,25348.00,25410.75,25257.75,25331.50,34866,8332,25301.50,25347.75,25281.50,25289.75,9777,2029,25289.25,25344.00,25236.50,25319.00,26986,3126,25289.25,25383.50,25236.50,25377.25,56413,7219,25377.00,25417.25,25372.00,25398.25,10442,2009,,,,,0,0,,,,,0,0,,,,,0,0,,,,,0,0,25289.25,25417.25,25236.50,25398.25,66855,9228
2026-01-20,NQH6,56216,25394.75,25439.75,25095.25,25142.75,683009,25394.75,25405.00,25367.25,25381.00,4784,1262,25394.75,25439.75,25095.25,25232.25,160863,30900,25281.75,25288.25,25095.25,25252.00,67432,12474,25251.00,25251.00,25181.00,25232.25,29565,3071,25231.75,25368.50,25231.75,25356.00,144821,3600,25231.75,25429.75,25231.75,25400.75,265496,8977,25400.75,25406.75,25170.50,25202.25,104251,7036,25202.00,25225.00,25128.00,25167.00,52235,3509,25166.00,25172.50,25098.00,25110.25,73079,3547,25133.75,25143.75,25098.00,25110.25,42922,1786,25111.00,25167.25,25109.25,25144.25,27037,2228,25231.75,25429.75,25098.00,25110.25,495061,23069
2026-01-21,NQH6,52971,25149.50,25653.50,25025.00,25509.50,794674,25149.50,25175.25,25103.50,25110.00,5807,1457,25149.50,25258.00,25025.00,25205.50,157326,27650,25215.75,25234.00,25025.00,25087.75,47366,9670,25077.25,25258.00,25041.00,25205.50,54116,3328,25205.50,25386.75,25127.50,25377.00,128088,3600,25205.50,25494.25,25127.50,25228.75,274283,8986,25228.00,25294.75,25142.00,25283.00,153023,7120,25282.75,25648.25,25232.75,25633.25,106563,3544,25633.75,25653.50,25446.00,25481.00,79563,3586,25494.00,25515.75,25446.00,25481.00,42023,1791,25480.75,25530.75,25458.75,25507.50,23881,2075,25205.50,25653.50,25127.50,25481.00,613432,23236
2026-01-22,NQH6,48756,25529.50,25739.75,25483.75,25630.00,526657,25529.50,25569.25,25523.25,25552.50,5195,1375,25529.50,25739.75,25483.75,25725.25,105224,24481,25582.75,25715.75,25582.00,25692.75,39168,8709,25701.75,25739.75,25678.25,25725.25,19578,2818,25724.50,25731.75,25536.75,25596.00,138532,3600,25724.50,25731.75,25536.75,25673.00,226089,8901,25673.25,25723.50,25652.50,25674.00,72942,6609,25674.25,25715.25,25634.00,25639.75,36430,3334,25639.50,25664.00,25584.75,25655.25,61918,3515,25616.75,25662.75,25584.75,25655.25,37888,1783,25656.00,25676.50,25609.75,25626.00,23988,1898,25724.50,25731.75,25536.75,25655.25,397379,22359
2026-01-23,NQH6,47670,25605.00,25845.75,25540.25,25680.50,499583,25605.00,25629.25,25575.50,25615.50,5750,1391,25605.00,25731.50,25540.25,25607.25,98867,23117,25694.00,25694.00,25540.25,25628.25,46442,9605,25576.25,25611.00,25556.75,25607.25,16195,2596,25608.00,25763.50,25562.50,25743.75,112009,3590,25608.00,25845.75,25562.50,25786.25,207215,8929,25786.75,25808.00,25683.00,25728.25,93833,6816,25726.25,25774.75,25719.50,25747.75,31721,3237,25747.00,25755.75,25691.25,25753.50,47445,3452,25714.50,25755.75,25696.00,25753.50,27073,1757,25753.75,25754.00,25672.25,25679.50,20384,2099,25608.00,25845.75,25562.50,25753.50,380214,22434
2026-01-26,NQH6,50026,25585.50,25936.50,25365.25,25861.25,442305,25585.50,25585.50,25365.25,25564.75,12857,2321,25585.50,25743.50,25365.25,25740.50,110557,26121,25702.50,25742.00,25582.00,25686.50,30173,7821,25689.50,25743.50,25658.00,25740.50,13980,2430,25740.25,25886.50,25704.25,25842.25,97847,3591,25740.25,25928.50,25704.25,25904.75,181228,8868,25904.75,25936.50,25873.50,25900.75,61414,6509,25900.75,25913.75,25877.75,25881.75,25430,3154,25881.25,25895.00,25840.50,25844.00,39763,3308,25883.25,25895.00,25840.50,25844.00,26534,1690,25844.00,25871.00,25834.00,25861.25,23865,2046,25740.25,25936.50,25704.25,25844.00,307835,21839
2026-01-27,NQH6,45021,25861.25,26118.00,25838.50,26110.00,420244,25861.25,25897.00,25838.50,25888.25,4758,1389,25861.25,26043.00,25838.50,25986.00,79288,20952,26007.25,26043.00,25967.00,26006.00,28394,7175,26004.50,26010.00,25981.00,25986.00,13322,2337,25985.50,26074.75,25917.25,26050.00,115439,3588,25985.50,26106.75,25917.25,26083.50,187847,8804,26083.25,26097.75,26038.00,26092.50,66159,6630,26092.25,26099.75,26072.75,26095.00,23252,3154,26095.25,26114.25,26069.25,26075.75,40870,3363,26095.50,26101.75,26069.25,26075.75,26257,1718,26076.00,26118.00,26058.75,26108.75,22753,2103,25985.50,26114.25,25917.25,26075.75,318128,21951
2026-01-28,NQH6,50904,26111.25,26349.00,25993.25,26268.25,506423,26111.25,26148.00,26111.25,26138.00,4641,1249,26111.25,26349.00,26111.25,26251.25,104287,25300,26316.00,26331.50,26252.50,26285.75,35732,8647,26278.50,26285.25,26234.50,26251.25,15657,2633,26251.00,26301.00,26205.00,26221.75,102395,3593,26251.00,26301.00,26100.75,26121.75,181795,8892,26122.00,26180.00,26110.50,26177.50,65159,6622,26175.75,26210.25,26112.75,26187.25,58519,3473,26185.00,26212.25,26131.25,26170.75,45622,3449,26177.25,26188.50,26131.25,26170.75,25050,1737,26170.75,26287.75,25993.25,26268.75,50992,3150,26251.00,26301.00,26100.75,26170.75,351095,22436
2026-01-29,NQH6,51340,26282.50,26296.00,25536.00,25982.50,687692,26282.50,26296.00,26160.00,26172.50,12692,2249,26282.50,26296.00,26085.50,26145.75,105709,25838,26253.50,26280.50,26156.50,26174.25,32351,8489,26173.75,26203.50,26132.00,26145.75,15803,2541,26145.25,26175.00,25718.25,25740.50,190653,3600,26145.25,26175.00,25536.00,25713.00,350975,8996,25714.00,25891.50,25707.25,25840.75,106920,7029,25841.00,25898.50,25820.00,25862.75,35188,3369,25862.25,26020.00,25841.50,26003.50,52655,3448,25856.75,26020.00,25846.50,26003.50,36786,1779,26003.25,26050.00,25951.00,25989.25,36163,2640,26145.25,26175.00,25536.00,26003.50,545738,22842
2026-01-30,NQH6,57407,25998.50,26020.00,25568.75,25639.25,700879,25998.50,26020.00,25882.75,25973.00,11255,2032,25998.50,26020.00,25649.75,25824.00,151341,31768,25721.75,25905.25,25649.75,25843.50,52238,10791,25851.25,25888.00,25752.50,25824.00,20160,2923,25824.75,25940.00,25790.75,25799.50,122295,3598,25824.75,25940.00,25747.50,25749.00,239055,8971,25748.75,25795.75,25568.75,25754.75,141026,7145,25755.00,25781.50,25661.75,25664.00,61882,3549,25664.00,25731.75,25571.25,25665.75,77650,3574,25590.25,25731.75,25588.75,25665.75,46630,1790,25665.50,25707.00,25625.50,25637.50,29851,2376,25824.75,25940.00,25568.75,25665.75,519613,23239
2026-02-02,NQH6,60593,25530.00,25949.50,25180.25,25873.25,570038,25530.00,25571.75,25373.75,25533.25,17894,2625,25530.00,25645.75,25180.25,25535.75,203085,36480,25349.00,25527.25,25340.50,25486.75,49943,10003,25476.75,25546.75,25457.75,25535.75,15572,2649,25536.75,25912.25,25536.25,25870.75,130792,3597,25536.75,25912.25,25536.25,25892.50,210546,8893,25893.25,25949.50,25888.50,25944.25,53177,6392,25944.25,25945.00,25880.00,25894.00,25312,3214,25892.50,25900.00,25821.75,25854.25,54599,3519,25864.75,25867.50,25831.75,25854.25,24577,1760,25854.00,25896.00,25835.75,25874.75,23198,2078,25536.75,25949.50,25536.25,25854.25,343634,22018
2026-02-03,NQH6,49077,25876.50,26027.75,25219.00,25421.25,685605,25876.50,25977.00,25866.50,25947.50,6741,1680,25876.50,26027.75,25866.50,25931.25,80166,23046,26014.50,26024.00,25923.50,25980.50,25309,7482,25990.50,25999.50,25927.50,25931.25,11346,2323,25931.00,25952.25,25470.25,25539.50,176233,3599,25931.00,25952.25,25467.75,25498.00,305917,8983,25497.25,25502.50,25255.75,25260.00,129425,7139,25259.00,25359.25,25219.00,25324.25,72532,3579,25324.00,25454.00,25269.50,25452.00,62266,3562,25334.25,25454.00,25329.25,25452.00,37276,1788,25452.50,25477.00,25380.50,25419.75,35214,2752,25931.00,25952.25,25219.00,25452.00,570140,23263
2026-02-04,NQH6,52010,25387.50,25514.25,24783.50,25116.25,732808,25387.50,25442.00,25362.00,25424.75,7226,1527,25387.50,25514.25,25325.00,25385.00,107868,25552,25502.50,25509.50,25354.50,25407.25,39420,9377,25392.00,25418.00,25325.00,25385.00,19928,2838,25386.00,25390.00,25108.00,25246.00,157307,3600,25386.00,25390.00,24928.00,25035.00,300694,8994,25035.25,25057.50,24783.50,24919.75,153495,7162,24919.50,25115.50,24863.75,25109.50,72646,3565,25108.75,25123.75,24979.00,24995.75,54820,3533,25076.75,25098.50,24979.00,24995.75,28761,1762,24995.75,25181.25,24876.00,25114.50,43220,3182,25386.00,25390.00,24783.50,24995.75,581655,23254
2026-02-05,NQH6,57233,25061.75,25169.00,24407.25,24425.25,762113,25061.75,25125.00,25042.00,25062.50,6348,1472,25061.75,25169.00,24707.50,24772.75,176197,30735,25041.50,25123.75,24707.50,24800.75,65209,10362,24786.50,24869.25,24725.25,24772.75,35389,3360,24772.75,24960.75,24550.00,24584.00,173252,3600,24772.75,24960.75,24543.25,24823.75,320222,8995,24824.75,24887.50,24662.00,24707.25,99515,7062,24707.50,24839.25,24672.50,24706.50,47780,3534,24706.75,24808.00,24567.75,24644.50,69381,3579,24641.75,24679.00,24567.75,24644.50,40525,1795,24644.50,24720.00,24407.25,24428.75,48833,3303,24772.75,24960.75,24543.25,24644.50,536898,23170
2026-02-06,NQH6,59154,24416.00,25222.00,24239.75,25107.75,638954,24416.00,24474.00,24294.00,24339.25,15788,2443,24416.00,24873.25,24239.75,24764.75,181524,34359,24553.00,24873.25,24490.75,24787.25,63298,11792,24821.00,24851.75,24748.00,24764.75,20920,2835,24764.25,24984.00,24700.75,24898.50,164114,3600,24764.25,25051.75,24700.75,25000.50,278117,8958,24999.50,25124.00,24986.50,25085.00,75782,6801,25085.25,25108.75,25065.25,25072.25,24104,3237,25073.00,25222.00,25052.75,25183.75,51137,3439,25114.25,25222.00,25099.50,25183.75,36533,1776,25183.75,25187.00,25090.00,25109.50,28171,2333,24764.25,25222.00,24700.75,25183.75,429140,22435
2026-02-09,NQH6,52517,25153.75,25428.75,24955.50,25361.50,482764,25153.75,25294.50,25153.75,25272.00,8218,1986,25153.75,25346.50,24968.50,25056.25,125012,28457,25157.50,25215.25,24968.50,25094.75,45491,9438,25121.00,25123.50,25037.75,25056.25,17410,2582,25056.75,25254.00,24955.50,25191.75,115012,3596,25056.75,25404.00,24955.50,25394.25,195002,8904,25394.25,25416.50,25312.00,25368.50,75551,6776,25368.50,25428.75,25363.75,25401.75,24379,3152,25402.25,25413.00,25334.00,25371.50,42840,3379,25364.50,25392.25,25334.00,25371.50,28146,1740,25371.50,25374.75,25332.25,25361.25,19951,1836,25056.75,25428.75,24955.50,25371.50,337772,22211
2026-02-10,NQH6,47656,25363.00,25447.25,25198.25,25257.25,465118,25363.00,25395.50,25328.00,25348.25,5948,1447,25363.00,25421.50,25278.50,25386.25,97598,23529,25344.75,25421.50,25322.75,25340.50,31779,8277,25330.00,25398.00,25301.50,25386.25,15856,2641,25386.00,25447.25,25255.75,25402.75,112603,3595,25386.00,25447.25,25255.75,25326.75,192313,8830,25326.25,25397.75,25270.75,25315.75,81447,6772,25315.00,25323.25,25274.50,25292.50,29908,3243,25292.00,25296.75,25198.25,25221.25,44647,3424,25261.50,25268.50,25198.25,25221.25,27405,1736,25222.00,25257.00,25205.00,25254.50,19159,1844,25386.00,25447.25,25198.25,25221.25,348315,22269
2026-02-11,NQH6,46924,25259.00,25465.25,25058.25,25278.75,524535,25259.00,25287.75,25252.75,25273.75,3632,1122,25259.00,25452.00,25146.25,25434.25,103587,22356,25271.75,25279.00,25146.25,25245.00,34870,8509,25254.00,25452.00,25238.00,25434.25,36882,3290,25434.00,25465.25,25058.25,25105.75,144405,3598,25434.00,25465.25,25058.25,25185.00,245080,8939,25185.00,25325.00,25141.75,25301.25,88126,6990,25302.50,25360.50,25257.75,25306.50,35009,3380,25307.00,25322.50,25271.75,25302.00,33706,3324,25290.25,25321.50,25271.75,25302.00,22543,1728,25301.75,25308.00,25268.00,25280.50,18966,1917,25434.00,25465.25,25058.25,25302.00,401921,22633
2026-02-12,NQH6,46899,25289.00,25419.75,24721.50,24822.00,653809,25289.00,25296.50,25206.00,25234.50,5908,1375,25289.00,25419.75,25206.00,25352.50,76238,21217,25349.00,25384.00,25324.75,25356.75,21173,6622,25339.25,25419.75,25331.25,25352.50,16604,2703,25352.25,25392.50,25169.75,25238.75,119503,3593,25352.25,25392.50,24805.75,24867.25,288513,8990,24867.25,24940.75,24800.25,24905.75,128565,7130,24906.75,24943.75,24846.50,24885.75,56185,3482,24886.00,24912.75,24721.50,24770.00,72736,3563,24811.25,24834.50,24721.50,24770.00,46436,1794,24770.50,24839.75,24743.75,24819.75,31513,2498,25352.25,25392.50,24721.50,24770.00,545999,23165
2026-02-13,NQH6,56342,24842.25,24995.50,24578.75,24773.50,678824,24842.25,24856.75,24744.75,24822.75,12675,2024,24842.25,24864.75,24620.50,24737.75,186163,31509,24743.75,24808.00,24624.00,24689.00,55505,10734,24691.25,24823.25,24691.25,24737.75,42769,3371,24737.00,24870.50,24578.75,24857.75,175251,3600,24737.00,24934.50,24578.75,24905.00,280304,8962,24904.50,24995.50,24883.50,24938.00,83392,6944,24937.25,24968.50,24852.75,24853.25,37985,3431,24853.50,24890.50,24731.75,24807.00,69944,3552,24756.00,24810.50,24731.75,24807.00,44568,1799,24807.00,24828.00,24772.75,24782.75,20962,1924,24737.00,24995.50,24578.75,24807.00,471625,22889
2026-02-16,NQH6,23445,24789.75,24922.25,24670.75,24747.25,106793,24789.75,24834.75,24754.50,24827.00,6796,1627,24789.75,24922.25,24754.50,24768.00,49034,14482,24859.50,24922.25,24841.00,24869.25,14265,4719,24862.50,24875.75,24754.75,24768.00,8781,1718,24768.00,24797.50,24692.75,24717.00,24522,3034,24768.00,24797.50,24670.75,24725.25,50474,7209,24726.25,24770.75,24713.50,24747.25,7285,1754,,,,,0,0,,,,,0,0,,,,,0,0,,,,,0,0,24768.00,24797.50,24670.75,24747.25,57759,8963
2026-02-17,NQH6,51000,24746.25,24889.75,24449.25,24768.25,636519,24746.25,24842.50,24739.00,24812.75,6042,1375,24746.25,24842.50,24518.00,24655.25,130408,25755,24655.75,24726.75,24572.25,24587.50,34539,8361,24605.50,24705.25,24577.00,24655.25,21253,2751,24656.50,24815.75,24462.25,24517.00,144068,3600,24656.50,24815.75,24449.25,24763.50,274991,8966,24763.75,24874.75,24608.75,24839.00,107404,7039,24839.25,24889.75,24807.75,24814.00,42944,3461,24812.50,24841.75,24735.75,24746.00,57264,3497,24780.00,24795.75,24735.75,24746.00,31725,1773,24745.75,24818.50,24744.25,24768.50,23472,2268,24656.50,24889.75,24449.25,24746.00,482603,22963
2026-02-18,NQH6,46661,24773.75,25128.25,24700.75,24936.50,532109,24773.75,24783.25,24700.75,24711.50,6665,1451,24773.75,24962.50,24700.75,24812.25,97569,21985,24830.25,24962.50,24830.25,24889.75,40902,8543,24895.25,24921.75,24808.50,24812.25,17077,2771,24811.75,25074.00,24752.00,25059.50,142114,3597,24811.75,25117.25,24752.00,25066.50,216327,8872,25066.00,25128.25,24981.75,25024.00,80457,6853,25025.00,25036.75,24862.00,24878.50,56897,3512,24877.25,24998.00,24856.00,24966.25,60206,3554,24884.25,24998.00,24870.75,24966.25,33715,1779,24966.25,24967.25,24926.50,24940.00,20612,1870,24811.75,25128.25,24752.00,24966.25,413887,22791
2026-02-19,NQH6,48008,24943.50,25054.00,24749.00,24836.00,500469,24943.50,24995.00,24942.25,24966.25,5198,1384,24943.50,25054.00,24798.00,24835.75,95452,23259,25021.25,25054.00,24815.00,24873.50,40895,9340,24827.25,24881.00,24798.00,24835.75,17656,2727,24836.25,24956.50,24763.00,24862.75,120955,3595,24836.25,24959.50,24763.00,24844.00,215204,8943,24843.75,24904.75,24749.00,24836.75,93499,6919,24836.50,24849.25,24751.50,24781.00,35215,3362,24782.00,24863.00,24777.50,24863.00,39877,3407,24788.00,24863.00,24783.00,24863.00,23119,1720,24862.75,24871.50,24828.75,24836.25,21194,2100,24836.25,24959.50,24749.00,24863.00,383795,22631
2026-02-20,NQH6,47804,24837.75,25139.50,24678.50,25077.50,609190,24837.75,24889.25,24826.00,24878.00,4585,1249,24837.75,24984.75,24696.75,24703.75,105153,23010,24916.75,24984.75,24791.00,24826.75,34288,8546,24859.75,24864.00,24696.75,24703.75,30254,3203,24703.50,25083.00,24678.50,24982.25,147027,3598,24703.50,25139.50,24678.50,25113.00,263526,8981,25113.00,25122.25,24879.25,25095.25,148795,7131,25095.25,25118.75,25024.50,25026.25,32796,3389,25027.00,25077.25,25014.25,25062.00,39221,3405,25016.50,25072.25,25016.25,25062.00,22986,1722,25061.50,25088.00,25058.00,25078.00,19633,1870,24703.50,25139.50,24678.50,25062.00,484338,22906
2026-02-23,NQH6,50791,25033.75,25059.75,24668.00,24786.25,583352,25033.75,25059.75,24936.50,24976.00,11476,2175,25033.75,25059.75,24807.25,24973.50,114978,26088,24902.00,25004.00,24877.50,24901.50,32124,8227,24923.50,24977.25,24910.00,24973.50,13648,2526,24973.50,25040.00,24840.50,24868.00,129169,3599,24973.50,25040.00,24668.00,24729.25,254696,8984,24728.25,24820.25,24677.50,24724.50,92541,6942,24724.50,24755.00,24683.75,24687.50,40874,3435,24687.00,24760.00,24678.75,24746.50,55427,3481,24709.50,24760.00,24704.50,24746.50,35587,1767,24747.00,24796.50,24746.50,24784.50,24762,1840,24973.50,25040.00,24668.00,24746.50,443538,22842
2026-02-24,NQH6,47968,24788.00,25078.75,24694.50,25016.25,510065,24788.00,24826.75,24767.00,24791.00,6724,1497,24788.00,24902.25,24761.00,24799.25,99465,23923,24835.25,24902.25,24761.00,24814.75,39010,8985,24857.00,24892.00,24797.25,24799.25,14777,2569,24798.75,25010.25,24694.50,25003.00,146898,3600,24798.75,25047.25,24694.50,25032.00,239289,8926,25032.50,25078.75,25011.50,25035.50,70652,6695,25036.25,25060.25,24988.50,25021.25,32629,3261,25022.00,25072.00,24994.75,25034.25,43983,3369,25002.00,25072.00,24994.75,25034.25,27432,1732,25035.00,25041.25,25003.25,25018.25,24005,1779,24798.75,25078.75,24694.50,25034.25,386553,22251
2026-02-25,NQH6,46488,25016.25,25494.75,24992.00,25461.75,409069,25016.25,25051.00,24992.00,25048.25,4357,1174,25016.25,25177.50,24992.00,25157.50,89202,22290,25038.50,25150.00,25036.00,25139.75,25306,6814,25144.75,25177.50,25123.75,25157.50,18498,2587,25158.50,25361.75,25156.50,25333.50,107955,3597,25158.50,25361.75,25156.50,25317.75,180180,8835,25318.00,25358.00,25310.50,25352.25,45349,6188,25352.50,25378.50,25349.50,25370.00,18720,3008,25369.75,25396.50,25352.00,25383.75,39105,3289,25369.75,25396.50,25352.00,25383.75,29296,1750,25384.25,25494.75,25370.00,25458.00,36421,2855,25158.50,25396.50,25156.50,25383.75,283354,21320
2026-02-26,NQH6,48795,25388.25,25418.25,24861.75,25028.00,581208,25388.25,25418.25,25274.75,25317.00,13941,2420,25388.25,25418.25,25264.75,25350.75,90933,23608,25349.50,25401.50,25343.25,25370.50,22801,6970,25399.00,25415.25,25342.25,25350.75,14922,2622,25350.50,25355.50,24885.00,24932.25,165439,3597,25350.50,25355.50,24861.75,24966.75,289097,8983,24966.75,25030.75,24888.75,24999.75,91953,7030,25001.00,25099.00,24988.25,25065.75,40435,3459,25065.75,25094.75,25024.00,25074.50,45656,3492,25027.75,25077.00,25026.25,25074.50,26138,1763,25074.75,25090.00,25026.50,25029.50,22951,2198,25350.50,25355.50,24861.75,25074.50,467141,22964
2026-02-27,NQH6,52138,25024.25,25098.75,24782.00,24952.75,552498,25024.25,25038.00,24955.00,24994.25,11557,2132,25024.25,25098.75,24793.75,24807.75,133354,26827,25073.25,25098.75,24898.00,24920.75,43890,9645,24886.00,24892.75,24793.75,24807.75,33630,3298,24808.00,24997.50,24782.00,24962.00,113942,3599,24808.00,25021.50,24782.00,24977.00,201698,8960,24977.25,25036.75,24874.75,24905.75,89586,7007,24905.75,24963.00,24873.00,24896.50,31526,3345,24896.00,25005.50,24892.50,24994.25,64019,3546,24985.25,25005.50,24921.75,24994.25,40572,1792,24993.00,25022.75,24939.25,24960.50,32198,2432,24808.00,25036.75,24782.00,24994.25,386829,22858
2026-03-02,NQH6,60006,24682.50,25101.00,24477.00,24995.75,615472,24682.50,24815.00,24635.50,24740.00,19970,2591,24682.50,24901.25,24477.00,24641.00,195671,35319,24543.00,24729.00,24477.00,24631.75,66906,12085,24697.25,24710.25,24592.75,24641.00,18363,2902,24642.00,24947.75,24605.00,24865.25,114793,3600,24642.00,25044.25,24605.00,25039.25,215737,8973,25039.00,25076.50,24968.50,24979.50,70651,6778,24979.25,25101.00,24966.25,25080.00,43620,3369,25080.25,25090.50,24946.75,25034.25,70141,3543,24976.00,25062.75,24962.00,25034.25,29972,1769,25034.25,25035.00,24976.50,25003.75,19608,2008,24642.00,25101.00,24605.00,25034.25,400149,22663
2026-03-03,NQH6,63067,25002.75,25011.00,24352.00,24709.75,704497,25002.75,25011.00,24944.25,24969.25,6771,1704,25002.75,25011.00,24370.00,24519.25,215374,37799,24671.75,24694.50,24370.00,24583.00,106409,14938,24530.00,24543.50,24447.75,24519.25,28092,3310,24519.00,24661.25,24352.00,24363.75,145165,3600,24519.00,24724.75,24352.00,24675.75,273465,8996,24675.75,24832.50,24602.50,24798.50,98601,7081,24798.25,24850.00,24709.50,24791.00,49119,3518,24789.50,24821.75,24718.00,24752.00,47803,3517,24785.75,24807.75,24718.00,24752.00,28100,1772,24752.00,24764.75,24691.50,24710.00,20068,2138,24519.00,24850.00,24352.00,24752.00,468988,23112
2026-03-04,NQH6,61831,24710.75,25217.75,24499.00,25138.00,588798,24710.75,24765.00,24669.75,24705.25,7686,1650,24710.75,24930.25,24499.00,24857.25,187497,37088,24662.75,24895.00,24611.50,24793.50,65868,12280,24887.00,24925.00,24850.75,24857.25,22485,2992,24857.75,25136.75,24826.00,25135.75,128733,3599,24857.75,25170.50,24826.00,25143.25,233623,8965,25143.50,25214.25,25105.00,25191.25,71166,6881,25191.75,25217.75,25180.25,25189.00,23450,3233,25189.00,25195.25,25113.50,25129.25,45244,3483,25149.75,25167.75,25113.50,25129.25,26593,1752,25129.00,25163.25,25092.50,25135.00,27706,2158,24857.75,25217.75,24826.00,25129.25,373483,22562
2026-03-05,NQH6,59604,25156.50,25250.00,24772.50,25010.50,670421,25156.50,25190.75,25140.00,25173.50,6405,1594,25156.50,25250.00,24962.75,24984.50,175910,34027,25064.75,25205.75,24973.25,25067.50,65035,11419,25051.00,25072.25,24962.75,24984.50,25775,3185,24984.75,25209.75,24984.25,24998.50,119740,3600,24984.75,25209.75,24930.50,25042.25,230620,8974,25043.25,25123.00,24772.50,24812.50,134071,7143,24813.00,24882.25,24792.50,24856.75,37250,3515,24857.00,25055.50,24826.75,25054.75,69765,3560,24956.75,25055.50,24941.00,25054.75,35614,1777,25054.25,25056.00,25000.25,25010.00,22713,2368,24984.75,25209.75,24772.50,25054.75,471706,23192
2026-03-06,NQH6,56818,25019.75,25141.50,24601.00,24661.25,629977,25019.75,25070.00,25001.00,25063.25,5821,1559,25019.75,25141.50,24612.50,24662.75,177644,31128,25125.00,25128.50,24805.50,24832.75,71622,12624,24867.75,24908.75,24612.50,24662.75,54121,3531,24663.75,24829.00,24608.75,24798.50,122572,3599,24663.75,24915.00,24608.75,24888.75,226716,8982,24888.75,24926.25,24744.25,24807.75,93404,7068,24808.25,24854.00,24773.50,24810.50,36607,3492,24811.50,24853.25,24601.00,24665.00,68344,3576,24656.50,24708.00,24601.00,24665.00,38056,1799,24665.50,24682.25,24618.00,24666.50,27152,2548,24663.75,24926.25,24601.00,24665.00,425071,23118
2026-03-09,NQH6,67903,24435.25,25058.00,24000.00,24958.00,696544,24435.25,24473.00,24223.00,24298.00,25124,2750,24435.25,24495.75,24000.00,24417.75,237568,42047,24250.25,24495.75,24210.00,24384.25,79015,14138,24453.50,24457.25,24350.00,24417.75,22244,3178,24418.00,24525.25,24313.00,24396.00,111362,3599,24418.00,24659.25,24313.00,24644.00,202976,8961,24643.50,24749.25,24575.75,24609.25,86041,7029,24608.00,24708.25,24603.25,24658.50,36243,3436,24657.25,25058.00,24640.00,24994.00,103106,3530,24938.25,25058.00,24894.75,24994.00,62023,1800,24993.75,25025.75,24907.50,24960.25,30493,2875,24418.00,25058.00,24313.00,24994.00,428366,22956
2026-03-10,NQH6,56548,24981.50,25217.50,24830.00,25010.50,552388,24981.50,24981.50,24870.00,24907.00,11138,2153,24981.50,25150.50,24830.00,24996.50,133470,31228,24952.75,25150.50,24939.00,24970.25,53188,11567,24928.50,25008.25,24892.00,24996.50,17179,2944,24997.50,25081.75,24892.25,25002.00,99279,3599,24997.50,25182.00,24892.25,25150.00,182314,8939,25150.00,25217.50,25080.25,25174.75,92562,7034,25173.75,25181.00,24987.75,25030.25,67707,3543,25029.75,25072.50,24940.25,24968.25,57768,3550,24998.00,25034.00,24940.25,24968.25,31897,1790,24968.25,25039.00,24967.00,25010.00,18526,2236,24997.50,25217.50,24892.25,24968.25,400351,23066
2026-03-11,NQH6,49515,25010.25,25180.00,24873.50,24945.50,467980,25010.25,25018.50,24951.50,24963.75,4785,1334,25010.25,25125.00,24895.75,25025.75,102426,25133,25040.25,25047.25,24895.75,24955.75,44377,10269,24993.25,25058.00,24909.25,25025.75,19753,2952,25025.75,25180.00,24978.75,25022.50,99211,3597,25025.75,25180.00,24888.00,24939.75,194503,8958,24939.50,25026.50,24873.50,24953.50,86406,6916,24953.00,24977.00,24888.75,24952.50,36292,3369,24952.50,25006.75,24913.50,24985.25,33530,3356,24936.75,25006.75,24928.50,24985.25,18616,1696,24985.25,24990.75,24940.00,24941.25,14719,1758,25025.75,25180.00,24873.50,24985.25,350731,22599
2026-03-12,NQH6,54933,24934.50,24949.25,24517.75,24568.50,542709,24934.50,24949.25,24816.50,24849.75,10938,2206,24934.50,24949.25,24695.50,24776.50,126675,29624,24808.00,24928.00,24806.50,24861.50,37829,9751,24837.25,24852.75,24750.50,24776.50,18494,2746,24776.75,24834.50,24630.50,24642.75,99542,3600,24776.75,24834.50,24561.00,24671.50,213323,8967,24670.75,24735.25,24585.25,24624.50,100630,7067,24625.00,24671.50,24595.25,24603.50,31012,3395,24603.75,24643.00,24542.75,24554.75,47447,3511,24608.00,24643.00,24542.75,24554.75,27896,1777,24555.00,24577.50,24517.75,24567.25,23574,2356,24776.75,24834.50,24542.75,24554.75,392412,22940
2026-03-13,NQH6,54284,24567.00,24805.25,24333.75,24335.25,539281,24567.00,24601.75,24540.00,24586.00,7476,1706,24567.00,24738.00,24397.00,24648.50,131632,29131,24478.25,24665.25,24397.00,24659.00,54408,10974,24653.00,24738.00,24634.00,24648.50,20602,2777,24647.75,24805.25,24611.00,24685.75,99674,3597,24647.75,24805.25,24391.75,24414.50,220410,8984,24414.25,24488.50,24353.00,24375.25,90430,7047,24376.00,24472.50,24367.25,24448.50,34956,3439,24448.00,24451.75,24350.50,24401.25,41752,3470,24374.75,24404.00,24350.50,24401.25,23980,1753,24401.00,24401.75,24336.50,24337.75,20021,2188,24647.75,24805.25,24350.50,24401.25,387548,22940
2026-03-16,NQH6,44949,24285.00,25035.00,24278.00,24872.25,288681,24285.00,24475.50,24278.00,24475.50,7875,1817,24285.00,24903.00,24278.00,24871.00,79814,22112,24779.00,24849.50,24503.75,24836.50,27089,8006,24876.00,24903.00,24861.00,24871.00,11544,2457,24872.25,24980.00,24836.50,24942.50,52232,3535,24872.25,24980.00,24833.25,24894.50,96006,8548,24894.50,24939.50,24832.25,24902.75,41988,6257,24901.75,24949.75,24891.75,24919.25,17955,2976,24919.25,25035.00,24850.00,24893.25,40721,3385,24911.75,24911.75,24850.00,24893.25,17547,1710,24892.75,24901.50,24861.50,24868.75,12146,1655,24872.25,25035.00,24832.25,24893.25,196670,21166
2026-03-17,NQM6,46759,24870.00,25117.00,24728.25,25027.50,354897,24870.00,24880.25,24833.75,24838.75,4173,1099,24870.00,25025.75,24728.25,25010.75,88907,23444,24753.75,24860.25,24737.50,24814.50,28371,8272,24907.75,25025.75,24907.00,25010.75,18242,2788,25010.25,25117.00,24964.00,25061.25,75488,3572,25010.25,25117.00,24951.25,24997.00,146720,8879,24998.00,25044.25,24946.25,25034.50,56210,6506,25034.50,25057.75,24989.75,25000.50,23311,3184,25001.00,25027.75,24982.00,25009.50,25676,3162,25006.00,25027.75,24994.75,25009.50,14361,1590,25010.25,25030.00,25004.25,25026.50,14030,1568,25010.25,25117.00,24946.25,25009.50,251917,21731
2026-03-18,NQM6,48571,25019.75,25210.50,24565.50,24606.25,444077,25019.75,25028.25,24990.75,25008.50,3517,997,25019.75,25210.50,24864.00,24930.50,115485,23197,25181.25,25198.25,25097.50,25112.50,29745,7844,25029.50,25032.25,24864.00,24930.50,38687,3428,24931.00,24998.25,24811.75,24828.75,77304,3583,24931.00,24998.25,24811.75,24906.75,143328,8850,24906.50,24912.00,24795.50,24876.00,55086,6595,24875.00,24916.50,24743.00,24744.00,45012,3480,24744.25,24801.50,24641.75,24644.75,56501,3544,24728.75,24742.25,24641.75,24644.75,32704,1781,24644.50,24690.00,24565.50,24609.25,28478,2878,24931.00,24998.25,24641.75,24644.75,299927,22469
2026-03-19,NQM6,59397,24622.00,24725.25,24326.75,24617.00,586238,24622.00,24628.50,24562.25,24592.50,7412,1754,24622.00,24725.25,24401.25,24440.75,177706,34115,24596.75,24650.25,24500.00,24541.00,72563,13213,24475.25,24513.25,24401.25,24440.75,31550,3358,24440.50,24546.75,24326.75,24415.50,92927,3596,24440.50,24577.50,24326.75,24470.50,183750,8951,24470.00,24522.75,24377.75,24454.00,78555,6994,24454.50,24524.50,24418.00,24514.50,38832,3427,24514.00,24691.50,24501.75,24577.50,86763,3570,24593.75,24614.50,24544.00,24577.50,28202,1774,24577.50,24633.00,24563.50,24617.25,20581,2322,24440.50,24691.50,24326.75,24577.50,387900,22942
2026-03-20,NQM6,55266,24632.75,24660.50,23971.25,24217.25,579181,24632.75,24658.50,24603.50,24637.50,5920,1446,24632.75,24660.50,24319.00,24504.00,134720,29141,24528.75,24616.25,24319.00,24441.00,64898,12364,24494.75,24527.50,24440.25,24504.00,20999,2981,24503.75,24506.25,24240.50,24269.00,104489,3597,24503.75,24506.25,24231.25,24315.25,191872,8948,24315.50,24356.75,24164.00,24206.25,90099,7044,24206.75,24222.25,24070.50,24100.50,45374,3493,24100.75,24118.00,23971.25,24093.50,79389,3583,24058.50,24105.25,23971.25,24093.50,53890,1798,24093.50,24216.00,24091.50,24209.50,37437,3029,24503.75,24506.25,23971.25,24093.50,406734,23068
2026-03-23,NQM6,64663,23902.00,24763.00,23772.50,24400.00,672424,23902.00,24095.00,23890.00,24042.25,18989,2821,23902.00,24763.00,23772.50,24500.25,268622,39598,23853.00,24763.00,23772.50,24380.00,121290,14261,24498.25,24648.00,24453.25,24500.25,42057,3500,24500.25,24688.25,24432.50,24633.25,97352,3597,24500.25,24690.00,24370.25,24385.00,193607,8979,24384.25,24471.50,24308.50,24459.25,105023,7043,24460.25,24536.75,24416.75,24516.50,39318,3406,24516.00,24517.50,24403.25,24407.25,41436,3440,24482.00,24514.00,24403.25,24407.25,25072,1743,24407.25,24433.75,24359.00,24393.25,24318,2182,24500.25,24690.00,24308.50,24407.25,379384,22868
2026-03-24,NQM6,55804,24417.25,24550.00,24134.00,24403.75,538222,24417.25,24489.75,24377.25,24483.50,6013,1475,24417.25,24507.25,24193.50,24257.25,137694,30144,24376.25,24507.25,24297.50,24377.75,49585,10574,24352.00,24359.75,24205.25,24257.25,23993,3092,24257.25,24317.50,24134.00,24216.50,91577,3593,24257.25,24385.25,24134.00,24313.00,189384,8892,24313.25,24346.25,24160.25,24225.50,85899,6936,24225.50,24348.00,24209.25,24275.50,41851,3384,24275.00,24319.75,24188.50,24201.75,38072,3386,24271.25,24280.75,24188.50,24201.75,23547,1747,24202.50,24550.00,24202.25,24410.75,45186,3038,24257.25,24385.25,24134.00,24201.75,355206,22598
2026-03-25,NQM6,53406,24420.00,24539.75,24286.50,24367.75,515447,24420.00,24458.50,24380.75,24425.00,8084,1776,24420.00,24539.75,24320.50,24430.25,138407,29190,24373.00,24535.00,24352.00,24485.00,50943,10317,24421.50,24485.25,24373.00,24430.25,19291,2877,24430.00,24526.00,24327.50,24475.50,96104,3595,24430.00,24526.00,24286.50,24378.25,196103,8923,24379.00,24493.75,24330.75,24423.50,89199,6886,24424.75,24453.00,24322.75,24356.75,32574,3268,24357.25,24395.00,24311.75,24365.25,44566,3462,24356.25,24391.50,24325.00,24365.25,20391,1734,24364.50,24393.00,24349.25,24372.50,14550,1661,24430.00,24526.00,24286.50,24365.25,362442,22539
2026-03-26,NQM6,54725,24373.50,24421.25,23763.25,23822.00,538803,24373.50,24373.50,24314.00,24315.25,4698,1304,24373.50,24421.25,24069.00,24142.75,125448,28867,24290.75,24298.00,24098.75,24099.75,46114,10110,24133.50,24159.75,24069.00,24142.75,19249,2958,24144.75,24242.50,24064.00,24177.75,89389,3570,24144.75,24242.50,24030.25,24087.00,180711,8867,24086.25,24101.75,23851.50,23857.25,89248,6959,23857.25,23900.75,23844.50,23877.75,38154,3473,23878.25,23886.50,23775.00,23781.50,56928,3543,23830.50,23845.75,23775.00,23781.50,34291,1784,23781.75,24022.25,23763.25,23822.25,48182,2996,24144.75,24242.50,23775.00,23781.50,365041,22842
2026-03-27,NQM6,57021,23824.00,23976.00,23232.50,23254.25,550358,23824.00,23890.75,23824.00,23869.50,8338,1900,23824.00,23976.00,23574.00,23655.25,147053,31477,23903.25,23906.75,23608.25,23658.50,64332,12046,23644.00,23661.00,23574.00,23655.25,21751,3026,23655.00,23664.00,23453.00,23483.25,96670,3597,23655.00,23664.00,23440.00,23550.50,190321,8936,23550.25,23556.75,23344.00,23365.75,85631,6909,23365.00,23396.25,23325.25,23340.00,39226,3407,23340.00,23360.50,23269.00,23351.00,55119,3504,23329.00,23351.00,23269.00,23351.00,35199,1778,23351.00,23351.50,23232.50,23254.75,32861,2762,23655.00,23664.00,23269.00,23351.00,370297,22756
2026-03-30,NQM6,58026,23189.50,23574.00,23024.50,23106.25,549468,23189.50,23242.25,23135.00,23211.25,15150,2512,23189.50,23574.00,23093.00,23514.75,159134,33050,23387.00,23574.00,23360.00,23452.50,51232,10431,23505.75,23524.00,23482.25,23514.75,14995,2731,23514.50,23538.25,23292.75,23332.75,88684,3588,23514.50,23538.25,23262.25,23378.00,189588,8950,23376.75,23380.25,23169.50,23210.25,86354,6948,23210.25,23213.00,23115.25,23121.50,31662,3381,23121.50,23165.25,23024.50,23136.50,61458,3545,23029.75,23165.25,23025.00,23136.50,36586,1784,23136.50,23147.75,23091.75,23102.00,21179,2130,23514.50,23538.25,23024.50,23136.50,369062,22824
2026-03-31,NQM6,61217,23119.50,23975.25,22961.50,23905.50,735377,23119.50,23147.75,23099.25,23102.25,5999,1588,23119.50,23439.25,22961.50,23392.25,198049,35496,23289.75,23398.00,23238.25,23361.00,60343,11620,23391.00,23439.25,23357.00,23392.25,19855,2957,23392.75,23580.75,23378.75,23571.00,98210,3594,23392.75,23587.75,23376.50,23452.00,200787,8950,23451.75,23876.00,23435.75,23759.75,190939,7126,23759.00,23872.00,23754.50,23858.75,42074,3496,23859.50,23975.25,23833.50,23927.75,66999,3556,23880.25,23975.25,23875.00,23927.75,44985,1788,23927.25,23945.50,23868.25,23906.50,36463,2574,23392.75,23975.25,23376.50,23927.75,500799,23128
2026-04-01,NQM6,56845,23889.00,24348.25,23880.00,24187.25,563402,23889.00,23974.00,23880.00,23955.25,9201,1971,23889.00,24246.00,23880.00,24089.25,165855,32132,24169.00,24205.00,24003.50,24191.25,57845,11319,24143.25,24246.00,24036.00,24089.25,33960,3265,24090.25,24210.75,24043.25,24184.00,96228,3591,24090.25,24327.00,24043.25,24318.25,188800,8940,24318.50,24348.25,24265.75,24272.50,61590,6643,24271.25,24273.50,24124.50,24157.50,65892,3553,24158.00,24255.75,24153.75,24206.25,58165,3520,24235.25,24255.75,24187.00,24206.25,37055,1780,24206.25,24215.75,24171.50,24186.25,23067,2040,24090.25,24348.25,24043.25,24206.25,374447,22656
2026-04-02,NQM6,56882,24180.00,24266.75,23666.00,24219.50,567490,24180.00,24206.00,24158.00,24175.50,5248,1398,24180.00,24245.75,23666.00,23758.75,157160,32182,23815.50,23882.00,23695.00,23695.00,40245,9646,23720.25,23764.25,23707.25,23758.75,20325,3093,23758.75,24004.25,23678.00,23955.25,107108,3596,23758.75,24266.75,23678.00,24138.00,251811,8971,24138.25,24182.75,24057.50,24091.50,74247,6847,24090.00,24165.00,24088.50,24139.75,29133,3310,24138.25,24224.25,24135.00,24214.00,35789,3373,24142.50,24224.25,24136.75,24214.00,21143,1700,24214.25,24233.75,24199.75,24216.50,19291,2175,23758.75,24266.75,23678.00,24214.00,390980,22501
2026-04-03,NQM6,12314,24219.50,24255.00,24106.00,24129.75,42430,24219.50,24219.50,24177.50,24202.75,4630,1036,24219.50,24255.00,24106.00,24129.75,42430,12314,24153.25,24167.50,24114.25,24153.00,8389,2909,24166.50,24245.25,24106.00,24129.75,6526,1393,,,,,0,0,,,,,0,0,,,,,0,0,,,,,0,0,,,,,0,0,,,,,0,0,,,,,0,0,,,,,0,0
2026-04-06,NQM6,51891,24093.50,24452.25,23981.50,24349.75,434240,24093.50,24097.00,23981.50,24090.25,18941,2772,24093.50,24398.25,23981.50,24266.75,129633,28400,24258.25,24398.25,24207.25,24303.50,34378,8291,24308.50,24338.00,24258.00,24266.75,12903,2456,24267.00,24452.25,24245.75,24365.25,95907,3594,24267.00,24452.25,24245.75,24321.25,167841,8808,24320.75,24346.75,24202.75,24265.75,62773,6515,24266.75,24364.25,24245.50,24350.50,31834,3246,24351.50,24376.25,24326.25,24359.75,26881,3064,24339.25,24376.25,24326.25,24359.75,17463,1582,24359.25,24370.00,24334.00,24348.00,15221,1840,24267.00,24452.25,24202.75,24359.75,289329,21633
2026-04-07,NQM6,52525,24348.75,24451.50,23941.50,24399.25,569404,24348.75,24384.00,24299.75,24306.50,6136,1428,24348.75,24422.00,24133.00,24240.50,132460,27037,24238.75,24422.00,24178.25,24216.75,52465,10038,24230.50,24281.00,24179.50,24240.50,19180,2792,24239.25,24308.00,23994.00,24103.25,100763,3595,24239.25,24308.00,23941.50,24106.25,193752,8882,24105.75,24299.75,24102.25,24225.00,92847,6857,24225.75,24238.25,24076.75,24103.50,37329,3399,24103.50,24361.75,24083.25,24358.75,80140,3546,24217.50,24361.75,24191.50,24358.75,41182,1766,24358.00,24451.50,24345.75,24395.75,32796,2785,24239.25,24361.75,23941.50,24358.75,404068,22684
2026-04-08,NQM6,60871,24514.00,25257.00,24355.00,25039.00,626765,24514.00,24919.75,24355.00,24916.50,35162,3018,24514.00,25257.00,24355.00,25195.00,211956,35933,25174.75,25245.25,25134.25,25211.00,46225,10834,25188.00,25237.25,25176.50,25195.00,22351,2985,25195.50,25249.75,25042.50,25063.25,111784,3593,25195.50,25249.75,24926.50,25079.25,211369,8931,25079.00,25157.50,25061.75,25093.50,72275,6798,25093.50,25131.75,24948.75,24953.75,46521,3474,24953.25,25063.50,24943.25,25063.00,59877,3554,24960.25,25063.50,24955.25,25063.00,34019,1783,25062.75,25097.00,25036.00,25037.00,24629,2158,25195.50,25249.75,24926.50,25063.00,390042,22757
2026-04-09,NQM6,51217,25037.75,25269.75,24953.00,25244.75,505801,25037.75,25065.00,25010.75,25032.00,5929,1570,25037.75,25074.50,24953.00,25072.25,106291,26612,25037.00,25048.75,24953.00,25034.25,40701,9651,25033.00,25074.50,25016.50,25072.25,17135,2716,25073.00,25111.50,24963.75,24966.75,88630,3589,25073.00,25197.75,24960.50,25186.75,195087,8915,25187.25,25265.75,25161.75,25225.00,92959,6880,25224.50,25231.25,25145.00,25184.50,47710,3434,25184.50,25269.75,25175.75,25251.50,44489,3440,25224.75,25269.75,25217.00,25251.50,26291,1741,25251.50,25255.50,25220.25,25241.75,19179,1916,25073.00,25269.75,24960.50,25251.50,380245,22669
2026-04-10,NQM6,47581,25237.00,25393.00,25193.00,25333.00,423912,25237.00,25254.75,25202.75,25207.50,6274,1359,25237.00,25386.00,25193.00,25306.75,91578,23149,25231.25,25302.25,25202.75,25271.00,34342,8376,25299.00,25386.00,25291.75,25306.75,16967,2792,25307.25,25369.25,25268.00,25341.75,80654,3577,25307.25,25393.00,25244.75,25260.50,172770,8913,25260.25,25301.50,25222.25,25269.00,73556,6807,25268.50,25281.25,25238.50,25262.00,29015,3263,25262.25,25302.00,25259.00,25286.00,38541,3382,25293.00,25296.25,25259.50,25286.00,23164,1718,25285.75,25330.00,25271.00,25330.00,18214,2038,25307.25,25393.00,25222.25,25286.00,313882,22365
2026-04-13,NQM6,51911,24980.00,25599.25,24904.50,25585.50,500858,24980.00,25019.25,24904.50,24959.50,21453,2743,24980.00,25213.75,24904.50,25208.50,126855,27581,25113.75,25194.75,25084.50,25089.75,35189,8210,25119.50,25213.75,25119.25,25208.50,17471,2705,25209.50,25333.00,25160.00,25290.00,106701,3594,25209.50,25360.75,25160.00,25308.00,179595,8829,25308.00,25439.50,25282.50,25406.25,95725,6752,25405.75,25454.50,25396.00,25445.50,26039,3137,25445.25,25550.25,25431.00,25543.25,46420,3353,25457.75,25550.25,25450.75,25543.25,33862,1747,25543.00,25599.25,25533.50,25584.25,26120,2235,25209.50,25550.25,25160.00,25543.25,347779,22071
2026-04-14,NQM6,47692,25575.25,26003.25,25560.00,25990.00,461316,25575.25,25597.50,25564.25,25593.00,5372,1393,25575.25,25723.00,25560.00,25663.00,90420,23079,25584.25,25698.00,25581.50,25670.50,33443,8596,25688.50,25723.00,25651.75,25663.00,15743,2563,25662.25,25806.25,25655.00,25803.00,91880,3593,25662.25,25899.75,25655.00,25877.00,176089,8922,25877.00,25969.25,25872.00,25956.50,71862,6737,25956.00,25964.75,25884.25,25916.25,40339,3416,25916.25,25999.00,25915.00,25993.50,58132,3508,25988.50,25999.00,25954.00,25993.50,35239,1764,25993.25,26003.25,25972.00,25990.75,24418,2010,25662.25,25999.00,25655.00,25993.50,346422,22583
2026-04-15,NQM6,49671,25985.75,26377.50,25933.75,26359.50,504256,25985.75,26015.00,25976.50,25996.00,5622,1335,25985.75,26058.00,25933.75,26020.25,104500,24697,25987.25,26048.00,25933.75,26002.50,39822,8763,25971.50,26026.00,25970.00,26020.25,13426,2480,26019.25,26132.50,25982.25,26130.50,90942,3589,26019.25,26215.50,25982.25,26205.75,175285,8908,26205.75,26251.50,26102.25,26192.00,96603,6949,26192.00,26315.25,26173.25,26307.25,45806,3452,26307.25,26377.50,26292.25,26375.50,57684,3500,26335.50,26377.50,26329.25,26375.50,34989,1772,26375.00,26376.50,26330.00,26357.25,24292,2141,26019.25,26377.50,25982.25,26375.50,375378,22809
2026-04-16,NQM6,50098,26350.00,26564.00,26275.50,26464.25,577541,26350.00,26393.25,26345.00,26388.50,4777,1314,26350.00,26488.00,26345.00,26428.75,99720,24929,26482.00,26488.00,26364.50,26420.75,36995,8937,26425.25,26433.75,26392.75,26428.75,14737,2548,26428.75,26453.25,26275.50,26357.00,119116,3597,26428.75,26543.00,26275.50,26532.25,229180,8972,26532.00,26564.00,26430.50,26459.25,108353,6984,26459.75,26484.25,26355.00,26426.50,68944,3565,26426.75,26498.50,26423.75,26498.25,49539,3487,26447.00,26498.50,26439.75,26498.25,28964,1761,26497.75,26498.25,26440.75,26465.25,21744,2152,26428.75,26564.00,26275.50,26498.25,456016,23008
2026-04-17,NQM6,47536,26460.00,26884.75,26440.00,26840.75,582463,26460.00,26487.25,26445.25,26473.75,4649,1232,26460.00,26817.75,26440.00,26687.50,128777,22539,26458.00,26568.25,26454.50,26564.75,27904,7762,26613.75,26817.75,26602.25,26687.50,58625,3450,26687.00,26776.00,26629.50,26744.75,110174,3590,26687.00,26877.00,26629.50,26808.25,218636,8966,26807.50,26884.75,26735.50,26807.00,114989,6980,26807.25,26822.00,26755.50,26788.50,50663,3446,26788.25,26831.00,26757.75,26827.50,48637,3462,26779.00,26831.00,26777.50,26827.50,31291,1760,26827.50,26845.00,26816.00,26841.50,20671,2122,26687.00,26884.75,26629.50,26827.50,432925,22854
2026-04-20,NQM6,51701,26599.75,26827.75,26535.00,26774.25,490577,26599.75,26675.00,26535.00,26663.50,18550,2526,26599.75,26803.00,26535.00,26792.00,121986,27136,26685.25,26732.50,26619.00,26710.00,34576,8710,26718.00,26803.00,26710.75,26792.00,19110,2752,26791.75,26827.75,26715.75,26731.00,89103,3593,26791.75,26827.75,26568.75,26658.50,206690,8947,26658.00,26727.00,26639.25,26705.00,67425,6655,26705.00,26748.50,26696.75,26731.25,35081,3278,26731.75,26750.00,26709.25,26749.75,32989,3320,26726.75,26750.00,26709.25,26749.75,22320,1721,26749.50,26809.75,26729.25,26780.50,26366,2351,26791.75,26827.75,26568.75,26749.75,342185,22200
2026-04-21,NQM6,47153,26776.75,26901.75,26551.75,26721.25,599674,26776.75,26817.50,26756.50,26809.75,4155,1099,26776.75,26901.75,26756.50,26812.50,85304,21545,26846.00,26901.75,26797.25,26879.75,28479,7687,26859.25,26872.75,26798.50,26812.50,17686,2644,26812.25,26885.25,26726.75,26835.75,90083,3588,26812.25,26885.25,26662.50,26727.00,214553,8932,26727.00,26782.75,26600.00,26696.50,134789,7015,26696.75,26746.25,26659.50,26712.50,46077,3318,26713.50,26786.50,26551.75,26634.00,81511,3513,26774.25,26786.50,26551.75,26634.00,51992,1789,26634.25,26794.25,26601.75,26731.50,37329,2809,26812.25,26885.25,26551.75,26634.00,476930,22778
2026-04-22,NQM6,49387,26729.50,27136.00,26727.75,27106.50,498627,26729.50,26760.50,26727.75,26741.00,4834,1249,26729.50,26900.50,26727.75,26875.50,118211,24469,26834.25,26864.50,26779.75,26833.00,37272,8878,26876.75,26888.00,26817.00,26875.50,26426,2903,26874.75,26988.75,26811.50,26984.75,95267,3595,26874.75,27008.75,26811.50,26980.25,185044,8926,26981.00,27050.00,26957.25,27034.00,80240,6770,27034.75,27041.00,26992.50,27014.00,30385,3279,27014.00,27093.00,26978.00,27081.25,54657,3475,27043.75,27093.00,27036.75,27081.25,29145,1727,27081.25,27136.00,27069.00,27106.00,30003,2447,26874.75,27093.00,26811.50,27081.25,350326,22450
2026-04-23,NQM6,54148,27075.00,27155.75,26681.75,26942.75,635289,27075.00,27098.00,27066.00,27089.25,3676,1140,27075.00,27099.75,26848.00,27021.25,136282,28744,26990.25,27048.50,26890.00,27031.00,39410,9607,27032.25,27049.50,26956.75,27021.25,20456,2741,27020.25,27102.75,26965.00,27008.25,88532,3592,27020.25,27155.75,26965.00,27089.00,181518,8927,27088.25,27119.00,26681.75,26883.00,182870,6999,26882.00,26982.25,26842.50,26849.25,58053,3524,26850.75,26943.00,26840.25,26943.00,51532,3484,26918.75,26943.00,26840.25,26943.00,30174,1768,26942.75,26988.50,26909.25,26942.75,24934,2451,27020.25,27155.75,26681.75,26943.00,473973,22934
2026-04-24,NQM6,53417,26992.00,27462.50,26992.00,27440.25,532415,26992.00,27053.00,26992.00,27041.50,7329,1492,26992.00,27363.75,26992.00,27221.00,144876,28522,27074.00,27363.75,27064.50,27276.00,65622,10614,27290.75,27294.50,27203.00,27221.00,22151,2966,27220.25,27267.25,27130.25,27200.50,101786,3596,27220.25,27417.50,27130.25,27394.25,205324,8956,27394.00,27462.50,27360.00,27431.50,80904,6865,27431.00,27443.00,27383.75,27406.00,31662,3386,27406.25,27454.50,27404.00,27432.25,47461,3480,27424.75,27446.00,27404.00,27432.25,29875,1766,27432.25,27443.50,27409.00,27443.25,22104,2188,27220.25,27462.50,27130.25,27432.25,365351,22687
2026-04-27,NQM6,51304,27403.25,27542.50,27298.50,27418.50,434646,27403.25,27421.75,27344.25,27398.50,9324,1899,27403.25,27542.50,27344.25,27397.50,117161,27414,27433.75,27500.25,27388.00,27483.00,27765,8073,27412.25,27437.25,27384.25,27397.50,22478,2971,27397.25,27435.00,27298.50,27360.75,101809,3596,27397.25,27435.00,27298.50,27368.25,190073,8883,27368.25,27439.75,27347.75,27428.50,59948,6627,27428.25,27437.25,27391.00,27405.25,20053,3092,27405.75,27454.75,27390.50,27439.25,32537,3365,27425.00,27454.75,27411.00,27439.25,21349,1725,27439.25,27446.00,27411.25,27420.75,14838,1909,27397.25,27454.75,27298.50,27439.25,302611,21967
2026-04-28,NQM6,54925,27423.00,27512.00,27009.50,27191.50,591663,27423.00,27501.50,27420.25,27485.50,7215,1518,27423.00,27512.00,27036.50,27150.50,161928,30110,27335.75,27360.00,27080.50,27098.50,62597,11776,27053.00,27179.75,27036.50,27150.50,30693,3343,27150.25,27252.00,27068.25,27177.75,110330,3595,27150.25,27252.00,27009.50,27044.25,239557,8949,27044.50,27144.25,27028.00,27141.25,82916,6906,27141.00,27194.75,27120.75,27193.75,38486,3364,27194.00,27224.50,27154.50,27176.50,46799,3451,27181.75,27191.75,27154.50,27176.50,25978,1714,27176.25,27207.25,27147.25,27191.25,21932,2129,27150.25,27252.00,27009.50,27176.50,407758,22670
2026-04-29,NQM6,50746,27197.25,27414.00,27094.00,27148.75,511472,27197.25,27233.00,27197.25,27223.25,4352,1122,27197.25,27317.25,27191.75,27209.75,98465,24686,27264.75,27288.50,27198.00,27251.50,34321,9274,27237.25,27251.25,27191.75,27209.75,15404,2563,27209.75,27277.00,27124.25,27270.25,77677,3591,27209.75,27315.50,27124.25,27237.00,170190,8915,27236.50,27273.50,27153.50,27244.50,79212,6750,27245.25,27295.50,27158.00,27292.00,49072,3476,27292.75,27340.25,27262.25,27309.75,53339,3537,27315.25,27317.00,27262.25,27309.75,28163,1767,27309.75,27414.00,27094.00,27153.75,61012,3355,27209.75,27340.25,27124.25,27309.75,351813,22678
2026-04-30,NQM6,63013,27207.00,27622.75,27163.25,27598.50,688492,27207.00,27500.00,27207.00,27472.25,22642,2764,27207.00,27622.75,27185.25,27495.50,199071,37345,27280.00,27494.25,27269.75,27442.00,55598,11989,27533.50,27550.00,27466.25,27495.50,19513,3011,27496.00,27501.50,27163.25,27228.25,141123,3600,27496.00,27501.50,27163.25,27394.25,264107,8981,27394.75,27548.00,27347.75,27544.25,93631,6976,27544.75,27591.75,27541.00,27552.50,42216,3470,27552.00,27622.00,27542.00,27607.00,52073,3500,27601.25,27622.00,27572.25,27607.00,31914,1773,27606.75,27620.25,27557.00,27601.00,37341,2723,27496.00,27622.00,27163.25,27607.00,452027,22927
2026-05-01,NQM6,46114,27631.75,27917.00,27536.25,27783.25,499576,27631.75,27646.50,27556.25,27574.75,8773,1760,27631.75,27674.50,27536.25,27623.25,85562,20870,27600.00,27625.75,27536.25,27560.25,21584,6401,27619.75,27635.00,27565.75,27623.25,14553,2540,27623.00,27909.25,27617.75,27874.00,113924,3593,27623.00,27917.00,27617.75,27892.25,225016,8936,27892.00,27901.50,27805.50,27886.25,77564,6813,27886.50,27890.25,27794.75,27818.25,38779,3430,27818.75,27900.75,27818.00,27827.00,47383,3494,27895.75,27900.75,27822.75,27827.00,27925,1762,27826.75,27842.75,27755.75,27783.50,25196,2546,27623.00,27917.00,27617.75,27827.00,388742,22673
2026-05-04,NQM6,53588,27890.00,27965.75,27613.00,27743.00,563422,27890.00,27926.00,27836.00,27852.50,11724,2038,27890.00,27965.75,27662.25,27854.25,158681,29135,27898.25,27951.25,27662.25,27827.75,66959,10363,27865.50,27880.75,27787.50,27854.25,20039,2572,27854.00,27913.25,27808.25,27881.50,80681,3575,27854.00,27941.00,27697.25,27750.00,204715,8937,27749.25,27803.75,27613.00,27795.75,110475,6878,27796.75,27818.75,27718.00,27762.00,35610,3370,27762.75,27794.00,27739.75,27774.00,40287,3372,27781.50,27794.00,27747.00,27774.00,20586,1696,27774.50,27781.00,27738.75,27742.75,13601,1875,27854.00,27941.00,27613.00,27774.00,391087,22557
2026-05-05,NQM6,47731,27760.00,28247.00,27731.75,28207.25,443187,27760.00,27789.50,27740.75,27753.25,3712,1102,27760.00,28008.50,27731.75,27991.50,92149,22610,27879.50,27959.00,27874.75,27943.00,33568,8156,27986.50,28008.50,27970.25,27991.50,12569,2432,27992.25,28134.00,27971.00,28125.75,114829,3595,27992.25,28149.75,27971.00,28126.25,184535,8852,28126.50,28167.75,28090.25,28160.50,64372,6567,28160.00,28186.25,28154.25,28170.50,24273,3234,28170.00,28188.25,28108.75,28133.25,44155,3427,28167.00,28170.00,28108.75,28133.25,30461,1736,28133.00,28247.00,28110.00,28210.25,33587,3020,27992.25,28188.25,27971.00,28133.25,317335,22080
2026-05-06,NQM6,60461,28250.00,28800.00,28243.00,28712.25,620719,28250.00,28422.00,28243.00,28371.75,14120,2084,28250.00,28634.25,28243.00,28388.75,207177,34883,28335.50,28634.25,28308.00,28532.50,86500,13391,28495.00,28503.75,28372.00,28388.75,31872,3296,28388.00,28506.00,28336.00,28430.75,130418,3598,28388.00,28586.75,28336.00,28563.50,221868,8931,28563.00,28610.25,28512.25,28599.75,63663,6757,28599.75,28665.75,28591.75,28645.50,34101,3372,28645.75,28725.75,28637.75,28721.50,56561,3523,28699.75,28725.75,28666.75,28721.50,36562,1777,28721.50,28800.00,28694.50,28709.50,37180,2969,28388.00,28725.75,28336.00,28721.50,376193,22583
2026-05-07,NQM6,52422,28662.75,28944.75,28552.00,28644.00,648101,28662.75,28702.00,28650.00,28672.00,6846,1626,28662.75,28814.50,28637.00,28748.00,103230,26684,28738.50,28814.50,28690.25,28730.00,39963,9798,28737.75,28764.00,28727.25,28748.00,13885,2571,28748.00,28902.50,28708.00,28891.00,112255,3600,28748.00,28944.75,28708.00,28783.00,217163,8963,28783.75,28788.25,28552.00,28688.25,174998,7175,28688.00,28721.50,28582.75,28642.00,63602,3521,28644.00,28708.75,28586.75,28685.00,58571,3521,28614.00,28708.75,28607.75,28685.00,31484,1774,28685.50,28766.25,28633.00,28646.50,30443,2532,28748.00,28944.75,28552.00,28685.00,514334,23180
2026-05-08,NQM6,51587,28582.00,29386.75,28541.00,29333.75,527654,28582.00,28670.75,28541.00,28609.75,10473,1896,28582.00,28976.00,28541.00,28873.50,113002,26316,28836.00,28915.00,28803.50,28898.25,32606,8803,28896.00,28976.00,28862.75,28873.50,29932,3130,28873.25,29166.00,28859.50,29127.00,109346,3599,28873.25,29217.75,28859.50,29189.75,202706,8931,29191.00,29317.50,29186.25,29268.25,90330,6932,29267.75,29305.50,29237.75,29250.50,33860,3300,29250.00,29336.50,29237.75,29330.50,55824,3481,29264.25,29336.50,29256.25,29330.50,36528,1756,29330.50,29386.75,29325.75,29332.75,31823,2603,28873.25,29336.50,28859.50,29330.50,382720,22644
2026-05-11,NQM6,55331,29294.00,29480.00,29225.75,29400.00,539212,29294.00,29320.00,29225.75,29297.25,11124,2140,29294.00,29399.75,29225.75,29288.75,145762,30349,29324.50,29389.00,29263.25,29347.50,38896,9709,29307.25,29315.00,29259.25,29288.75,18058,2704,29289.50,29434.75,29281.50,29307.75,107716,3590,29289.50,29475.25,29246.75,29462.50,200695,8902,29463.25,29480.00,29369.00,29443.75,78777,6928,29444.25,29475.00,29399.75,29401.25,31708,3365,29400.50,29434.50,29371.25,29422.00,56862,3562,29380.50,29431.75,29371.50,29422.00,30587,1788,29421.75,29430.00,29314.75,29397.00,25354,2209,29289.50,29480.00,29246.75,29422.00,368042,22757
2026-05-12,NQM6,55358,29399.00,29455.75,28742.00,29134.25,703198,29399.00,29455.75,29398.00,29446.00,4853,1116,29399.00,29455.75,29113.00,29214.00,147778,29632,29221.75,29254.50,29133.00,29165.25,48269,10358,29142.75,29237.00,29113.00,29214.00,29883,3160,29213.50,29296.00,29081.00,29098.00,144249,3598,29213.50,29296.00,28834.75,28842.75,284008,8991,28843.00,28929.75,28742.00,28923.25,122452,7102,28922.50,29007.25,28911.25,28954.00,53743,3534,28954.00,29188.25,28953.75,29169.25,67976,3569,29048.00,29188.25,29042.75,29169.25,41793,1798,29169.50,29176.00,29103.00,29136.75,27182,2514,29213.50,29296.00,28742.00,29169.25,528179,23196
2026-05-13,NQM6,53579,29143.75,29565.50,29055.50,29536.00,559962,29143.75,29187.00,29133.50,29147.00,4983,1301,29143.75,29447.00,29055.50,29289.75,140257,28462,29306.75,29447.00,29289.50,29373.75,37995,9164,29352.00,29360.75,29200.00,29289.75,33293,3197,29288.75,29294.75,29075.00,29240.00,133317,3598,29288.75,29386.75,29075.00,29306.50,220882,8924,29307.75,29496.25,29299.25,29450.50,82539,6825,29449.75,29565.50,29441.50,29477.25,47608,3489,29477.75,29540.00,29449.50,29483.75,47418,3483,29517.25,29539.50,29449.50,29483.75,28242,1729,29483.25,29547.00,29448.75,29535.50,21227,2385,29288.75,29565.50,29075.00,29483.75,398447,22721
2026-05-14,NQM6,54705,29537.00,29782.00,29448.25,29688.50,601457,29537.00,29609.25,29528.00,29591.00,8032,1602,29537.00,29693.00,29448.25,29478.25,139469,29367,29610.75,29633.00,29480.50,29549.00,41096,9494,29564.50,29566.00,29448.25,29478.25,21518,2874,29478.50,29684.75,29458.50,29604.00,133836,3598,29478.50,29773.75,29458.50,29761.75,225050,8944,29762.25,29782.00,29595.25,29733.00,115462,7026,29732.75,29736.50,29640.50,29703.00,50970,3484,29703.00,29735.00,29679.00,29679.75,47975,3503,29701.75,29735.00,29679.00,29679.75,27461,1768,29679.50,29737.75,29633.75,29684.00,22487,2365,29478.50,29782.00,29458.50,29679.75,439457,22957
2026-05-15,NQM6,63552,29690.00,29734.00,29089.75,29173.00,739183,29690.00,29720.50,29670.00,29708.50,5338,1335,29690.00,29734.00,29142.50,29284.75,224397,37769,29398.00,29469.25,29177.00,29260.00,85645,13634,29192.50,29285.50,29142.50,29284.75,30666,3260,29284.75,29382.75,29089.75,29276.75,161720,3600,29284.75,29382.75,29089.75,29283.75,278860,8991,29282.75,29448.00,29251.50,29440.25,86846,6990,29440.25,29486.75,29316.00,29390.50,52481,3502,29390.75,29398.25,29208.25,29243.75,58547,3534,29287.50,29340.25,29208.25,29243.75,35822,1769,29243.75,29244.25,29111.00,29183.75,37985,2749,29284.75,29486.75,29089.75,29243.75,476734,23017
2026-05-18,NQM6,63315,29135.00,29419.75,28814.75,29076.00,838221,29135.00,29283.75,29110.00,29228.25,16234,2519,29135.00,29419.75,28926.00,29358.75,252867,38121,29099.50,29274.25,29052.00,29172.75,72927,11511,29206.00,29419.75,29187.00,29358.75,44654,3289,29358.50,29358.50,29129.00,29141.50,148394,3599,29358.50,29358.50,28941.50,28997.00,290988,8979,28997.25,29074.00,28842.50,29018.50,120379,7068,29019.25,29023.00,28814.75,28832.50,61137,3564,28831.50,29114.00,28831.50,29092.25,93383,3584,28922.00,29114.00,28913.25,29092.25,38821,1795,29092.50,29110.00,29068.50,29076.50,19419,1981,29358.50,29358.50,28814.75,29092.25,565887,23195
2026-05-19,NQM6,59083,29100.00,29188.50,28663.00,28899.25,705989,29100.00,29173.50,29090.25,29157.25,8725,1734,29100.00,29188.50,28802.75,28832.50,171151,33823,29019.75,29125.25,28836.00,28859.25,56856,11300,28871.00,28937.75,28802.75,28832.50,26620,3033,28833.00,29068.00,28663.00,28724.50,180982,3598,28833.00,29068.00,28663.00,28802.25,300082,8971,28805.25,29126.50,28791.50,29069.25,113173,7115,29069.00,29101.75,28941.75,28960.75,44364,3468,28960.00,29059.75,28867.00,28916.50,58070,3544,28968.50,29004.00,28867.00,28916.50,31208,1771,28917.00,28941.50,28887.50,28896.00,19072,2144,28833.00,29126.50,28663.00,28916.50,515689,23098
2026-05-20,NQM6,55947,28929.75,29397.50,28797.25,29278.50,594556,28929.75,28956.50,28863.25,28910.00,8977,1785,28929.75,29169.25,28797.25,29066.75,136047,30343,29037.25,29157.75,29014.25,29084.75,34713,8755,29148.75,29169.25,29056.50,29066.75,19077,2794,29065.50,29233.75,29008.50,29194.00,150584,3599,29065.50,29395.50,29008.50,29321.25,261423,8935,29321.75,29337.50,29210.00,29301.75,85390,6867,29301.00,29345.00,29275.25,29305.25,30230,3325,29304.50,29390.00,29297.75,29390.00,43787,3462,29339.00,29390.00,29326.75,29390.00,27686,1758,29390.00,29397.50,29247.25,29284.00,37574,2991,29065.50,29395.50,29008.50,29390.00,420830,22589
2026-05-21,NQM6,55002,29253.00,29554.00,29113.00,29455.50,603451,29253.00,29278.50,29113.00,29190.50,10454,1995,29253.00,29464.50,29113.00,29189.75,140204,30249,29297.25,29464.50,29192.25,29247.75,50895,10614,29237.00,29292.75,29180.00,29189.75,24811,3113,29190.50,29340.00,29127.00,29184.25,136083,3597,29190.50,29340.00,29127.00,29271.50,239289,8941,29271.50,29554.00,29207.75,29504.25,103115,6907,29504.25,29521.50,29293.25,29331.50,55383,3480,29331.75,29466.00,29327.00,29450.50,49508,3488,29422.50,29466.00,29399.00,29450.50,27820,1747,29449.75,29471.00,29433.75,29453.00,15894,1918,29190.50,29554.00,29127.00,29450.50,447295,22816
2026-05-22,NQM6,51025,29444.00,29749.00,29436.00,29520.75,482942,29444.00,29543.75,29444.00,29538.75,6795,1568,29444.00,29665.25,29436.00,29575.50,115544,26546,29562.25,29665.25,29436.00,29508.75,39104,9539,29545.75,29603.75,29544.00,29575.50,17955,2744,29576.25,29715.50,29490.25,29556.50,113969,3598,29576.25,29715.50,29490.25,29687.25,188711,8875,29687.00,29749.00,29632.50,29680.50,78141,6759,29681.00,29688.75,29624.00,29648.00,30278,3267,29649.00,29664.50,29532.00,29582.25,51007,3522,29554.25,29588.50,29532.00,29582.25,26623,1772,29582.00,29582.25,29502.25,29524.25,19196,2036,29576.25,29749.00,29490.25,29582.25,348137,22423
2026-05-25,NQM6,27248,29676.25,29995.00,29676.25,29962.50,125160,29676.25,29825.50,29676.25,29807.75,12512,2125,29676.25,29995.00,29676.25,29938.75,82737,20199,29970.25,29989.25,29889.50,29973.00,18887,4986,29966.75,29968.00,29936.75,29938.75,4623,1206,29938.25,29993.75,29938.25,29941.50,14495,2283,29938.25,29993.75,29910.00,29922.50,36224,5526,29922.50,29966.75,29913.00,29962.50,6199,1523,,,,,0,0,,,,,0,0,,,,,0,0,,,,,0,0,29938.25,29993.75,29910.00,29962.50,42423,7049
2026-05-26,NQM6,50917,29962.00,30118.75,29744.00,30044.25,532832,29962.00,29977.00,29881.25,29892.50,9512,1752,29962.00,29977.00,29744.00,29891.75,105717,25998,29824.00,29915.00,29744.00,29867.25,32530,8416,29896.00,29930.50,29888.50,29891.75,13689,2445,29891.50,30084.00,29826.75,30062.75,122677,3596,29891.50,30118.75,29826.75,29924.25,238112,8983,29923.75,30015.50,29921.75,29997.25,83315,6911,29997.25,30060.75,29982.00,30015.25,35815,3448,30015.75,30112.00,30005.75,30075.00,48784,3504,30053.50,30112.00,30051.50,30075.00,31353,1777,30074.75,30084.00,30031.50,30045.75,21030,2058,29891.50,30118.75,29826.75,30075.00,406026,22846
2026-05-27,NQM6,54369,30050.00,30379.00,29877.50,30125.25,625014,30050.00,30077.25,30028.50,30038.75,6105,1472,30050.00,30379.00,30028.50,30194.25,139251,29209,30070.75,30297.00,30070.75,30267.25,40746,9457,30350.00,30357.75,30188.25,30194.25,26135,3248,30194.25,30196.25,29888.25,29919.50,174496,3600,30194.25,30196.25,29877.50,29938.50,293025,8970,29939.50,30048.25,29894.75,29980.25,91169,6945,29981.00,30060.25,29963.00,30040.00,37573,3413,30040.00,30072.00,30009.50,30049.00,41527,3450,30024.25,30072.00,30020.75,30049.00,25210,1759,30048.00,30123.00,30031.00,30122.00,22326,2362,30194.25,30196.25,29877.50,30049.00,463294,22778
2026-05-28,NQM6,56862,30120.00,30344.50,29763.00,30313.00,546308,30120.00,30136.25,30026.50,30064.00,8925,1888,30120.00,30136.25,29763.00,30050.00,148075,32114,29910.25,29998.00,29863.50,29926.00,34076,8843,29955.25,30099.00,29951.25,30050.00,23201,3043,30049.00,30187.00,29920.25,30148.00,141365,3600,30049.00,30293.00,29920.25,30258.75,231734,8938,30258.50,30344.50,30238.50,30318.25,73117,6835,30318.50,30337.50,30280.50,30298.75,32708,3400,30298.75,30331.50,30274.25,30313.75,43498,3491,30306.50,30331.50,30283.25,30313.75,26526,1762,30314.00,30344.00,30292.00,30315.75,17130,2063,30049.00,30344.50,29920.25,30313.75,381057,22664
2026-05-29,NQM6,51394,30328.00,30536.00,30216.50,30389.50,564469,30328.00,30362.00,30287.25,30298.00,6992,1453,30328.00,30372.25,30216.50,30368.25,101067,26387,30348.50,30372.25,30265.75,30348.00,37792,9389,30325.75,30368.75,30297.00,30368.25,14289,2568,30368.75,30536.00,30346.00,30394.50,134715,3599,30368.75,30536.00,30270.00,30363.50,265913,8950,30362.75,30447.75,30296.00,30299.00,78398,6755,30298.50,30402.25,30291.00,30324.50,42192,3453,30324.50,30445.25,30315.25,30401.25,52639,3525,30381.25,30445.25,30380.50,30401.25,35908,1787,30400.75,30416.00,30376.50,30387.75,24181,2301,30368.75,30536.00,30270.00,30401.25,439142,22683
2026-06-01,NQM6,53995,30415.50,30693.00,30291.50,30522.50,557868,30415.50,30473.00,30361.25,30459.75,9965,2017,30415.50,30595.25,30291.50,30325.50,139884,28731,30579.00,30591.75,30443.75,30464.00,39389,9279,30453.50,30496.25,30291.50,30325.50,33273,2931,30326.25,30467.25,30292.00,30392.25,122836,3600,30326.25,30554.25,30292.00,30498.75,212523,8929,30499.00,30693.00,30450.00,30676.00,107095,6916,30675.75,30676.00,30614.00,30632.50,29725,3405,30631.75,30648.75,30555.75,30568.25,43993,3471,30624.00,30627.50,30555.75,30568.25,28242,1766,30568.50,30575.00,30506.75,30525.25,24493,2515,30326.25,30693.00,30292.00,30568.25,393336,22721
2026-06-02,NQM6,55143,30544.75,30763.25,30317.75,30743.00,512347,30544.75,30547.25,30431.00,30457.50,10215,1844,30544.75,30586.00,30317.75,30544.50,128110,30017,30511.50,30586.00,30502.50,30532.00,33969,8958,30552.50,30560.00,30481.25,30544.50,15882,2493,30544.75,30647.25,30423.75,30551.00,117450,3600,30544.75,30697.75,30423.75,30691.50,200382,8942,30692.00,30713.25,30608.75,30632.00,79713,6965,30632.00,30664.00,30598.50,30640.00,32636,3365,30639.50,30721.25,30636.75,30716.75,47187,3489,30666.75,30721.25,30662.00,30716.75,29112,1754,30716.25,30763.25,30697.75,30746.50,24243,2340,30544.75,30721.25,30423.75,30716.75,359918,22761
2026-06-03,NQM6,54209,30741.75,30807.75,30478.25,30495.00,621284,30741.75,30757.00,30698.00,30700.25,8108,1661,30741.75,30799.00,30561.25,30747.75,131255,27966,30696.25,30794.25,30687.00,30783.75,38393,9116,30757.75,30763.25,30700.00,30747.75,19323,3028,30746.00,30807.75,30496.00,30716.75,159067,3599,30746.00,30807.75,30496.00,30614.50,257668,8954,30614.50,30646.00,30505.75,30642.75,100632,7049,30642.75,30682.25,30608.00,30651.00,38114,3473,30651.25,30694.75,30611.25,30643.25,54225,3534,30628.25,30694.75,30627.00,30643.25,33308,1788,30643.00,30643.75,30478.25,30495.00,39240,3209,30746.00,30807.75,30496.00,30643.25,450639,23010
2026-06-04,NQM6,61277,30453.00,30603.25,30151.00,30399.50,668884,30453.00,30499.00,30368.50,30450.25,14681,2516,30453.00,30544.50,30164.25,30282.25,185533,35492,30526.50,30544.50,30164.25,30268.75,74591,12485,30245.25,30330.75,30244.75,30282.25,23762,3102,30281.50,30364.50,30151.00,30334.25,161834,3600,30281.50,30469.50,30151.00,30415.75,266107,8981,30415.25,30563.25,30393.00,30558.75,85233,7002,30559.00,30598.50,30550.00,30553.50,43417,3515,30554.00,30603.25,30487.25,30493.00,59146,3542,30586.00,30603.25,30487.25,30493.00,35789,1780,30492.50,30497.50,30397.50,30417.00,29171,2722,30281.50,30603.25,30151.00,30493.00,453903,23040
2026-06-05,NQM6,61236,30414.00,30422.00,28781.25,28829.25,1001874,30414.00,30422.00,30316.00,30363.75,7879,1728,30414.00,30422.00,30013.00,30041.75,181811,34489,30126.75,30259.00,30062.00,30148.25,46636,10141,30113.25,30151.75,30013.00,30041.75,35000,3356,30041.00,30100.50,29758.00,29804.00,181296,3600,30041.00,30100.50,29614.50,29658.00,323621,8997,29658.00,29665.00,29361.75,29469.50,197485,7186,29470.00,29477.00,29096.00,29193.25,111898,3596,29193.25,29211.00,28974.25,29050.25,123639,3600,29135.25,29194.75,29049.50,29050.25,65721,1800,29049.75,29052.75,28781.25,28837.25,63215,3343,30041.00,30100.50,28974.25,29050.25,756643,23379
2026-06-08,NQM6,66876,28844.50,29743.00,28822.25,29435.25,822988,28844.50,29023.00,28822.25,28913.75,28252,2939,28844.50,29604.25,28822.25,29528.00,272429,41192,29096.75,29437.75,29082.75,29377.75,76512,12495,29452.00,29604.25,29451.75,29528.00,35100,3270,29528.75,29584.00,29331.50,29513.50,150096,3600,29528.75,29743.00,29331.50,29601.25,284964,8994,29601.00,29692.25,29485.25,29556.25,121269,7131,29555.50,29617.75,29527.50,29544.00,43351,3510,29544.75,29548.00,29377.00,29458.75,74624,3568,29427.00,29495.00,29419.00,29458.75,39704,1792,29459.25,29470.00,29401.00,29434.00,26281,2461,29528.75,29743.00,29331.50,29458.75,524208,23203
2026-06-09,NQM6,57281,29435.00,29848.25,28227.75,29140.50,1057079,29435.00,29468.75,29321.25,29422.75,10816,2144,29435.00,29747.25,29303.50,29722.00,145950,31374,29614.75,29727.50,29566.00,29683.25,40231,9346,29672.75,29747.25,29667.50,29722.00,22533,2867,29722.50,29848.25,29365.00,29438.50,179808,3600,29722.50,29848.25,28681.50,28719.50,412939,8999,28718.25,28924.50,28227.75,28843.75,292520,7188,28843.50,29091.00,28784.75,29089.00,74929,3578,29089.00,29146.50,28839.00,29110.75,95009,3592,28964.50,29133.50,28850.50,29110.75,50440,1798,29110.25,29196.25,29082.25,29138.00,35693,2535,29722.50,29848.25,28227.75,29110.75,875397,23357
2026-06-10,NQM6,60398,29094.75,29250.00,28409.00,28472.00,745136,29094.75,29118.00,28982.00,29011.00,9716,1991,29094.75,29169.00,28610.00,28853.00,199551,34764,28964.00,29001.00,28610.00,28681.75,68590,11844,28746.75,28992.25,28738.75,28853.00,44155,3396,28853.25,29231.00,28772.50,29153.75,132978,3599,28853.25,29250.00,28627.00,28852.50,292066,8994,28852.25,28896.50,28616.00,28778.50,104039,7061,28775.75,28832.50,28574.00,28616.00,50034,3529,28614.50,28669.00,28493.00,28604.00,68104,3585,28534.00,28664.00,28524.75,28604.00,39558,1797,28604.75,28605.50,28409.00,28465.00,31238,2445,28853.25,29250.00,28493.00,28604.00,514243,23169
2026-06-11,NQM6,57927,28455.00,29544.25,28265.75,29433.25,689280,28455.00,28470.00,28328.25,28351.00,10786,2191,28455.00,28936.00,28265.75,28765.25,170846,32288,28793.75,28936.00,28764.00,28906.00,37715,8506,28757.25,28827.50,28637.50,28765.25,25647,3044,28764.25,29049.50,28650.75,28872.00,121424,3592,28764.25,29049.50,28577.50,28862.00,225990,8948,28863.00,29302.25,28678.50,29205.75,136128,7106,29206.00,29312.25,29068.50,29263.00,55911,3541,29263.25,29544.25,29229.50,29476.50,72172,3581,29432.50,29544.25,29404.00,29476.50,41411,1795,29476.25,29522.00,29408.00,29437.25,28183,2445,28764.25,29544.25,28577.50,29476.50,490201,23176
2026-06-12,NQM6,50324,29456.75,29760.00,29230.00,29677.75,414654,29456.75,29586.50,29443.00,29559.75,6697,1664,29456.75,29675.00,29260.00,29470.75,104055,26057,29355.75,29675.00,29260.00,29639.25,34280,8518,29541.25,29547.25,29354.00,29470.75,19374,2901,29473.00,29627.25,29230.00,29544.25,83586,3580,29473.00,29760.00,29230.00,29431.25,171034,8931,29430.00,29752.25,29409.00,29686.00,61076,6523,29686.00,29719.00,29608.50,29659.75,25194,3254,29659.75,29711.00,29580.50,29656.50,31929,3371,29670.50,29683.75,29580.50,29656.50,20469,1767,29656.00,29732.25,29646.00,29683.00,21292,2170,29473.00,29760.00,29230.00,29656.50,289233,22079
2026-06-15,NQU6,45905,30191.00,30915.00,30191.00,30832.00,337967,30191.00,30394.00,30191.00,30351.00,8022,1714,30191.00,30642.00,30191.00,30623.00,76518,21824,30550.75,30628.25,30509.50,30606.00,22696,7116,30566.25,30642.00,30538.50,30623.00,11739,2367,30623.50,30800.00,30604.75,30750.75,79624,3593,30623.50,30887.00,30604.75,30881.00,134964,8814,30881.75,30915.00,30833.00,30856.50,46748,6424,30856.25,30891.00,30824.00,30859.25,21759,3170,30859.25,30877.00,30815.00,30850.50,36739,3438,30840.25,30877.00,30815.00,30850.50,24243,1754,30850.50,30894.00,30826.25,30833.50,21158,2213,30623.50,30915.00,30604.75,30850.50,240210,21846
2026-06-16,NQU6,2729,30838.00,30868.00,30755.00,30835.25,11671,30838.00,30868.00,30755.00,30806.25,7576,1547,30838.00,30868.00,30755.00,30835.25,11671,2729,,,,,0,0,,,,,0,0,,,,,0,0,,,,,0,0,,,,,0,0,,,,,0,0,,,,,0,0,,,,,0,0,,,,,0,0,,,,,0,0
