{
  "analysis1": {
    "dte0_avg_iv": {
      "15m_change_5m": {
        "pearsonR": -0.4254746559358677,
        "pearsonP": 0,
        "spearmanRho": -0.3722411521242273,
        "spearmanP": 0,
        "tStat": 18.111203952264873,
        "tP": 0,
        "cohenD": 0.8365354826195746,
        "q1Mean": 14.267324093816631,
        "q5Mean": -13.411686232657416,
        "n": 4687
      },
      "15m_change_15m": {
        "pearsonR": -0.6802627412672031,
        "pearsonP": 0,
        "spearmanRho": -0.6115642823676556,
        "spearmanP": 0,
        "tStat": 29.758671394906447,
        "tP": 0,
        "cohenD": 1.3744036732804013,
        "q1Mean": 38.872867803837956,
        "q5Mean": -38.813233724653145,
        "n": 4687
      },
      "15m_change_30m": {
        "pearsonR": -0.4793237312947509,
        "pearsonP": 0,
        "spearmanRho": -0.4243819159534371,
        "spearmanP": 0,
        "tStat": 20.357453586660228,
        "tP": 0,
        "cohenD": 0.9401708271963923,
        "q1Mean": 39.67404051172708,
        "q5Mean": -35.89754535752401,
        "n": 4687
      },
      "15m_change_60m": {
        "pearsonR": -0.3738497155974535,
        "pearsonP": 0,
        "spearmanRho": -0.321602955488189,
        "spearmanP": 0,
        "tStat": 15.750593019976312,
        "tP": 0,
        "cohenD": 0.7274445414703711,
        "q1Mean": 42.35740938166311,
        "q5Mean": -38.03601921024546,
        "n": 4687
      },
      "30m_change_5m": {
        "pearsonR": -0.2656663373365103,
        "pearsonP": 0,
        "spearmanRho": -0.24423278627800105,
        "spearmanP": 0,
        "tStat": 12.153057287551745,
        "tP": 0,
        "cohenD": 0.5733662606556249,
        "q1Mean": 8.601223581757509,
        "q5Mean": -9.450723830734967,
        "n": 4492
      },
      "30m_change_15m": {
        "pearsonR": -0.46901994679010656,
        "pearsonP": 0,
        "spearmanRho": -0.4256439090983862,
        "spearmanP": 0,
        "tStat": 19.195277840267885,
        "tP": 0,
        "cohenD": 0.9055504978594233,
        "q1Mean": 24.958286985539488,
        "q5Mean": -27.67650334075724,
        "n": 4492
      },
      "30m_change_30m": {
        "pearsonR": -0.2764286254622946,
        "pearsonP": 0,
        "spearmanRho": -0.29235987456746326,
        "spearmanP": 0,
        "tStat": 14.316883272656728,
        "tP": 0,
        "cohenD": 0.675429538227732,
        "q1Mean": 24.46718576195773,
        "q5Mean": -27.178730512249444,
        "n": 4492
      },
      "30m_change_60m": {
        "pearsonR": -0.26097893817978024,
        "pearsonP": 0,
        "spearmanRho": -0.2161161667380358,
        "spearmanP": 0,
        "tStat": 10.458530326303034,
        "tP": 0,
        "cohenD": 0.49340789729519385,
        "q1Mean": 26.482758620689655,
        "q5Mean": -28.21380846325167,
        "n": 4492
      }
    },
    "dte1_avg_iv": {
      "15m_change_5m": {
        "pearsonR": -0.20571445389728973,
        "pearsonP": 0,
        "spearmanRho": -0.31300382634951013,
        "spearmanP": 0,
        "tStat": 12.655128619159434,
        "tP": 0,
        "cohenD": 0.6411349246332438,
        "q1Mean": 11.693910256410257,
        "q5Mean": -10.86086118251928,
        "n": 3899
      },
      "15m_change_15m": {
        "pearsonR": -0.2481785044397484,
        "pearsonP": 0,
        "spearmanRho": -0.5184902389854152,
        "spearmanP": 0,
        "tStat": 19.744306070129625,
        "tP": 0,
        "cohenD": 1.0002119639516343,
        "q1Mean": 33.24326923076923,
        "q5Mean": -29.1780205655527,
        "n": 3899
      },
      "15m_change_30m": {
        "pearsonR": -0.26608894859440435,
        "pearsonP": 0,
        "spearmanRho": -0.375356455878261,
        "spearmanP": 0,
        "tStat": 14.730506992031783,
        "tP": 0,
        "cohenD": 0.7460896646696286,
        "q1Mean": 37.01185897435897,
        "q5Mean": -27.629820051413883,
        "n": 3899
      },
      "15m_change_60m": {
        "pearsonR": -0.16282582581837493,
        "pearsonP": 0,
        "spearmanRho": -0.2806195758139485,
        "spearmanP": 0,
        "tStat": 10.799551864330278,
        "tP": 0,
        "cohenD": 0.547064389510711,
        "q1Mean": 39.41121794871795,
        "q5Mean": -24.998393316195372,
        "n": 3899
      },
      "30m_change_5m": {
        "pearsonR": -0.2547141301623649,
        "pearsonP": 0,
        "spearmanRho": -0.24013230450271955,
        "spearmanP": 0,
        "tStat": 10.260716734462736,
        "tP": 0,
        "cohenD": 0.5296585995841714,
        "q1Mean": 9.537949400798935,
        "q5Mean": -9.026,
        "n": 3752
      },
      "30m_change_15m": {
        "pearsonR": -0.3172128513317243,
        "pearsonP": 0,
        "spearmanRho": -0.40270671442905376,
        "spearmanP": 0,
        "tStat": 15.639059734282899,
        "tP": 0,
        "cohenD": 0.8073750581677516,
        "q1Mean": 25.222037283621837,
        "q5Mean": -23.880333333333333,
        "n": 3752
      },
      "30m_change_30m": {
        "pearsonR": -0.3272292521852517,
        "pearsonP": 0,
        "spearmanRho": -0.2728333417363121,
        "spearmanP": 0,
        "tStat": 11.687135264843764,
        "tP": 0,
        "cohenD": 0.6032413104583761,
        "q1Mean": 25.659121171770973,
        "q5Mean": -22.05,
        "n": 3752
      },
      "30m_change_60m": {
        "pearsonR": -0.19039577729120177,
        "pearsonP": 0,
        "spearmanRho": -0.20296766003848773,
        "spearmanP": 0,
        "tStat": 7.962905153999619,
        "tP": 1.7763568394002505e-15,
        "cohenD": 0.41102197174857125,
        "q1Mean": 28.824234354194406,
        "q5Mean": -18.271,
        "n": 3752
      }
    },
    "dte0_skew": {
      "15m_change_5m": {
        "pearsonR": 0.023062436120916126,
        "pearsonP": 0.11438025576539856,
        "spearmanRho": 0.06867792373396328,
        "spearmanP": 0.0000024628010053540095,
        "tStat": -3.1624060239979546,
        "tP": 0.0015648440996676172,
        "cohenD": -0.14606958702151235,
        "q1Mean": -1.1745735607675907,
        "q5Mean": 3.7219850586979724,
        "n": 4686
      },
      "15m_change_15m": {
        "pearsonR": 0.13607593544715715,
        "pearsonP": 0,
        "spearmanRho": 0.12300325551637835,
        "spearmanP": 0,
        "tStat": -5.376869310411394,
        "tP": 7.596095685791227e-8,
        "cohenD": -0.24838122657699566,
        "q1Mean": -6.200159914712153,
        "q5Mean": 9.122465314834578,
        "n": 4686
      },
      "15m_change_30m": {
        "pearsonR": 0.15069686448875427,
        "pearsonP": 0,
        "spearmanRho": 0.08737833063506714,
        "spearmanP": 1.942656702169643e-9,
        "tStat": -3.7561684115310374,
        "tP": 0.0001725884891419227,
        "cohenD": -0.17351551424172393,
        "q1Mean": -3.9229744136460556,
        "q5Mean": 10.647278548559232,
        "n": 4686
      },
      "15m_change_60m": {
        "pearsonR": 0.09167510380932778,
        "pearsonP": 2.9749358532171755e-10,
        "spearmanRho": 0.07558636373296682,
        "spearmanP": 2.130189118432213e-7,
        "tStat": -3.0464804637866765,
        "tP": 0.002315513427472382,
        "cohenD": -0.14072024203504224,
        "q1Mean": -3.2507995735607675,
        "q5Mean": 12.81830309498399,
        "n": 4686
      },
      "30m_change_5m": {
        "pearsonR": 0.0459329153030845,
        "pearsonP": 0.002064887992416775,
        "spearmanRho": 0.04949548585923362,
        "spearmanP": 0.0008994279685003992,
        "tStat": -2.733218253648117,
        "tP": 0.006271982816585808,
        "cohenD": -0.12893271744464788,
        "q1Mean": -1.5722222222222222,
        "q5Mean": 2.5798997772828507,
        "n": 4491
      },
      "30m_change_15m": {
        "pearsonR": 0.20755284438235141,
        "pearsonP": 0,
        "spearmanRho": 0.09521071090519774,
        "spearmanP": 1.479061317866126e-10,
        "tStat": -4.497488823765192,
        "tP": 0.000006882392899587586,